{"type":"FeatureCollection","features":[{"type":"Feature","geometry":{"type":"Polygon","coordinates":[[[-109.586741803655,23.6097541781835],[-109.586790809481,23.6097865763894],[-109.58690618458,23.6098354112493],[-109.58703922546,23.60991875774601],[-109.58712272297,23.6097358983],[-109.587293130598,23.60983285459781],[-109.587329135534,23.6097922138006],[-109.587630350132,23.6099491501726],[-109.587690723568,23.6099617181351],[-109.587687489799,23.6100934208006],[-109.587806504588,23.6101642632359],[-109.588000327235,23.6102844726321],[-109.588210613514,23.6104136562378],[-109.588290188852,23.6103141926475],[-109.588636537694,23.6105102059644],[-109.588565122928,23.6106114711583],[-109.588816221657,23.6107071328011],[-109.589057525502,23.610824169859],[-109.589262971698,23.6109439113055],[-109.589457438321,23.6110650300546],[-109.589639266021,23.6112123071377],[-109.589813161149,23.6113552106977],[-109.589976104188,23.6114646511219],[-109.59019020935,23.6116138730772],[-109.590398670953,23.6117516334703],[-109.590603299544,23.6118881424904],[-109.590790085941,23.6119988744145],[-109.590984627491,23.6121283808284],[-109.591177975053,23.6122514591823],[-109.591377410511,23.6123877110839],[-109.591578951667,23.6125301267148],[-109.591790028774,23.6126952374848],[-109.591902965209,23.612783579964],[-109.592132158576,23.6129190421699],[-109.592318139814,23.6130394700682],[-109.592484558328,23.6131270163345],[-109.592649264846,23.6132152933868],[-109.592803954593,23.6132912754667],[-109.592987316203,23.6133585333987],[-109.593191524304,23.6134668852041],[-109.59331239157,23.6134906331472],[-109.593486557596,23.6135654491462],[-109.59369119887,23.6136494642396],[-109.593790227901,23.6136994864277],[-109.593875437381,23.6137425279151],[-109.594074773032,23.6137925740245],[-109.594171913366,23.6138657884905],[-109.594387917258,23.6139737962931],[-109.594582310058,23.6140833382818],[-109.594734206224,23.6141290757556],[-109.595032130893,23.6141989302926],[-109.59517116553,23.6142576643885],[-109.595313744918,23.6142869683582],[-109.595533049925,23.6143579368017],[-109.595645891555,23.6144090911409],[-109.59574267514,23.614431265739],[-109.596008844388,23.6145170495791],[-109.596061651454,23.6145758458332],[-109.59630409764,23.6146370786448],[-109.596387451799,23.6147197348422],[-109.596610024972,23.6148082812298],[-109.596646739703,23.6148794151138],[-109.596695370802,23.6149000827745],[-109.596849048315,23.6149555068348],[-109.596997383983,23.6150690426158],[-109.597114962077,23.615099676339],[-109.597237018416,23.6151741028321],[-109.597356618511,23.6152051596394],[-109.597415391371,23.6152728057447],[-109.597460390156,23.6152870590693],[-109.597670418847,23.6153311941943],[-109.597706663947,23.6154045479406],[-109.597767147128,23.6154362590672],[-109.597872857023,23.6154690890995],[-109.598009978328,23.6155543343953],[-109.598163498474,23.6156292548555],[-109.59833251868,23.6157246836425],[-109.598511554821,23.6158167883387],[-109.598710565212,23.6159261070657],[-109.59889261357,23.6160200657965],[-109.599052118565,23.616129899045],[-109.599196115803,23.6162221704082],[-109.599378045088,23.6163419780913],[-109.599479852936,23.6164035360912],[-109.599988492247,23.6157250853804],[-109.602156578791,23.6128264924036],[-109.603375759555,23.6111964528491],[-109.60353284947,23.6102061460371],[-109.604590257365,23.6087829556663],[-109.602639016034,23.6077555659801],[-109.601230361497,23.60699067555341],[-109.600570826481,23.6066325449544],[-109.599183184954,23.6059068587801],[-109.599125580534,23.605878123799],[-109.599040662346,23.6058357637509],[-109.598111865482,23.60535086345561],[-109.597980106265,23.6055210348859],[-109.597762318435,23.6054132256645],[-109.597897853256,23.6052391420208],[-109.595302307109,23.6038840403467],[-109.594919794424,23.6042678986149],[-109.59480930518,23.6043928828971],[-109.594476981066,23.6047688024831],[-109.594322246492,23.6049438346748],[-109.594165794327,23.60511612403],[-109.594097994759,23.6051877068731],[-109.593907530276,23.6053203166487],[-109.593712059217,23.6054564116879],[-109.59351658776,23.6055925064593],[-109.593321115905,23.605728600963],[-109.593125643649,23.6058646951942],[-109.593081801662,23.6058902156743],[-109.593073559595,23.6058952500976],[-109.592939002719,23.6059733386456],[-109.592848368796,23.6060260963399],[-109.59277007204,23.6060501157082],[-109.592531970102,23.6061005683351],[-109.592280788117,23.6061537919506],[-109.592059808402,23.6062006154032],[-109.591894050938,23.6062284820751],[-109.591795716927,23.60623052598441],[-109.591697642131,23.6062236405115],[-109.591453261242,23.6062075758005],[-109.591208879942,23.6061915106753],[-109.590964498723,23.606175445168],[-109.5908365957,23.6061436372488],[-109.590709943876,23.60610782949],[-109.590475867377,23.6060369319165],[-109.590241677562,23.6059668297677],[-109.590007488014,23.6058967272768],[-109.589773298732,23.6058266244439],[-109.589539109718,23.6057565212688],[-109.589438837252,23.6057265051364],[-109.58905605678,23.6056801063022],[-109.588968613525,23.6056695067092],[-109.588718202815,23.6056391524398],[-109.588481244499,23.6056423761946],[-109.588236280812,23.60564571794441],[-109.587991317133,23.6056490593068],[-109.587746353389,23.6056523956292],[-109.587501389655,23.6056557315644],[-109.587256425869,23.6056590671132],[-109.587007134638,23.6056624705391],[-109.586915472647,23.6056637218453],[-109.586698451022,23.6056666752488],[-109.58664026622,23.605667468571],[-109.586629348456,23.6057220729305],[-109.586607994967,23.6057739926333],[-109.586576896224,23.6058215488168],[-109.586552135941,23.6058555283062],[-109.586535744021,23.6058935683107],[-109.586528463693,23.6059339440716],[-109.586530625058,23.605974824924],[-109.586540980811,23.6060111222929],[-109.586558870927,23.6060448384994],[-109.586583598549,23.6060746602143],[-109.586614181736,23.6061077751903],[-109.586652027421,23.6061337481329],[-109.586695218218,23.6061512631649],[-109.58680549644,23.6061754561468],[-109.586857170123,23.6061953179316],[-109.58690510659,23.6062219751569],[-109.586957017095,23.6062628435873],[-109.587000132716,23.6063116279961],[-109.587033055504,23.606366746646],[-109.587074748203,23.6064790608799],[-109.587086818948,23.6065972423231],[-109.587091002207,23.6066343167313],[-109.587103220318,23.60666984990741],[-109.587122970303,23.6067023790504],[-109.587149439116,23.606730565026],[-109.587180118192,23.606752433572],[-109.586986380009,23.6070365893456],[-109.586613480281,23.6074975813936],[-109.587012389156,23.6077715867453],[-109.587044806781,23.6079606960637],[-109.587048082962,23.6079798077527],[-109.586542956352,23.6085849728293],[-109.586539072434,23.6085822200068],[-109.586467199662,23.6086683263004],[-109.586449661489,23.60868933767],[-109.586049273818,23.608492167488],[-109.585665228963,23.6091423726919],[-109.585688826296,23.6091549004833],[-109.585739796238,23.6091819610782],[-109.585888524461,23.6092783677806],[-109.586115729332,23.6093953369417],[-109.586354686983,23.6095302146062],[-109.586490848544,23.6095908073325],[-109.586741803655,23.6097541781835]]]},"properties":{"visibility":true,"Name":"MIA-R-DTCP-2025","timestamp":"null","begin":"null","end":"null","altitudeMode":"null","tessellate":1,"extrude":0,"drawOrder":"null","icon":"null"}},{"type":"Feature","geometry":{"type":"Polygon","coordinates":[[[-109.590452589582,23.610541461621],[-109.589748313246,23.6105350642414],[-109.589754961361,23.6099137597842],[-109.590459234379,23.6099201569755],[-109.590452589582,23.610541461621]]]},"properties":{"visibility":true,"Name":"MIA-R-DTCP-2025","timestamp":"null","begin":"null","end":"null","altitudeMode":"null","tessellate":1,"extrude":0,"drawOrder":"null","icon":"null"}},{"type":"Feature","geometry":{"type":"Polygon","coordinates":[[[-109.5948886115,23.6131392050287],[-109.594679376737,23.61330797744621],[-109.594131768827,23.6131793312],[-109.593841853767,23.61372556398131],[-109.593875437126,23.6137425276833],[-109.594074773116,23.613792573841],[-109.594171913366,23.6138657884905],[-109.594387917548,23.6139737963886],[-109.594582310165,23.6140833386492],[-109.594734206342,23.6141290756116],[-109.594756145345,23.6141342195746],[-109.595032130893,23.6141989302926],[-109.59517116553,23.6142576643885],[-109.595313744918,23.6142869683583],[-109.595533049925,23.6143579368016],[-109.595645891555,23.6144090911409],[-109.59574267514,23.614431265739],[-109.596008844388,23.6145170495791],[-109.596061651454,23.6145758458333],[-109.59630409764,23.6146370786449],[-109.596387451799,23.6147197348422],[-109.596610025125,23.6148082816688],[-109.596646739703,23.6148794151138],[-109.596695370802,23.6149000827745],[-109.596849048315,23.6149555068348],[-109.596997383983,23.6150690426158],[-109.597114962077,23.615099676339],[-109.597237018416,23.6151741028321],[-109.597356618511,23.6152051596394],[-109.597415391371,23.6152728057447],[-109.597460390156,23.6152870590693],[-109.597670418847,23.6153311941944],[-109.597706663947,23.6154045479406],[-109.597767147128,23.6154362590672],[-109.597872857023,23.6154690890995],[-109.598009978328,23.6155543343953],[-109.598163498474,23.6156292548555],[-109.59833251868,23.6157246836425],[-109.598511554821,23.6158167883387],[-109.598710565212,23.6159261070657],[-109.59889261357,23.6160200657966],[-109.599052118565,23.616129899045],[-109.599196115803,23.6162221704082],[-109.599378045088,23.6163419780913],[-109.599479852936,23.6164035360912],[-109.599988492247,23.6157250853804],[-109.603375759555,23.6111964528491],[-109.60353284947,23.6102061460371],[-109.604590257365,23.6087829556663],[-109.602639016034,23.6077555659801],[-109.600570826481,23.6066325449544],[-109.599183184954,23.6059068587801],[-109.599125580534,23.605878123799],[-109.599011417169,23.6060636348358],[-109.599166979898,23.6061332044587],[-109.599318622374,23.6062097722961],[-109.599465974139,23.6062931513005],[-109.59960382544,23.6063901945148],[-109.59972390213,23.6065055655744],[-109.5998233651,23.6066365366823],[-109.599899862603,23.6067800111891],[-109.599951585865,23.6069325968065],[-109.599977311857,23.6070906858118],[-109.599976432218,23.6072505403476],[-109.599967045536,23.6073558818194],[-109.59995527542,23.6074610198529],[-109.599932850205,23.6076202216096],[-109.59990496089,23.6077786884742],[-109.599877254281,23.6079114615573],[-109.599845711515,23.6080435058273],[-109.599810355058,23.6081747271856],[-109.599771074796,23.6083054601284],[-109.599728009172,23.6084351768141],[-109.59968118907,23.6085637841916],[-109.599630648063,23.608691190005],[-109.59958969415,23.6088582814673],[-109.599569121301,23.6090285293968],[-109.599569183874,23.6091998295496],[-109.59950983394,23.6092051143972],[-109.599341737239,23.60920359763911],[-109.599311690555,23.6091994322884],[-109.59904435884,23.6093915609895],[-109.59891642547,23.6098537763882],[-109.598841120374,23.6099326034347],[-109.598633412664,23.6100992576445],[-109.598374453955,23.6102698594734],[-109.598326251702,23.6103016149865],[-109.59813835218,23.610406355839],[-109.597743145185,23.6106148260519],[-109.597155562355,23.6109479188697],[-109.595814777392,23.6119350133116],[-109.595346300452,23.6124380737145],[-109.5948886115,23.6131392050287]]]},"properties":{"visibility":true,"Name":"MIA-R-DTCP-2025","timestamp":"null","begin":"null","end":"null","altitudeMode":"null","tessellate":1,"extrude":0,"drawOrder":"null","icon":"null"},"id":"2"},{"type":"Feature","geometry":{"type":"Polygon","coordinates":[[[-109.599302633443,23.607751157709],[-109.599305137927,23.6078339302427],[-109.599309342244,23.6079005617043],[-109.599277887946,23.607957128065],[-109.599242459672,23.6080207974563],[-109.599203658841,23.6080905525807],[-109.599186024632,23.6081566847789],[-109.599163992603,23.6082270412483],[-109.59915919046,23.6082848628621],[-109.599153671668,23.6083965484673],[-109.599148161658,23.6085015128588],[-109.599133756153,23.6085844441185],[-109.599054443779,23.6087482466022],[-109.599062238189,23.6088355830215],[-109.599086968631,23.6089343828529],[-109.599189353476,23.6091566083455],[-109.599217392937,23.6091829573399],[-109.599246134514,23.6091903442795],[-109.599341737239,23.60920359763911],[-109.59950983394,23.6092051143972],[-109.599569183874,23.6091998295496],[-109.599569121301,23.6090285293968],[-109.59958969415,23.6088582814673],[-109.599630648063,23.608691190005],[-109.59968118907,23.6085637841916],[-109.599728009172,23.6084351768141],[-109.599771074796,23.6083054601284],[-109.599810355058,23.6081747271856],[-109.599845711515,23.6080435058273],[-109.599877254281,23.6079114615573],[-109.59990496089,23.6077786884742],[-109.599932850205,23.6076202216096],[-109.59995527542,23.6074610198529],[-109.599967045536,23.6073558818194],[-109.599976432218,23.6072505403476],[-109.599977311857,23.6070906858118],[-109.599951585865,23.6069325968065],[-109.599899862603,23.6067800111891],[-109.5998233651,23.6066365366824],[-109.59972390213,23.6065055655744],[-109.59960382544,23.6063901945148],[-109.599465974139,23.6062931513005],[-109.599318579752,23.606209874335],[-109.599167145239,23.6061329989924],[-109.599011997783,23.60606269136141],[-109.599006563874,23.6060715212373],[-109.598887223795,23.6060239560432],[-109.598828828219,23.606195658284],[-109.598817506458,23.6063752926958],[-109.598853938704,23.6065520701328],[-109.598894859036,23.6067336054827],[-109.598914000424,23.6067789440896],[-109.598957910484,23.6068829935533],[-109.598974085184,23.6069324471028],[-109.598995851641,23.6069724933979],[-109.599019261948,23.6070276120651],[-109.59904108588,23.6071158817646],[-109.59904916218,23.6071893013981],[-109.599052709613,23.6072337717384],[-109.599074833907,23.6072720119525],[-109.599126575752,23.6073168654076],[-109.599198645572,23.6073528420787],[-109.59926017625,23.6074153758133],[-109.599295183638,23.6074821754202],[-109.599304523443,23.6075732996056],[-109.599303545792,23.6076653015306],[-109.599302633443,23.607751157709]]]},"properties":{"visibility":true,"Name":"MIA-R-DTCP-2025","timestamp":"null","begin":"null","end":"null","altitudeMode":"null","tessellate":1,"extrude":0,"drawOrder":"null","icon":"null"}},{"type":"Feature","geometry":{"type":"Polygon","coordinates":[[[-109.58977369997,23.607167018487],[-109.589760371875,23.6071454114722],[-109.589609758684,23.607240122794],[-109.589384039015,23.6073752051442],[-109.589333613484,23.6074548815448],[-109.589147750606,23.6073975626912],[-109.589160191016,23.6073633083222],[-109.588967220547,23.6073037972557],[-109.588555314539,23.6069982986321],[-109.588538361832,23.607017603257],[-109.588515508208,23.6070005611799],[-109.588532460917,23.6069812565575],[-109.588450644271,23.6069202453625],[-109.588048483042,23.6065466840504],[-109.588125010328,23.6064767246764],[-109.588334734761,23.6063772607535],[-109.588427112244,23.6062167309584],[-109.588631506887,23.606218589413],[-109.588853281205,23.6063319593138],[-109.588954795151,23.6064510444816],[-109.588997613859,23.6064676772098],[-109.589208830006,23.6065775427501],[-109.589271048059,23.6066186837303],[-109.589413600714,23.6066940225146],[-109.589458759487,23.6066868088457],[-109.589539305619,23.6067293771805],[-109.589669155994,23.6067980024842],[-109.589807435727,23.6068418471878],[-109.589869330112,23.6069056288627],[-109.589969111591,23.6070084527137],[-109.589996684201,23.6070845825726],[-109.589883614936,23.6071221779047],[-109.58977369997,23.607167018487]]]},"properties":{"visibility":true,"Name":"MIA-R-DTCP-2025","timestamp":"null","begin":"null","end":"null","altitudeMode":"null","tessellate":1,"extrude":0,"drawOrder":"null","icon":"null"}},{"type":"Feature","geometry":{"type":"Polygon","coordinates":[[[-109.592075231683,23.6122241978538],[-109.59207523139,23.6122241972707],[-109.592206841476,23.6111044494952],[-109.592215264188,23.6107509103216],[-109.592220207841,23.6106509557875],[-109.592226216992,23.6106093750203],[-109.592242995877,23.6105703805345],[-109.592269541589,23.6105363030848],[-109.592304267448,23.6105091795265],[-109.592345097841,23.6104906310705],[-109.592389592281,23.6104817663821],[-109.592489007694,23.610462643867],[-109.592581039638,23.6104230720254],[-109.592660807266,23.6103651495218],[-109.592761412031,23.6102798145469],[-109.592761500794,23.6102797392561],[-109.592886464006,23.6101802287144],[-109.593000567351,23.6102914692337],[-109.593124873254,23.610393002948],[-109.593258412908,23.6104840385097],[-109.593400145529,23.6105638663913],[-109.593548966475,23.6106318644157],[-109.593766618617,23.6107205082068],[-109.593777466876,23.6107236007802],[-109.593788796354,23.6107243093007],[-109.593799998591,23.6107225957163],[-109.59381047196,23.6107185520568],[-109.59381965398,23.6107123954905],[-109.593827051521,23.6107044566615],[-109.593896429939,23.610619748903],[-109.593975170947,23.6105423030174],[-109.594046850676,23.6104662484338],[-109.594102436137,23.6103795103958],[-109.594140097283,23.6102849446405],[-109.594146922892,23.6102456944252],[-109.594144964416,23.6102059844516],[-109.594134303329,23.6101674665448],[-109.594115383112,23.6101317429416],[-109.594089583382,23.6101008768816],[-109.59405763774,23.6100753550778],[-109.593937169811,23.6100044691571],[-109.593810117805,23.6099441284984],[-109.593677565744,23.6098948479296],[-109.593571548688,23.6098513784263],[-109.593499511607,23.6098098209974],[-109.593462453789,23.609774647873],[-109.593434702066,23.6097328235378],[-109.593417616462,23.6096863976809],[-109.593412034278,23.6096376454963],[-109.593418229069,23.6095889561817],[-109.593428261125,23.6095114610348],[-109.593419884914,23.6094337990734],[-109.59340083185,23.6093406686634],[-109.593386165558,23.6092468663418],[-109.593372026996,23.6090981028907],[-109.593368455454,23.6089488062929],[-109.593540203274,23.6089450169752],[-109.593710764299,23.6089260612571],[-109.593878564929,23.6088921140216],[-109.594042057033,23.6088434884636],[-109.594199732238,23.6087806332005],[-109.594350135838,23.6087041281322],[-109.594491880224,23.6086146790914],[-109.594626926158,23.6085101444902],[-109.594730456494,23.6084128855443],[-109.59482477899,23.6083079748411],[-109.594909230274,23.6081961502428],[-109.594983216405,23.608078198237],[-109.595022692247,23.6080031683637],[-109.595131799489,23.608145629839],[-109.595225977294,23.6082968660469],[-109.595304400846,23.6084555525357],[-109.595366383287,23.6086202996025],[-109.595412112237,23.60879312071461],[-109.595439748231,23.6089691726218],[-109.59544903931,23.6091468506964],[-109.595439900713,23.6093245354825],[-109.595412415662,23.6095006074565],[-109.5953668346,23.6096734617889],[-109.595303572914,23.6098415229717],[-109.595244027861,23.6099735932418],[-109.59518102411,23.6101042938659],[-109.595114598719,23.61023354794751],[-109.595044790759,23.6103612794407],[-109.594975010464,23.6104817620682],[-109.594902220582,23.6106007231285],[-109.594826460154,23.6107180987995],[-109.594747769819,23.6108338261095],[-109.59464620181,23.6109620532609],[-109.594528907187,23.6110783271392],[-109.59461720238,23.6111443152295],[-109.594616427734,23.6111943061342],[-109.594665533367,23.6112925606682],[-109.594665515681,23.6112946166307],[-109.594664822552,23.6113033088927],[-109.594664588085,23.6113119024547],[-109.594665053929,23.6113203563969],[-109.594666461732,23.6113286297974],[-109.594668915474,23.6113371608938],[-109.594672087525,23.6113455818187],[-109.594675872065,23.6113538931427],[-109.594680163273,23.6113620954365],[-109.594684855329,23.6113701892729],[-109.594689842413,23.6113781752225],[-109.594695018706,23.6113860538579],[-109.594700278387,23.61139382575],[-109.594705515636,23.6114014914712],[-109.594711009164,23.61140814662941],[-109.594717696282,23.6114143700756],[-109.594725058547,23.6114203332258],[-109.594732577517,23.6114262074966],[-109.59473973475,23.6114321643033],[-109.594746011805,23.6114383750625],[-109.59475089024,23.6114450111916],[-109.594753851611,23.6114522441055],[-109.594754377478,23.6114602452216],[-109.594753669474,23.6114640602783],[-109.594752405284,23.611468010792],[-109.594750725858,23.6114720707447],[-109.594748772146,23.6114762141167],[-109.594746685098,23.61148041489],[-109.594744605663,23.611484647046],[-109.594742674792,23.6114888845667],[-109.594741033434,23.6114931014323],[-109.59473982254,23.6114972716261],[-109.594738771661,23.6115062403158],[-109.594739382031,23.6115152975317],[-109.594741167689,23.6115244114544],[-109.594743642666,23.6115335502677],[-109.594746320999,23.6115426821523],[-109.594748716722,23.6115517752914],[-109.594750343871,23.6115607978655],[-109.594750716477,23.6115697180569],[-109.594749348577,23.6115785040479],[-109.594747762263,23.6115835871027],[-109.594745828182,23.61158868076],[-109.594743589857,23.6115937677497],[-109.594741090808,23.6115988308012],[-109.594738374557,23.611603852646],[-109.594735484627,23.6116088160128],[-109.594732464537,23.611613703633],[-109.594729357811,23.6116184982373],[-109.59472620797,23.6116231825543],[-109.594722787269,23.6116277687447],[-109.594719006297,23.6116321786376],[-109.594714978203,23.6116364613986],[-109.594710816132,23.61164066619021],[-109.594706633233,23.6116448421787],[-109.594702542652,23.6116490385259],[-109.594698657539,23.6116533043973],[-109.59469509104,23.6116576889573],[-109.594691956303,23.6116622413697],[-109.594686761503,23.6116716979469],[-109.594682527295,23.6116815974418],[-109.594679175639,23.6116918545077],[-109.594676628494,23.6117023837969],[-109.594674807818,23.6117130999629],[-109.594673635572,23.6117239176569],[-109.594673033712,23.611734751534],[-109.594672924199,23.6117455162457],[-109.59467322899,23.6117561264442],[-109.594673703025,23.6117632488571],[-109.594674461479,23.6117704327348],[-109.594675491798,23.6117776510226],[-109.594676781423,23.6117848766678],[-109.594678317797,23.6117920826147],[-109.594680088364,23.6117992418105],[-109.594682080565,23.61180632719971],[-109.594684281846,23.6118133117296],[-109.594686679647,23.6118201683453],[-109.594690359812,23.6118278424006],[-109.594695336791,23.6118353063784],[-109.594701108607,23.6118426165546],[-109.594707173286,23.6118498292064],[-109.594713028853,23.6118570006089],[-109.594718173332,23.6118641870392],[-109.594722104744,23.6118714447745],[-109.594724321119,23.6118788300894],[-109.594724320476,23.6118863992618],[-109.594722999619,23.6118916066987],[-109.594720844367,23.6118969137701],[-109.594717999555,23.6119022866672],[-109.594714610019,23.6119076915839],[-109.594710820594,23.6119130947121],[-109.594706776118,23.611918462243],[-109.594702621427,23.6119237603705],[-109.594698501355,23.6119289552858],[-109.594694560741,23.611934013182],[-109.594691342766,23.6119382674668],[-109.594688114121,23.6119425596063],[-109.594684840528,23.6119468457287],[-109.594681487704,23.6119510819587],[-109.59467802137,23.6119552244227],[-109.594674407246,23.6119592292471],[-109.594670611052,23.6119630525574],[-109.594666598506,23.6119666504809],[-109.594662335331,23.6119699791432],[-109.59465949788,23.6119718727361],[-109.594656511311,23.6119736083608],[-109.594653414627,23.6119752295504],[-109.594650246822,23.6119767798394],[-109.594647046899,23.6119783027619],[-109.594643853856,23.6119798418506],[-109.594640706692,23.6119814406396],[-109.594637644407,23.6119831426634],[-109.594634705999,23.61198499145531],[-109.594632150135,23.6119866329094],[-109.59462933721,23.6119883331071],[-109.59462641159,23.6119900832836],[-109.594623517644,23.6119918746747],[-109.594620799739,23.6119936985184],[-109.594618402243,23.6119955460497],[-109.594616469523,23.6119974085065],[-109.594614575883,23.6120011431376],[-109.594616056537,23.6120050493409],[-109.594617880823,23.6120070340145],[-109.594620203672,23.612009034698],[-109.594622857025,23.6120110476117],[-109.594625672825,23.6120130689773],[-109.594628483014,23.6120150950161],[-109.594631119536,23.6120171219486],[-109.59463341433,23.6120191459963],[-109.594639513319,23.6120248379934],[-109.594645883875,23.6120304117117],[-109.594652367297,23.6120359453757],[-109.594658804886,23.6120415172116],[-109.594665037944,23.6120472054448],[-109.59467090777,23.6120530883015],[-109.594676255664,23.6120592440064],[-109.594680922927,23.6120657507866],[-109.594684750859,23.6120726868667],[-109.594686872218,23.6120775150765],[-109.594688809789,23.6120825365809],[-109.594690542637,23.6120877137167],[-109.594692049826,23.6120930088198],[-109.59469331042,23.6120983842261],[-109.594694303484,23.6121038022714],[-109.594695008081,23.6121092252925],[-109.594695403275,23.6121146156253],[-109.594695468133,23.6121199356058],[-109.594695256743,23.6121243692576],[-109.594694812366,23.6121288515326],[-109.594694150954,23.6121333598536],[-109.594693288464,23.6121378716424],[-109.594692240849,23.6121423643218],[-109.594691024063,23.6121468153144],[-109.594689654062,23.6121512020432],[-109.594688146801,23.6121555019289],[-109.594686518231,23.6121596923953],[-109.594683728865,23.6121654152046],[-109.59468028177,23.6121708532344],[-109.594676349818,23.612176083445],[-109.594672105883,23.612181182798],[-109.594667722837,23.6121862282539],[-109.594663373551,23.6121912967732],[-109.5946592309,23.6121964653164],[-109.594655467754,23.612201810845],[-109.594652256989,23.6122074103196],[-109.594650476094,23.6122112676359],[-109.594648898564,23.6122152193521],[-109.594647467846,23.61221924011391],[-109.594646127388,23.6122233045671],[-109.594644820637,23.6122273873593],[-109.594643491044,23.6122314631344],[-109.594642082054,23.6122355065391],[-109.594640537116,23.6122394922192],[-109.594638799678,23.6122433948214],[-109.594636808653,23.6122471750572],[-109.594634573195,23.6122508742952],[-109.594632176309,23.61225451704721],[-109.594629701002,23.6122581278258],[-109.594627230278,23.612261731144],[-109.594624847142,23.6122653515127],[-109.594622634602,23.6122690134454],[-109.594620675658,23.6122727414542],[-109.59461905332,23.6122765600509],[-109.594617454594,23.6122820049958],[-109.594616500362,23.6122875994967],[-109.594616031734,23.6122933085752],[-109.594615889818,23.6122990972545],[-109.594615915725,23.6123049305578],[-109.594615950565,23.6123107735067],[-109.594615835447,23.6123165911233],[-109.594615411481,23.612322348431],[-109.594614519777,23.6123280104522],[-109.594613485109,23.6123331634742],[-109.594612473395,23.6123384064413],[-109.594611411287,23.6123436839277],[-109.594610225432,23.6123489405106],[-109.594608842477,23.6123541207659],[-109.594607189074,23.6123591692672],[-109.59460519187,23.6123640305923],[-109.594602777514,23.6123686493166],[-109.594599872654,23.612372970015],[-109.594597256035,23.6123759769304],[-109.594594260297,23.6123787645593],[-109.594590977034,23.6123813892077],[-109.594587497839,23.61238390718451],[-109.594583914307,23.6123863747976],[-109.594580318027,23.6123888483523],[-109.594576800596,23.61239138415811],[-109.594573453607,23.6123940385223],[-109.594570368652,23.6123968677509],[-109.594566631638,23.6124008188813],[-109.594563090844,23.61240493227],[-109.594559716361,23.612409180633],[-109.59455647828,23.6124135366871],[-109.594553346696,23.6124179731475],[-109.594550291698,23.6124224627302],[-109.594547283382,23.612426978152],[-109.594544291836,23.612431492129],[-109.594541287156,23.6124359773771],[-109.594537152915,23.6124422383104],[-109.594533155678,23.6124485760502],[-109.594529272274,23.6124549772855],[-109.594525479533,23.6124614287045],[-109.594521754283,23.6124679169981],[-109.594518073354,23.61247442885451],[-109.594514413574,23.6124809509644],[-109.594510751771,23.61248747001621],[-109.594507064776,23.6124939726997],[-109.594503356038,23.6125005899507],[-109.594499735726,23.6125072516351],[-109.594496170528,23.6125139408199],[-109.59449262713,23.612520640574],[-109.594489072223,23.6125273339653],[-109.594485472493,23.6125340040619],[-109.594481794628,23.6125406339325],[-109.594478005316,23.6125472066434],[-109.594474071245,23.6125537052651],[-109.594470949101,23.6125587266409],[-109.594467812091,23.6125637533664],[-109.594464644086,23.6125687706367],[-109.594461428954,23.6125737636458],[-109.594458150568,23.6125787175861],[-109.594454792798,23.6125836176525],[-109.594451339512,23.6125884490391],[-109.594447774582,23.6125931969391],[-109.594444081878,23.6125978465465],[-109.594439485964,23.6126032124903],[-109.594434664506,23.6126084161212],[-109.594429662911,23.6126134901548],[-109.594424526586,23.6126184673092],[-109.594419300935,23.6126233803029],[-109.594414031365,23.6126282618513],[-109.594408763281,23.6126331446737],[-109.594403542089,23.6126380614875],[-109.594398413195,23.6126430450092],[-109.594395345813,23.6126460806602],[-109.594392272291,23.6126491112189],[-109.594389195968,23.6126521394657],[-109.594386120191,23.612655168176],[-109.594383048297,23.612658200132],[-109.594379983631,23.6126612381092],[-109.594376929533,23.6126642848869],[-109.594373889346,23.6126673432444],[-109.594370866411,23.6126704159601],[-109.594368146767,23.6126732067456],[-109.594365437339,23.6126760062508],[-109.59436273734,23.6126788137144],[-109.594360045984,23.61268162837621],[-109.594357362487,23.6126844494751],[-109.594354686063,23.6126872762497],[-109.594352015925,23.6126901079389],[-109.594349351288,23.6126929437815],[-109.594346691365,23.6126957830163],[-109.594341548808,23.6127010173199],[-109.594336163485,23.6127061282156],[-109.594330667804,23.6127111860251],[-109.594325194167,23.6127162610672],[-109.59431987498,23.61272142366351],[-109.594314842646,23.6127267441346],[-109.594310229571,23.6127322928004],[-109.594306168158,23.6127381399834],[-109.594302790815,23.6127443560025],[-109.59430131099,23.6127480294284],[-109.594300144381,23.612751860829],[-109.594299199481,23.6127558066533],[-109.594298384789,23.6127598233463],[-109.5942976088,23.6127638673562],[-109.594296780011,23.6127678951298],[-109.594295806918,23.6127718631132],[-109.594294598016,23.6127757277546],[-109.594293061804,23.6127794455008],[-109.594291143956,23.6127832666907],[-109.594289040804,23.612787073448],[-109.594286765097,23.6127908398817],[-109.594284329581,23.6127945401031],[-109.594281747009,23.6127981482221],[-109.594279030131,23.612801638349],[-109.594276191693,23.6128049845957],[-109.594273244447,23.6128081610724],[-109.594270201141,23.6128111418881],[-109.594264791864,23.6128153897635],[-109.594258756428,23.6128188659723],[-109.594252245525,23.6128217641442],[-109.594245409855,23.6128242779052],[-109.594238400109,23.6128266008849],[-109.594231366985,23.6128289267086],[-109.594224461177,23.6128314490069],[-109.594217833378,23.612834361406],[-109.594211634286,23.6128378575346],[-109.594208589651,23.6128398334572],[-109.59420552908,23.612841837028],[-109.594202477119,23.61284388000711],[-109.594199458316,23.612845974152],[-109.594196497213,23.6128481312219],[-109.594193618358,23.6128503629781],[-109.594190846295,23.612852681177],[-109.594188205571,23.6128550975798],[-109.594185720731,23.6128576239448],[-109.594183644072,23.6128601262958],[-109.594181794768,23.6128628227858],[-109.594180104592,23.6128656531361],[-109.594178505317,23.61286855706791],[-109.594176928722,23.6128714743035],[-109.594175306576,23.6128743445633],[-109.594173570658,23.6128771075695],[-109.594171652741,23.6128797030443],[-109.594169484599,23.6128820707079],[-109.594166656992,23.6128845112332],[-109.594163567423,23.6128867020188],[-109.594160270793,23.6128886962148],[-109.594156822006,23.612890546973],[-109.594153275965,23.6128923074455],[-109.594149687573,23.612894030783],[-109.594146111733,23.6128957701375],[-109.594142603348,23.6128975786609],[-109.594139217321,23.6128995095033],[-109.594130341946,23.6129052451932],[-109.594121752743,23.6129113630943],[-109.594113353644,23.6129177320975],[-109.594105048584,23.6129242210983],[-109.594096741497,23.6129306989886],[-109.594088336316,23.6129370346619],[-109.594079736976,23.6129430970118],[-109.59407084741,23.6129487549319],[-109.594061571553,23.612953877315],[-109.594057028432,23.6129561945158],[-109.594052450925,23.6129585331685],[-109.59404783418,23.6129608515136],[-109.594043173344,23.612963107791],[-109.594038463567,23.612965260242],[-109.594033699995,23.6129672671072],[-109.594028877777,23.6129690866273],[-109.59402399206,23.6129706770411],[-109.594019037993,23.6129719965917],[-109.594014840618,23.6129727838409],[-109.594010542623,23.6129732644822],[-109.594006174162,23.6129735274296],[-109.59400176539,23.6129736615997],[-109.593997346458,23.61297375590661],[-109.593992947521,23.6129738992678],[-109.593988598733,23.6129741805974],[-109.593984330247,23.6129746888111],[-109.593980172217,23.6129755128255],[-109.59397466195,23.6129771132293],[-109.593969285327,23.6129791083263],[-109.593964022196,23.6129814291747],[-109.593958852412,23.6129840068318],[-109.59395375582,23.6129867723574],[-109.593948712275,23.612989656808],[-109.593943701625,23.6129925912434],[-109.593938703722,23.61299550672],[-109.593933698416,23.6129983342968],[-109.593927990395,23.6130014818696],[-109.593922286057,23.613004658257],[-109.593916604829,23.6130078813661],[-109.593910966136,23.6130111691043],[-109.593905389401,23.6130145393787],[-109.59389989405,23.6130180100974],[-109.593894499511,23.6130215991669],[-109.593889225206,23.6130253244961],[-109.593884090559,23.6130292039923],[-109.593880772162,23.6130317632719],[-109.593877392511,23.6130343307808],[-109.593874003306,23.6130369271417],[-109.593870656244,23.6130395729788],[-109.593867403022,23.6130422889167],[-109.593864295339,23.6130450955779],[-109.593861384891,23.61304801358691],[-109.593858723374,23.6130510635662],[-109.593856362489,23.6130542661412],[-109.593854356855,23.6130576866865],[-109.593852706217,23.6130613025665],[-109.593851333104,23.613065072584],[-109.593850160047,23.6130689555408],[-109.593849109572,23.6130729102378],[-109.593848104209,23.6130768954778],[-109.593847066488,23.6130808700617],[-109.593845918935,23.6130847927912],[-109.593844584081,23.6130886224683],[-109.593843113603,23.6130926194183],[-109.593841710691,23.6130966938956],[-109.593840323854,23.613100801306],[-109.593838901604,23.6131048970537],[-109.593837392449,23.6131089365463],[-109.593835744902,23.6131128751871],[-109.593833907472,23.6131166683836],[-109.593831828669,23.6131202715392],[-109.593829457003,23.6131236400614],[-109.593827030064,23.6131263544342],[-109.594131768827,23.6131793312],[-109.593841853767,23.61372556398131],[-109.59369119887,23.6136494642396],[-109.593486557596,23.6135654491462],[-109.59331239157,23.6134906331471],[-109.593191524304,23.6134668852041],[-109.592987316203,23.6133585333987],[-109.592803954593,23.6132912754667],[-109.592649264846,23.6132152933868],[-109.592484558328,23.6131270163345],[-109.592318139814,23.6130394700682],[-109.592132158576,23.6129190421699],[-109.591902965209,23.6127835799639],[-109.591778917634,23.6126865463673],[-109.592075231322,23.6122241978466],[-109.592075231376,23.6122241978477],[-109.592075231683,23.6122241978538]]]},"properties":{"visibility":true,"Name":"MIA-R-DTCP-2025","timestamp":"null","begin":"null","end":"null","altitudeMode":"null","tessellate":1,"extrude":0,"drawOrder":"null","icon":"null"}},{"type":"Feature","geometry":{"type":"Polygon","coordinates":[[[-109.594894760912,23.6066699815276],[-109.594993120116,23.6068238428821],[-109.595068971231,23.6069881688378],[-109.595121030403,23.6071601782077],[-109.595148416441,23.6073369597529],[-109.595150665736,23.60751552145401],[-109.595129782247,23.6076824905719],[-109.595086910177,23.6078458560106],[-109.595022692247,23.6080031683637],[-109.595109606126,23.6081142654131],[-109.595235388794,23.6080791632571],[-109.595321453648,23.6080549414888],[-109.595387096263,23.6080105342119],[-109.595462758747,23.607943216933],[-109.595515379413,23.60789769178],[-109.595596652847,23.6078134246253],[-109.595671727809,23.6077214611009],[-109.595697378304,23.6076586914304],[-109.595710705648,23.6075893008979],[-109.59572209911,23.6074982331484],[-109.595727957963,23.6074375057248],[-109.595743149465,23.607316082055],[-109.595741004363,23.6071913025606],[-109.595744632619,23.6070137922134],[-109.595724362236,23.6067985955581],[-109.595715285779,23.606672153859],[-109.595693028698,23.6064784145103],[-109.595699495904,23.6063579337084],[-109.595737115513,23.6062511082396],[-109.595804367485,23.6061349539559],[-109.595879043394,23.6059814579441],[-109.595930712745,23.605860364161],[-109.595957875821,23.6057566430334],[-109.595965743744,23.60567034183161],[-109.595937627762,23.6055373300631],[-109.595815950841,23.605355362698],[-109.595794627227,23.6053686673667],[-109.5956408797,23.6054672933742],[-109.595494186221,23.6055746563352],[-109.595355130568,23.6056903290025],[-109.595224266125,23.6058138510598],[-109.595114656445,23.6059289374765],[-109.595021360688,23.60605564904],[-109.594945815904,23.6061920340547],[-109.594889185742,23.6063359918224],[-109.594852342524,23.6064853049974],[-109.594853305671,23.6065490237744],[-109.594867625416,23.6066113675349],[-109.594894760912,23.6066699815276]]]},"properties":{"visibility":true,"Name":"MIA-R-DTCP-2025","timestamp":"null","begin":"null","end":"null","altitudeMode":"null","tessellate":1,"extrude":0,"drawOrder":"null","icon":"null"}},{"type":"Feature","geometry":{"type":"Polygon","coordinates":[[[-109.595419472204,23.6088301149727],[-109.595442720273,23.6090003952335],[-109.59544886698,23.6091719242945],[-109.595437860109,23.6093432468738],[-109.595409792977,23.6095129094358],[-109.595364903649,23.6096794725236],[-109.595303572914,23.6098415229717],[-109.595244027861,23.6099735932418],[-109.59518102411,23.6101042938659],[-109.595114598719,23.61023354794751],[-109.595044790759,23.6103612794407],[-109.594975010464,23.6104817620681],[-109.594902220582,23.6106007231285],[-109.594826460154,23.6107180987995],[-109.594747769819,23.6108338261095],[-109.59464620181,23.6109620532609],[-109.594528907187,23.6110783271392],[-109.59461720238,23.6111443152295],[-109.594616427734,23.6111943061342],[-109.594665659501,23.61129281304621],[-109.594664822552,23.6113033088927],[-109.594664588085,23.6113119024547],[-109.594665053929,23.6113203563969],[-109.594666461732,23.6113286297974],[-109.594668915474,23.6113371608938],[-109.594672087525,23.6113455818187],[-109.594675872065,23.6113538931427],[-109.594680163273,23.6113620954365],[-109.594684855329,23.6113701892729],[-109.594689842413,23.6113781752225],[-109.594695018706,23.6113860538579],[-109.594700278387,23.61139382575],[-109.594705515636,23.6114014914712],[-109.594711009164,23.61140814662941],[-109.594717696282,23.6114143700756],[-109.594725058547,23.6114203332258],[-109.594737980742,23.6114304288198],[-109.594749645063,23.6114419699478],[-109.594755871781,23.6114571782079],[-109.594751909075,23.6114695614145],[-109.594748772146,23.6114762141167],[-109.594746685098,23.61148041489],[-109.594744605663,23.611484647046],[-109.594742674792,23.6114888845667],[-109.594741033434,23.6114931014323],[-109.59473982254,23.6114972716261],[-109.594738771661,23.6115062403158],[-109.594739382031,23.6115152975317],[-109.594741167689,23.6115244114544],[-109.594743642666,23.6115335502677],[-109.594748283646,23.6115493738768],[-109.594751289178,23.6115660396108],[-109.594748824279,23.6115818716015],[-109.594742545239,23.611596141826],[-109.59473713178,23.6116061503095],[-109.594726318619,23.6116236499961],[-109.594717639504,23.6116337727807],[-109.594703436454,23.6116481216136],[-109.594702542652,23.6116490385259],[-109.594698657539,23.6116533043973],[-109.59469509104,23.6116576889573],[-109.594691956303,23.6116622413697],[-109.594686761503,23.6116716979469],[-109.594682527295,23.6116815974418],[-109.594679175639,23.6116918545077],[-109.594676628494,23.6117023837969],[-109.594674807818,23.6117130999629],[-109.594673635572,23.6117239176569],[-109.594673033712,23.611734751534],[-109.594672924199,23.6117455162457],[-109.59467322899,23.6117561264442],[-109.594673703025,23.6117632488571],[-109.594674461479,23.6117704327348],[-109.594675491798,23.6117776510226],[-109.594676781423,23.6117848766678],[-109.594678317797,23.6117920826147],[-109.594680088364,23.6117992418105],[-109.594682080565,23.61180632719971],[-109.594684281846,23.6118133117296],[-109.594686679647,23.6118201683453],[-109.594690359812,23.6118278424006],[-109.594695336791,23.6118353063784],[-109.594701108607,23.6118426165546],[-109.594707173286,23.6118498292064],[-109.594716747605,23.6118615550208],[-109.594724321398,23.6118755369131],[-109.59472432014,23.6118903491979],[-109.594716763728,23.6119046207302],[-109.594709426763,23.6119150820989],[-109.594702621427,23.6119237603705],[-109.594698501355,23.6119289552858],[-109.594694560741,23.611934013182],[-109.594691342766,23.6119382674668],[-109.594681421523,23.6119514567012],[-109.594668295755,23.6119660014119],[-109.594656863549,23.6119736307749],[-109.594647046899,23.6119783027619],[-109.594643853856,23.6119798418506],[-109.594640706692,23.6119814406396],[-109.594637644407,23.6119831426634],[-109.594634705999,23.61198499145531],[-109.594631753888,23.6119868873915],[-109.59462641159,23.6119900832836],[-109.594623517644,23.6119918746747],[-109.594620799739,23.6119936985184],[-109.594618402243,23.6119955460497],[-109.594616469523,23.6119974085065],[-109.594614575883,23.6120011431376],[-109.594616056537,23.6120050493409],[-109.594617880823,23.6120070340145],[-109.594620203672,23.612009034698],[-109.594622857025,23.6120110476117],[-109.594631001836,23.6120168944898],[-109.594639513319,23.6120248379934],[-109.594645883875,23.6120304117117],[-109.594657496681,23.6120403233552],[-109.594668701513,23.6120505487852],[-109.594679206335,23.6120626403815],[-109.594686687548,23.6120761960791],[-109.59469327301,23.6120958710995],[-109.594696000706,23.6121168651552],[-109.594694173632,23.6121352942134],[-109.594688762599,23.6121550877328],[-109.594682546881,23.6121678402243],[-109.594675154459,23.6121776734902],[-109.594667722837,23.6121862282539],[-109.594663373551,23.6121912967732],[-109.5946592309,23.6121964653164],[-109.594655467754,23.612201810845],[-109.594652256989,23.6122074103196],[-109.594650476094,23.6122112676359],[-109.594648898564,23.6122152193521],[-109.594647467846,23.61221924011391],[-109.594646127388,23.6122233045671],[-109.594641087536,23.6122390510055],[-109.594636011981,23.6122486876483],[-109.594632176309,23.61225451704721],[-109.594627217452,23.6122617506287],[-109.594624847142,23.6122653515127],[-109.594622634602,23.6122690134454],[-109.594620675658,23.6122727414542],[-109.59461905332,23.6122765600509],[-109.594617454594,23.6122820049958],[-109.594616500362,23.6122875994967],[-109.594616031734,23.6122933085752],[-109.594615889818,23.6122990972545],[-109.594615915725,23.6123049305578],[-109.5946159974,23.6123186280486],[-109.594614519777,23.6123280104522],[-109.594613485109,23.6123331634742],[-109.594612037506,23.6123406653367],[-109.594612088966,23.6123406799526],[-109.594608058219,23.6123585471931],[-109.594599808324,23.6123743294522],[-109.594589874093,23.6123822709014],[-109.594580230316,23.6123889115856],[-109.594576800596,23.61239138415811],[-109.594573453607,23.6123940385223],[-109.594570368652,23.6123968677509],[-109.594566631638,23.6124008188813],[-109.594563090844,23.61240493227],[-109.594559716361,23.612409180633],[-109.59455647828,23.6124135366871],[-109.594553346696,23.6124179731475],[-109.594550291698,23.6124224627302],[-109.594547283382,23.612426978152],[-109.594544291836,23.612431492129],[-109.594541287156,23.6124359773771],[-109.594537152915,23.6124422383104],[-109.594533155678,23.6124485760502],[-109.594529272274,23.6124549772855],[-109.594525479533,23.6124614287045],[-109.594521754283,23.6124679169981],[-109.594518073354,23.61247442885451],[-109.594511113325,23.6124868323513],[-109.594507064776,23.6124939726997],[-109.594503356038,23.6125005899507],[-109.594499735726,23.6125072516351],[-109.594496170528,23.6125139408199],[-109.594484920893,23.6125352113027],[-109.594476647351,23.6125495620879],[-109.594464250853,23.6125694994993],[-109.594452536131,23.6125872015119],[-109.594441826155,23.6126006868033],[-109.594432601693,23.6126106424428],[-109.594422835168,23.6126201063109],[-109.594414031365,23.6126282618513],[-109.594408763281,23.6126331446737],[-109.594403542089,23.6126380614875],[-109.594398413195,23.6126430450092],[-109.594394386429,23.61264703011931],[-109.594389195968,23.6126521394657],[-109.594386120191,23.612655168176],[-109.594383048297,23.612658200132],[-109.594379983631,23.6126612381092],[-109.594376929533,23.6126642848869],[-109.594373889346,23.6126673432444],[-109.594370866411,23.6126704159601],[-109.594368146767,23.6126732067456],[-109.594365437339,23.6126760062508],[-109.59436273734,23.6126788137144],[-109.594360045984,23.61268162837621],[-109.594357362487,23.6126844494751],[-109.594354686063,23.6126872762497],[-109.594352015925,23.6126901079389],[-109.594349351288,23.6126929437815],[-109.594343702435,23.6126989734386],[-109.594336163485,23.6127061282156],[-109.594330667804,23.6127111860251],[-109.594325194167,23.6127162610672],[-109.59431987498,23.61272142366351],[-109.594314842646,23.6127267441346],[-109.594310229571,23.6127322928004],[-109.594306168158,23.6127381399834],[-109.594302790815,23.6127443560025],[-109.59430131099,23.6127480294284],[-109.594300144381,23.612751860829],[-109.594299199481,23.6127558066533],[-109.594298384789,23.6127598233463],[-109.594295583774,23.6127744206346],[-109.594288199343,23.6127891336467],[-109.594275328728,23.6128071152214],[-109.594262470428,23.6128172127743],[-109.594250060865,23.6128227365935],[-109.594231222138,23.6128289796133],[-109.594224461177,23.6128314490069],[-109.594217833378,23.612834361406],[-109.594211634286,23.6128378575346],[-109.594208589651,23.6128398334572],[-109.59420552908,23.612841837028],[-109.594202477119,23.61284388000711],[-109.594199458316,23.612845974152],[-109.594196497213,23.6128481312219],[-109.594193618358,23.6128503629781],[-109.594190846295,23.612852681177],[-109.594188205571,23.6128550975798],[-109.594185720731,23.6128576239448],[-109.594183644072,23.6128601262958],[-109.594181794768,23.6128628227858],[-109.594180104592,23.6128656531361],[-109.594178505317,23.61286855706791],[-109.594172703438,23.6128792925075],[-109.594163512127,23.6128872255861],[-109.594153275965,23.6128923074455],[-109.594149687573,23.612894030783],[-109.594146111733,23.6128957701375],[-109.594142603348,23.6128975786609],[-109.594139217321,23.6128995095033],[-109.594130341946,23.6129052451932],[-109.594121752743,23.6129113630943],[-109.594113353644,23.6129177320975],[-109.594097202268,23.6129303516679],[-109.594083314347,23.6129408201306],[-109.59407084741,23.6129487549319],[-109.594061571553,23.612953877315],[-109.594057028432,23.6129561945158],[-109.594040032705,23.6129648776476],[-109.59402086451,23.6129721101939],[-109.594008945456,23.612973443092],[-109.593992051943,23.6129739572041],[-109.593988598733,23.6129741805974],[-109.593984330247,23.6129746888111],[-109.593980172217,23.6129755128255],[-109.59397466195,23.6129771132293],[-109.593969285327,23.6129791083263],[-109.593964022196,23.6129814291747],[-109.593958852412,23.6129840068318],[-109.59395375582,23.6129867723574],[-109.593948712275,23.612989656808],[-109.593937066497,23.6129964770368],[-109.593927990395,23.6130014818696],[-109.593922286057,23.613004658257],[-109.593916604829,23.6130078813661],[-109.593910966136,23.6130111691043],[-109.593905389401,23.6130145393787],[-109.59389989405,23.6130180100974],[-109.593894499511,23.6130215991669],[-109.593889225206,23.6130253244961],[-109.593884090559,23.6130292039923],[-109.593880772162,23.6130317632719],[-109.593877392511,23.6130343307808],[-109.593874003306,23.6130369271417],[-109.593870656244,23.6130395729788],[-109.593867403022,23.6130422889167],[-109.593864295339,23.6130450955779],[-109.593861384891,23.61304801358691],[-109.593858723374,23.6130510635662],[-109.593856362489,23.6130542661412],[-109.593854356855,23.6130576866865],[-109.593852706217,23.6130613025665],[-109.593851333104,23.613065072584],[-109.593850160047,23.6130689555408],[-109.593849109572,23.6130729102378],[-109.593846371396,23.6130837643137],[-109.593843113603,23.6130926194183],[-109.593841710691,23.6130966938956],[-109.593827378233,23.6131264149613],[-109.594062541248,23.613167296511],[-109.594131768827,23.6131793312],[-109.594679376737,23.61330797744621],[-109.5948886115,23.6131392050287],[-109.595346300452,23.6124380737145],[-109.595814777392,23.6119350133116],[-109.595886429984,23.6118815575517],[-109.597155562355,23.6109479188697],[-109.597743145185,23.6106148260519],[-109.59813835218,23.610406355839],[-109.598326251702,23.6103016149865],[-109.598374453955,23.6102698594734],[-109.598633412664,23.6100992576445],[-109.598841120374,23.6099326034347],[-109.59891642547,23.6098537763882],[-109.59904435884,23.6093915609895],[-109.599311690555,23.6091994322884],[-109.599246134514,23.6091903442795],[-109.599217392937,23.6091829573399],[-109.599189353476,23.6091566083455],[-109.599086968631,23.6089343828529],[-109.599062238189,23.6088355830215],[-109.599054443779,23.6087482466022],[-109.599133756153,23.6085844441185],[-109.599148161658,23.6085015128588],[-109.599153671668,23.6083965484673],[-109.59915919046,23.6082848628621],[-109.599163992603,23.6082270412483],[-109.599186024632,23.6081566847789],[-109.599203658841,23.6080905525807],[-109.599242459672,23.6080207974563],[-109.599277887946,23.607957128065],[-109.599309342244,23.6079005617043],[-109.599305137927,23.6078339302427],[-109.599302633443,23.607751157709],[-109.599303545792,23.6076653015306],[-109.599304523443,23.6075732996056],[-109.599295183638,23.6074821754202],[-109.59926017625,23.6074153758133],[-109.599198645572,23.6073528420787],[-109.599126575752,23.6073168654076],[-109.599074833907,23.6072720119525],[-109.599052709613,23.6072337717384],[-109.59904916218,23.6071893013981],[-109.59904108588,23.6071158817646],[-109.599019261948,23.6070276120651],[-109.598995851641,23.6069724933979],[-109.598974085184,23.6069324471028],[-109.598957910484,23.6068829935533],[-109.598914000424,23.6067789440896],[-109.598894859036,23.6067336054827],[-109.598853938704,23.6065520701328],[-109.598817506458,23.6063752926958],[-109.598828828219,23.606195658284],[-109.598887223795,23.6060239560432],[-109.598835350075,23.606004776022],[-109.598657116535,23.6059382219621],[-109.598480580787,23.60586793050191],[-109.598305835107,23.6057939383854],[-109.598132970837,23.6057162842912],[-109.597962078333,23.6056350088117],[-109.597660210743,23.6054825819224],[-109.597500243519,23.6053922414695],[-109.597340205311,23.6053020080217],[-109.597180096204,23.6052118816265],[-109.597019916282,23.6051218623312],[-109.596859665629,23.6050319501831],[-109.59669934433,23.6049421452296],[-109.59653895247,23.6048524475178],[-109.596465042729,23.6048224749089],[-109.596385242344,23.6048110970384],[-109.596304959037,23.6048190849331],[-109.596229633255,23.6048458972868],[-109.596164369501,23.6048897171421],[-109.596113590428,23.6049475750155],[-109.596080737137,23.6050155501244],[-109.5960208355,23.6051461482127],[-109.595931094065,23.6052613176006],[-109.595815950841,23.605355362698],[-109.595937627762,23.6055373300631],[-109.595965743744,23.60567034183161],[-109.595957875821,23.6057566430334],[-109.595930712745,23.605860364161],[-109.595879043394,23.6059814579441],[-109.595804367485,23.6061349539559],[-109.595737115513,23.6062511082396],[-109.595699495904,23.6063579337084],[-109.595693028698,23.6064784145103],[-109.595715285779,23.606672153859],[-109.595724362236,23.6067985955581],[-109.595744632619,23.6070137922134],[-109.595741004363,23.6071913025606],[-109.595743149465,23.607316082055],[-109.595727957963,23.6074375057248],[-109.59572209911,23.6074982331484],[-109.595710705648,23.6075893008979],[-109.595697378304,23.6076586914304],[-109.595671727809,23.6077214611009],[-109.595596652847,23.6078134246253],[-109.595515379413,23.60789769178],[-109.595462758747,23.607943216933],[-109.595387096263,23.6080105342119],[-109.595321453648,23.6080549414888],[-109.595235388794,23.6080791632571],[-109.595109606126,23.6081142654131],[-109.595189133565,23.6082337297904],[-109.595258691515,23.6083583645939],[-109.595317886403,23.6084874646708],[-109.595366383287,23.6086202996025],[-109.595379059284,23.6086616377658],[-109.595419472204,23.6088301149727]]]},"properties":{"visibility":true,"Name":"MIA-R-DTCP-2025","timestamp":"null","begin":"null","end":"null","altitudeMode":"null","tessellate":1,"extrude":0,"drawOrder":"null","icon":"null"},"id":"7"},{"type":"Feature","geometry":{"type":"Polygon","coordinates":[[[-109.594733172509,23.6074917488789],[-109.594732650481,23.6074772937479],[-109.594716615757,23.6073684854776],[-109.594674568096,23.6072657418406],[-109.594605692253,23.6071091528457],[-109.594567767007,23.6069438438915],[-109.594554372307,23.6068934133314],[-109.594528346268,23.6068473653962],[-109.594474573776,23.6067801158605],[-109.594354487544,23.606912190966],[-109.594218382183,23.6070303388679],[-109.594068145811,23.60713292053291],[-109.593905862596,23.6072185128712],[-109.593733783842,23.6072859284803],[-109.593554296756,23.6073342321189],[-109.593369891331,23.6073627536821],[-109.593183125795,23.6073710974986],[-109.592996591118,23.6073591478199],[-109.592801909182,23.6073422270674],[-109.592606426601,23.6073376401616],[-109.592411062474,23.6073454086659],[-109.592216735344,23.6073654960528],[-109.592024358878,23.6073978078745],[-109.59184939606,23.6074249309232],[-109.591672419674,23.6074365027748],[-109.591495053732,23.6074324172442],[-109.591318925818,23.6074127118249],[-109.591145652156,23.6073775673451],[-109.590976822771,23.6073273063076],[-109.590813986904,23.6072623899304],[-109.590632348751,23.6072017295263],[-109.590440795901,23.6071785408547],[-109.590248318714,23.607193912247],[-109.59008479964,23.6072296239914],[-109.589926520274,23.6072816540774],[-109.589932426497,23.6072946125076],[-109.589942303035,23.6073127991287],[-109.589950434856,23.6073276383584],[-109.589957034596,23.6073396114133],[-109.589962316357,23.6073492018398],[-109.589968480977,23.6073605419199],[-109.589973467585,23.6073705011775],[-109.589976989726,23.6073785240382],[-109.589979402098,23.6073850077269],[-109.589981251095,23.6073909890989],[-109.589982922194,23.6073973779759],[-109.58998429285,23.6074036072539],[-109.589985452682,23.607410058223],[-109.589986455038,23.6074170533712],[-109.589987320166,23.6074247796075],[-109.589987933911,23.6074324315464],[-109.589988295972,23.6074410448944],[-109.589987976989,23.6074488077136],[-109.589985166286,23.6074539019384],[-109.589981774468,23.6074593160791],[-109.5899780691,23.6074648564068],[-109.589975337429,23.6074688750275],[-109.589972340891,23.6074732506294],[-109.589969122838,23.6074779508914],[-109.589965736336,23.6074829288474],[-109.589962244424,23.6074881090796],[-109.589958683663,23.6074934513885],[-109.589955083727,23.6074989261631],[-109.589951473235,23.6075045060133],[-109.589947879686,23.6075101661807],[-109.589944329315,23.6075158852367],[-109.589940852012,23.6075216376683],[-109.589937491987,23.6075273711776],[-109.589934269145,23.6075330546695],[-109.589931180124,23.6075386898008],[-109.589928216903,23.60754428511],[-109.589925371135,23.6075498485719],[-109.589922633967,23.6075553879445],[-109.589919995903,23.6075609111528],[-109.589917435152,23.6075664516922],[-109.589914890223,23.6075721482238],[-109.589912322562,23.6075781603709],[-109.589909751218,23.6075845395186],[-109.5899072075,23.6075913029293],[-109.589904718814,23.6075984653721],[-109.589902305704,23.6076060447124],[-109.589899980909,23.607614066086],[-109.589897749884,23.6076225647655],[-109.589895615378,23.6076315751929],[-109.589893598534,23.6076410615565],[-109.58989172787,23.6076509744798],[-109.589890036675,23.60766125975101],[-109.589888562181,23.6076718612753],[-109.589887345366,23.6076827244768],[-109.589886431609,23.6076937992799],[-109.589885873161,23.6077050251514],[-109.589885722548,23.6077162799367],[-109.589885999176,23.6077274711366],[-109.589886711424,23.6077385739241],[-109.589887868526,23.6077495793508],[-109.589889480835,23.6077604777912],[-109.589891559842,23.6077712586921],[-109.589893965086,23.6077812730314],[-109.589926043636,23.6077867677812],[-109.58995580702,23.6077990872307],[-109.58998157189,23.60781753462051],[-109.590001881041,23.6078410666081],[-109.59001558583,23.6078683522776],[-109.59002191114,23.6078978484119],[-109.590020499221,23.6079278867742],[-109.590020081351,23.6079362542059],[-109.590021771236,23.6079444844713],[-109.590025477562,23.6079521328417],[-109.590031000054,23.6079587860321],[-109.590038040303,23.607964084532],[-109.590318850465,23.608129346585],[-109.590362600697,23.6081532053317],[-109.590411342939,23.6081665158619],[-109.590503693338,23.60818924624621],[-109.590589636477,23.6082278041746],[-109.590614631743,23.6082390996904],[-109.590641465431,23.6082459319204],[-109.590669208259,23.6082480642565],[-109.590708611626,23.6082517781221],[-109.590746138016,23.6082634573976],[-109.59077991591,23.6082825196141],[-109.590808260734,23.6083080141002],[-109.590859247435,23.608379884397],[-109.590892573652,23.6084600699329],[-109.590992044164,23.6084344956356],[-109.591094794551,23.608424964522],[-109.591229970715,23.6084199038765],[-109.59136467465,23.6084083354293],[-109.591498537634,23.6083902908453],[-109.591648068509,23.6083716209269],[-109.591814593298,23.6083623508609],[-109.591981396592,23.6083650167046],[-109.592147472412,23.6083796023824],[-109.592311819163,23.6084060199311],[-109.592473445676,23.6084441100299],[-109.592631377188,23.6084936429611],[-109.592754761347,23.6085344529197],[-109.592879996257,23.6085701564901],[-109.592953595713,23.6085885469717],[-109.592860160016,23.6083124496772],[-109.593363439459,23.6081678248481],[-109.593523462433,23.608140475362],[-109.593683584256,23.6081120343446],[-109.593830961777,23.6080477181912],[-109.59395629459,23.6079515856403],[-109.594051673489,23.607829703232],[-109.594093052435,23.6077360344664],[-109.594119163984,23.6076783050805],[-109.594159477445,23.6076279898333],[-109.594211661186,23.6075879988166],[-109.594272697042,23.6075606449958],[-109.594339054875,23.6075475104369],[-109.594406896743,23.607549354805],[-109.59451923457,23.6075513377751],[-109.594629585788,23.6075318546125],[-109.594733172509,23.6074917488789]]]},"properties":{"visibility":true,"Name":"MIA-R-DTCP-2025","timestamp":"null","begin":"null","end":"null","altitudeMode":"null","tessellate":1,"extrude":0,"drawOrder":"null","icon":"null"}},{"type":"Feature","geometry":{"type":"Polygon","coordinates":[[[-109.589415036071,23.6077588179736],[-109.589393400859,23.6078183751523],[-109.589388569771,23.6078386909975],[-109.589388544646,23.6078594888743],[-109.58939332664,23.6078798145804],[-109.589402696357,23.6078987355763],[-109.589416223919,23.6079153837698],[-109.589432588675,23.6079089034422],[-109.589449980637,23.6079053607966],[-109.589490884255,23.6078956978323],[-109.589527817253,23.6078768349011],[-109.589566483907,23.60785654878441],[-109.589609178713,23.6078450062887],[-109.589728281817,23.6078262482205],[-109.58977527551,23.6078160774807],[-109.589792337187,23.6078108315635],[-109.589808080397,23.6078028161287],[-109.589834744018,23.6077898362514],[-109.58986384081,23.607782537686],[-109.589893965086,23.6077812730314],[-109.589891559842,23.6077712586921],[-109.589889480835,23.6077604777912],[-109.589887868526,23.6077495793508],[-109.589886711424,23.6077385739241],[-109.589885999176,23.6077274711366],[-109.589885722548,23.6077162799367],[-109.589885873161,23.6077050251514],[-109.589886431609,23.6076937992799],[-109.589887345366,23.6076827244768],[-109.589888562181,23.6076718612753],[-109.589890036675,23.60766125975101],[-109.58989172787,23.6076509744798],[-109.589893598534,23.6076410615565],[-109.589895615378,23.6076315751929],[-109.589897749884,23.6076225647655],[-109.589899980909,23.607614066086],[-109.589902305704,23.6076060447124],[-109.589904718814,23.6075984653721],[-109.5899072075,23.6075913029293],[-109.589909751218,23.6075845395186],[-109.589912322562,23.6075781603709],[-109.589914890223,23.6075721482238],[-109.589917435152,23.6075664516922],[-109.589919995903,23.6075609111528],[-109.589922633967,23.6075553879445],[-109.589925371135,23.6075498485719],[-109.589928216903,23.60754428511],[-109.589931180124,23.6075386898008],[-109.589934269145,23.6075330546695],[-109.589937491987,23.6075273711776],[-109.589940852012,23.6075216376683],[-109.589944329315,23.6075158852367],[-109.589947879686,23.6075101661807],[-109.589951473235,23.6075045060133],[-109.589955083727,23.6074989261631],[-109.589958683663,23.6074934513885],[-109.589962244424,23.6074881090796],[-109.589965736336,23.6074829288474],[-109.589969122838,23.6074779508914],[-109.589972340891,23.6074732506294],[-109.589975337429,23.6074688750275],[-109.5899780691,23.6074648564068],[-109.589980505362,23.6074612136669],[-109.589982613639,23.607457976564],[-109.589984362372,23.6074551851748],[-109.589985723116,23.6074528927179],[-109.589986679057,23.6074511601335],[-109.589987260229,23.6074499989857],[-109.58998755773,23.607449325525],[-109.589987679198,23.6074490041388],[-109.589987726319,23.60744885308471],[-109.589987774822,23.6074486565526],[-109.589987860182,23.6074481958926],[-109.589987978774,23.6074472814611],[-109.589988101854,23.6074457689765],[-109.589988191192,23.6074435948513],[-109.589988214066,23.6074408479413],[-109.589988154057,23.6074376687685],[-109.589988007279,23.6074341769582],[-109.589987776867,23.6074304735887],[-109.589987470019,23.6074266479181],[-109.589987096472,23.6074227818495],[-109.589986668686,23.6074189614029],[-109.589986201682,23.6074152852731],[-109.589985700305,23.6074117863111],[-109.58998516173,23.6074084399516],[-109.58998458093,23.607405209554],[-109.589983951524,23.6074020560174],[-109.589983265593,23.6073989386396],[-109.589982513681,23.6073958161668],[-109.589981692179,23.6073926754339],[-109.589980820185,23.6073895951354],[-109.589979892082,23.6073865927889],[-109.589978857704,23.60738354456881],[-109.589977650814,23.6073803008323],[-109.589976200487,23.6073767262805],[-109.589974435354,23.6073727055978],[-109.589972287202,23.6073681437162],[-109.589969680736,23.6073629380796],[-109.589966453917,23.607356813057],[-109.589962316357,23.6073492018398],[-109.589957034596,23.6073396114133],[-109.589950434856,23.6073276383584],[-109.589942303035,23.6073127991287],[-109.589932426497,23.6072946125076],[-109.589926520274,23.6072816540774],[-109.589860427547,23.6073097076323],[-109.589856217932,23.6073007933868],[-109.589816320281,23.6073189837722],[-109.58980415337,23.6073378406879],[-109.589787414513,23.607353440771],[-109.589767089934,23.60736486489151],[-109.589744377121,23.6073714399596],[-109.589720614274,23.6073727785835],[-109.589697201461,23.607368801894],[-109.589525392767,23.6074550063679],[-109.589415036071,23.6077588179736]]]},"properties":{"visibility":true,"Name":"MIA-R-DTCP-2025","timestamp":"null","begin":"null","end":"null","altitudeMode":"null","tessellate":1,"extrude":0,"drawOrder":"null","icon":"null"}},{"type":"Feature","geometry":{"type":"Polygon","coordinates":[[[-109.586640268427,23.6056676057945],[-109.586670683034,23.6056671901025],[-109.586662616098,23.6052593447966],[-109.586633708123,23.6052598303425],[-109.586640268427,23.6056676057945]]]},"properties":{"visibility":true,"Name":"MIA-R-DTCP-2025","timestamp":"null","begin":"null","end":"null","altitudeMode":"null","tessellate":1,"extrude":0,"drawOrder":"null","icon":"null"}},{"type":"Feature","geometry":{"type":"Polygon","coordinates":[[[-109.604637252114,23.6087363132351],[-109.603525919799,23.6102055611624],[-109.603375852486,23.6111965365448],[-109.600065360425,23.6156225342977],[-109.601495977061,23.6162136628912],[-109.601806746703,23.616342024569],[-109.602106926132,23.6164660544675],[-109.602295079668,23.6160552379682],[-109.602562538355,23.6161351702234],[-109.602768926912,23.6157925909107],[-109.602701611903,23.6154205228737],[-109.602601691787,23.6153185963034],[-109.60263893233,23.615220196356],[-109.602557153998,23.6150058561968],[-109.60342105654,23.6150057481325],[-109.604504411449,23.6138928681705],[-109.606316391607,23.6095777783469],[-109.604637252114,23.6087363132351]]]},"properties":{"visibility":true,"Name":"MIA-R-DTCP-2025","timestamp":"null","begin":"null","end":"null","altitudeMode":"null","tessellate":1,"extrude":0,"drawOrder":"null","icon":"null"},"id":"11"},{"type":"Feature","geometry":{"type":"Polygon","coordinates":[[[-109.605650634694,23.6180744096411],[-109.606188055602,23.6167352609104],[-109.606132893663,23.6145686046259],[-109.606928690713,23.6134845083291],[-109.607453441835,23.61223731108471],[-109.607850117493,23.6111693948851],[-109.608213532086,23.6100444983949],[-109.606802170578,23.6098181115067],[-109.606404622236,23.6096192092176],[-109.604594145392,23.6139398983099],[-109.603532276363,23.615042981296],[-109.603532111442,23.6150441716688],[-109.603875274063,23.6154552799986],[-109.603592045486,23.6162411467289],[-109.603520258611,23.6167789223012],[-109.603721101469,23.6168661407112],[-109.603598976567,23.6170995312878],[-109.605650634694,23.6180744096411]]]},"properties":{"visibility":true,"Name":"MIA-R-DTCP-2025","timestamp":"null","begin":"null","end":"null","altitudeMode":"null","tessellate":1,"extrude":0,"drawOrder":"null","icon":"null"},"id":"12"},{"type":"Feature","geometry":{"type":"Polygon","coordinates":[[[-109.589380102131,23.607947558873],[-109.589393132518,23.6079317029829],[-109.589409719894,23.6079189769691],[-109.589429003006,23.6079100415926],[-109.589449980637,23.6079053607966],[-109.589490884255,23.6078956978323],[-109.589527817253,23.6078768349011],[-109.589566483907,23.60785654878441],[-109.589609178713,23.6078450062887],[-109.589728281817,23.6078262482205],[-109.58977527551,23.6078160774807],[-109.589792337187,23.6078108315635],[-109.589808080397,23.6078028161287],[-109.589839703898,23.6077881336289],[-109.589874352111,23.6077813985609],[-109.589909716909,23.6077830595887],[-109.589943442431,23.6077930060613],[-109.589973282014,23.6078105753844],[-109.58999724786,23.6078345971591],[-109.590013743456,23.6078634711485],[-109.590021669922,23.6078952738791],[-109.590020499221,23.6079278867742],[-109.590020081351,23.6079362542059],[-109.590021771236,23.6079444844713],[-109.590025477562,23.6079521328417],[-109.590031000054,23.6079587860321],[-109.590038040303,23.607964084532],[-109.590318850465,23.608129346585],[-109.590362600697,23.6081532053317],[-109.590411342939,23.6081665158619],[-109.590503693338,23.60818924624621],[-109.590589636477,23.6082278041746],[-109.590614631743,23.6082390996904],[-109.590641465431,23.6082459319204],[-109.590669208259,23.6082480642565],[-109.590708611626,23.6082517781221],[-109.590746138016,23.6082634573976],[-109.59077991591,23.6082825196141],[-109.590808260734,23.6083080141002],[-109.590859247435,23.608379884397],[-109.590892573652,23.6084600699329],[-109.590992044164,23.6084344956356],[-109.591094794551,23.608424964522],[-109.591229970715,23.6084199038765],[-109.59136467465,23.6084083354293],[-109.591498537634,23.6083902908453],[-109.591648068509,23.6083716209269],[-109.591814593298,23.6083623508609],[-109.591981396592,23.6083650167046],[-109.592147472412,23.6083796023824],[-109.592311819163,23.6084060199311],[-109.592473445676,23.6084441100299],[-109.592631377188,23.6084936429611],[-109.592754761347,23.6085344529197],[-109.592879996257,23.6085701564901],[-109.592953595713,23.6085885469717],[-109.592860160016,23.6083124496772],[-109.593363439459,23.6081678248481],[-109.593523462433,23.608140475362],[-109.593683584256,23.6081120343446],[-109.593830961777,23.6080477181912],[-109.59395629459,23.6079515856403],[-109.594051673489,23.607829703232],[-109.594093052435,23.6077360344664],[-109.594119163984,23.6076783050805],[-109.594159477445,23.6076279898333],[-109.594211661186,23.6075879988166],[-109.594272697042,23.6075606449958],[-109.594339054875,23.6075475104369],[-109.594406896743,23.607549354805],[-109.59451923457,23.6075513377751],[-109.594629585788,23.6075318546125],[-109.594733172509,23.6074917488789],[-109.594742275142,23.6076537874179],[-109.594719842262,23.6078147207095],[-109.594666594365,23.6079693791086],[-109.594641963856,23.6080108590898],[-109.594552135291,23.6081309958685],[-109.594448360829,23.6082411784085],[-109.594331928726,23.6083400388713],[-109.594191857615,23.6084319959516],[-109.594041524383,23.6085089735017],[-109.59388280734,23.6085700097361],[-109.593717689553,23.6086143420456],[-109.593548234072,23.6086414165265],[-109.593376558145,23.6086508949017],[-109.593372299783,23.6087998458177],[-109.593368455454,23.6089488062929],[-109.593372026996,23.6090981028907],[-109.593386165558,23.6092468663418],[-109.59340083185,23.6093406686634],[-109.593419884914,23.6094337990734],[-109.593428261125,23.6095114610349],[-109.593418229069,23.6095889561817],[-109.593412034278,23.6096376454963],[-109.593417616462,23.6096863976809],[-109.593434702066,23.6097328235378],[-109.593462453789,23.609774647873],[-109.593499511607,23.6098098209974],[-109.593571548688,23.6098513784263],[-109.593677630097,23.6098948687267],[-109.593810182694,23.609944155896],[-109.593937234438,23.6100045034131],[-109.594057701261,23.6100753963689],[-109.594089610055,23.6101009029326],[-109.594115383112,23.6101317429416],[-109.594134298388,23.6101674541481],[-109.594144960197,23.6102059583267],[-109.594146925322,23.61024565487],[-109.594140112066,23.6102848936029],[-109.594102451955,23.610379479638],[-109.594046860349,23.6104662360606],[-109.593975168176,23.6105423054673],[-109.593896428703,23.6106197502554],[-109.593827051523,23.610704456659],[-109.593819653982,23.6107123954888],[-109.593810471962,23.6107185520558],[-109.593799998592,23.6107225957159],[-109.593788796355,23.6107243093006],[-109.593777466877,23.6107236007803],[-109.593766618617,23.6107205082068],[-109.593548966475,23.6106318644157],[-109.593400145529,23.6105638663913],[-109.593258412908,23.6104840385097],[-109.593124873254,23.610393002948],[-109.593000567351,23.6102914692337],[-109.592886464006,23.6101802287144],[-109.592761500794,23.6102797392561],[-109.592761412031,23.6102798145469],[-109.592660807266,23.6103651495218],[-109.592581039638,23.6104230720254],[-109.592489007694,23.610462643867],[-109.592389592281,23.6104817663821],[-109.592345097841,23.6104906310705],[-109.592304267448,23.6105091795265],[-109.592269541589,23.6105363030848],[-109.592242995877,23.6105703805345],[-109.592226216992,23.6106093750203],[-109.592220207841,23.6106509557875],[-109.592215264188,23.6107509103216],[-109.592206841476,23.6111044494947],[-109.59207523139,23.6122241972707],[-109.592075231376,23.6122241978477],[-109.591778917634,23.6126865463673],[-109.591578951667,23.6125301267148],[-109.591377410511,23.6123877110839],[-109.591177975053,23.6122514591823],[-109.590984627491,23.6121283808283],[-109.590790085941,23.6119988744145],[-109.590603299544,23.6118881424904],[-109.590398670953,23.6117516334703],[-109.59019020935,23.6116138730772],[-109.589976104188,23.6114646511219],[-109.589813161149,23.6113552106977],[-109.589682073654,23.6112474856451],[-109.589639266021,23.6112123071377],[-109.589457438321,23.6110650300545],[-109.589262971698,23.6109439113056],[-109.589057525502,23.610824169859],[-109.589021623893,23.6108067569165],[-109.588816221657,23.6107071328011],[-109.588565122928,23.6106114711583],[-109.588636537694,23.6105102059644],[-109.588290188852,23.6103141926475],[-109.588210613514,23.6104136562377],[-109.588000327235,23.6102844726321],[-109.587806504588,23.610164263236],[-109.587687489799,23.6100934208006],[-109.587690723568,23.6099617181351],[-109.587630350132,23.6099491501726],[-109.587329135534,23.6097922138006],[-109.587293130598,23.60983285459781],[-109.58712272297,23.6097358983],[-109.58703922546,23.60991875774601],[-109.58690618458,23.6098354112493],[-109.586790809481,23.6097865763894],[-109.586741803655,23.6097541781835],[-109.586490848544,23.6095908073325],[-109.586354686983,23.6095302146062],[-109.586115729332,23.6093953369417],[-109.585888524461,23.6092783677806],[-109.585739796238,23.6091819610782],[-109.585665228963,23.6091423726919],[-109.586049273818,23.608492167488],[-109.586449661489,23.60868933767],[-109.586467199662,23.6086683263004],[-109.586542956352,23.6085849728293],[-109.587048082962,23.6079798077527],[-109.587012389156,23.6077715867453],[-109.586613480281,23.6074975813936],[-109.58663690721,23.6074686203101],[-109.586986350206,23.6070366261897],[-109.587180118192,23.606752433572],[-109.587218714981,23.6067697501618],[-109.587260439878,23.6067790511418],[-109.587303358204,23.6067799052488],[-109.587409809901,23.606781191223],[-109.58751353592,23.6068032847022],[-109.587557567594,23.6068123464463],[-109.587602682099,23.6068119650617],[-109.587646525953,23.6068021604436],[-109.587686811959,23.6067834440676],[-109.587721438526,23.6067567923079],[-109.587856530079,23.60662593948051],[-109.587903532542,23.6065325239093],[-109.587931137357,23.60647294408861],[-109.587951842463,23.6064921768554],[-109.587970974296,23.6064746870279],[-109.588450644271,23.6069202453625],[-109.588532460917,23.6069812565575],[-109.588515508208,23.6070005611799],[-109.588538361832,23.607017603257],[-109.588555314539,23.6069982986321],[-109.588963422956,23.6073026260959],[-109.589160191016,23.6073633083222],[-109.589147750606,23.6073975626912],[-109.589333613484,23.6074548815448],[-109.589438064033,23.6075247380794],[-109.589368610867,23.6077159283376],[-109.589343055306,23.6077080452298],[-109.589333722897,23.6077337353666],[-109.589363910358,23.6077430472737],[-109.589344059175,23.6077976821206],[-109.589336611201,23.6078291330185],[-109.58933666756,23.6078613240198],[-109.589344225626,23.6078927526082],[-109.589358932632,23.6079219518519],[-109.589380102131,23.607947558873]]]},"properties":{"visibility":true,"Name":"MIA-R-DTCP-2025","timestamp":"null","begin":"null","end":"null","altitudeMode":"null","tessellate":1,"extrude":0,"drawOrder":"null","icon":"null"},"id":13},{"type":"Feature","geometry":{"type":"Polygon","coordinates":[[[-109.594528180948,23.6068472193637],[-109.594554206987,23.606893267299],[-109.594567601687,23.60694369785911],[-109.594605526937,23.607109006824],[-109.594674402787,23.607265595828],[-109.594716450466,23.607368339523],[-109.59473248518,23.6074771478555],[-109.594733007428,23.6074916043932],[-109.594742109785,23.6076536423857],[-109.594719676847,23.607814575107],[-109.594666429108,23.607969232966],[-109.594641798529,23.6080107130668],[-109.594551970179,23.6081308495946],[-109.59444819599,23.6082410319306],[-109.59433176421,23.6083398922448],[-109.59419169302,23.6084318494946],[-109.59404135968,23.6085088271895],[-109.593882642505,23.6085698635404],[-109.593717524567,23.6086141959352],[-109.593548068922,23.6086412704678],[-109.593376392825,23.6086507488599],[-109.593375058686,23.6086958846084],[-109.593369763354,23.6088944945559],[-109.593369640164,23.6088944918129],[-109.593368290134,23.6089486602592],[-109.593540033112,23.6089448712602],[-109.593710589405,23.608925916714],[-109.593878385548,23.6088919714829],[-109.594041873538,23.6088433487257],[-109.594199545124,23.6087804970085],[-109.594349945716,23.608703996166],[-109.594491687812,23.6086145519518],[-109.594534757211,23.6085835212763],[-109.594582010386,23.608547062316],[-109.594538897135,23.6085803910992],[-109.59458199055,23.6085488524503],[-109.594626744459,23.6085117856043],[-109.594730267214,23.6084145338629],[-109.594824583514,23.6083096314617],[-109.594909030129,23.6081978160958],[-109.594983013238,23.608079874072],[-109.595022507084,23.6080048124758],[-109.595086725015,23.607847500123],[-109.595129597086,23.6076841346843],[-109.595150480576,23.6075171655665],[-109.59514823128,23.6073386038989],[-109.595120845251,23.6071618223864],[-109.595068786096,23.6069898130466],[-109.594992935006,23.606825487117],[-109.594894575835,23.6066716257829],[-109.594867440275,23.6066130116945],[-109.594853120511,23.6065506678244],[-109.594852157392,23.6064869489363],[-109.594889000646,23.6063376357165],[-109.594945630856,23.6061936779105],[-109.595021175699,23.60605729286611],[-109.595114471524,23.6059305812832],[-109.595224081281,23.6058154948593],[-109.595354945663,23.6056919728947],[-109.595494001245,23.6055763003114],[-109.595640694642,23.6054689374246],[-109.595794442079,23.605370311481],[-109.595815765693,23.6053570068122],[-109.595930908919,23.6052629617151],[-109.596020650355,23.6051477923274],[-109.596080551993,23.6050171942393],[-109.596113405284,23.6049492191305],[-109.596164184358,23.6048913612571],[-109.596229448113,23.604847541402],[-109.596304773896,23.6048207290484],[-109.596385057204,23.6048127411539],[-109.596464857591,23.6048241190245],[-109.596538767332,23.6048540916336],[-109.596699159194,23.6049437893456],[-109.596859480495,23.6050335942994],[-109.597019731149,23.6051235064477],[-109.597179911073,23.6052135257432],[-109.597340020182,23.60530365213871],[-109.597500058392,23.6053938855868],[-109.597660025618,23.6054842260399],[-109.597961893211,23.6056366529298],[-109.598132785717,23.6057179284095],[-109.598305649989,23.605795582504],[-109.598480395671,23.6058695746207],[-109.598656931421,23.6059398660811],[-109.598835164963,23.6060064201413],[-109.598887038684,23.6060256001628],[-109.599006378764,23.6060731653571],[-109.599011812674,23.6060643354812],[-109.599035496927,23.6060258495408],[-109.599064611351,23.6059785397594],[-109.599125395426,23.605879767919],[-109.599040477236,23.6058374078707],[-109.598111680363,23.605352507574],[-109.597979940943,23.605520888857],[-109.597762153114,23.6054130796353],[-109.597897687935,23.6052389959919],[-109.595302142615,23.6038838947448],[-109.594919918334,23.604267774169],[-109.595052629325,23.6042820860721],[-109.595183898914,23.6043050633827],[-109.595369788594,23.604333934373],[-109.595552771107,23.6043756980817],[-109.595674048012,23.6044221185846],[-109.595778660834,23.6044952721789],[-109.595859820035,23.6045904111061],[-109.595912258212,23.6047013607186],[-109.59593257197,23.60482092021571],[-109.595919442824,23.6049413299813],[-109.59587372279,23.6050547751947],[-109.595798379118,23.6051538930297],[-109.595698301717,23.6052322505227],[-109.595542554674,23.6053318586171],[-109.595393601151,23.6054399308052],[-109.595251982071,23.6055560746335],[-109.595118211728,23.6056798683365],[-109.595010381181,23.6057914927373],[-109.594898317952,23.6059314155113],[-109.594805824632,23.6060829997255],[-109.594734311845,23.6062439336627],[-109.594684870268,23.6064117630114],[-109.594612857606,23.6065066134756],[-109.594540499657,23.6066012405636],[-109.594465620648,23.606531608635],[-109.594336324913,23.6064288361241],[-109.594193793871,23.6063421925773],[-109.594040381534,23.6062731089626],[-109.593878621609,23.6062227262328],[-109.59371118566,23.606191876483],[-109.593534616205,23.6061558726987],[-109.593367520279,23.6060921473677],[-109.593214980409,23.6060026388235],[-109.593081636345,23.6058900696404],[-109.592938837402,23.6059731926115],[-109.593061667537,23.6060876627047],[-109.593201063831,23.606184691316],[-109.593354136465,23.6062622669229],[-109.593517712076,23.6063187812831],[-109.593688399543,23.6063530627777],[-109.593872730664,23.6063901782624],[-109.594048020464,23.6064545102995],[-109.594209571315,23.6065443348529],[-109.594353053757,23.6066572447049],[-109.594232520159,23.606794102984],[-109.594093009343,23.6069146835045],[-109.593937084418,23.6070167709112],[-109.593767610081,23.6070984896084],[-109.593587699982,23.6071583382223],[-109.593400659518,23.6071952171861],[-109.593209925098,23.6072084489438],[-109.593019001004,23.6071977903989],[-109.592846816476,23.60718190962],[-109.592673928699,23.6071751180821],[-109.592500902229,23.6071774379609],[-109.592328302074,23.6071888616791],[-109.592156691852,23.60720935193161],[-109.591986631946,23.6072388418068],[-109.591801732529,23.6072661079401],[-109.591614686279,23.6072741943372],[-109.591427828775,23.60726300003],[-109.591243493238,23.6072326648015],[-109.591063981394,23.6071835674401],[-109.590891534729,23.6071163210086],[-109.590730256158,23.6070578202208],[-109.590560833698,23.6070241249241],[-109.590387727973,23.6070161222565],[-109.590215496569,23.6070340229102],[-109.590119364786,23.607052664524],[-109.590024557132,23.607076375353],[-109.589994852113,23.6069943578109],[-109.589891021554,23.6068873614465],[-109.589824020972,23.6068183178847],[-109.589681137278,23.6067730133989],[-109.589553708277,23.6067056677837],[-109.589463963209,23.6066582378436],[-109.589418804447,23.6066654515144],[-109.589286748646,23.6065956602959],[-109.589224448685,23.6065544651573],[-109.589010368703,23.6064431099812],[-109.58897299532,23.6064285924665],[-109.58887250986,23.6063107138201],[-109.588639026795,23.6061913584742],[-109.588409294594,23.6061892696325],[-109.588312858405,23.6063568524579],[-109.588107301206,23.6064543400129],[-109.588048722016,23.6065078916839],[-109.587971443657,23.6064366547088],[-109.587952084395,23.6064539423433],[-109.587921083811,23.6064251461984],[-109.587876506236,23.6065213585316],[-109.58783172896,23.6066103515968],[-109.587699973272,23.606737973205],[-109.587670500248,23.6067606583267],[-109.587636210094,23.6067765891043],[-109.587598891615,23.6067849344802],[-109.5875604916,23.6067852591029],[-109.587523013255,23.606777546038],[-109.587414251569,23.6067542707378],[-109.587302610209,23.6067526027636],[-109.587261786899,23.6067517542998],[-109.587222361399,23.6067419577411],[-109.587186609419,23.6067237785635],[-109.58715659463,23.6066982661028],[-109.587134049534,23.6066668929844],[-109.587120275467,23.6066314701202],[-109.587116067487,23.606594042179],[-109.587102902283,23.6064716056225],[-109.587059554246,23.6063552344095],[-109.587017268979,23.6062869907758],[-109.586960531912,23.60622832233131],[-109.586891814809,23.6061817849619],[-109.586814111335,23.6061494060612],[-109.586703300078,23.6061250627974],[-109.586665663799,23.6061096234102],[-109.586632814911,23.6060867123001],[-109.58660646943,23.6060575263393],[-109.586580602671,23.6060256589793],[-109.586563882519,23.6059889669758],[-109.586557304752,23.6059496355661],[-109.58656126111,23.6059100071787],[-109.586575515957,23.6058724419269],[-109.586599220323,23.6058391770497],[-109.586633962881,23.6057861081013],[-109.586657621123,23.6057280907547],[-109.586669401685,23.6056670706183],[-109.586639912703,23.6056674736591],[-109.586629015344,23.6057220291025],[-109.586607785227,23.60577393670381],[-109.586576896224,23.6058215488168],[-109.586549414138,23.6058599665084],[-109.586532750354,23.6059033424371],[-109.586527880562,23.6059491369064],[-109.586535089903,23.6059946686097],[-109.586553956276,23.6060372716227],[-109.586583375048,23.6060744514963],[-109.586614128568,23.6061077133895],[-109.586652207402,23.6061337553882],[-109.586695663351,23.6061512451214],[-109.58680533113,23.6061753101065],[-109.586877414086,23.6062054398192],[-109.586941138591,23.6062487033094],[-109.586993727828,23.6063032153634],[-109.587032890194,23.606366600606],[-109.587074582893,23.6064789148399],[-109.587086653638,23.6065970962831],[-109.587092292841,23.6066401193783],[-109.587108711607,23.6066807281995],[-109.587134996322,23.6067166630683],[-109.58716968438,23.6067459243862],[-109.587210845564,23.6067668839039],[-109.587256189458,23.6067783753257],[-109.587303192893,23.60677975920901],[-109.58740964459,23.6067810451833],[-109.587513370609,23.6068031386626],[-109.587557402283,23.6068122004068],[-109.587602516788,23.6068118190223],[-109.587646360641,23.6068020144042],[-109.587686646648,23.6067832980283],[-109.587721273214,23.6067566462685],[-109.587856364767,23.6066257934413],[-109.587903367231,23.6065323778701],[-109.587930972046,23.6064727980494],[-109.587951677151,23.6064920308163],[-109.587970808984,23.6064745409888],[-109.588048254859,23.6065464796106],[-109.588124786823,23.6064765159597],[-109.588334511256,23.6063770520371],[-109.58842688874,23.6062165222422],[-109.588631283382,23.6062183806971],[-109.5888530577,23.6063317505982],[-109.588954571645,23.6064508357661],[-109.588997390353,23.6064674684943],[-109.5892086065,23.606577334035],[-109.589270824552,23.6066184750152],[-109.589413377207,23.6066938137997],[-109.58945853598,23.6066866001309],[-109.589539082111,23.6067291684658],[-109.589668932486,23.6067977937697],[-109.589807212219,23.6068416384734],[-109.589869106603,23.6069054201484],[-109.589968888083,23.6070082439995],[-109.589996486832,23.6070844460317],[-109.589883433997,23.6071220376439],[-109.589773534655,23.6071668724497],[-109.589760206561,23.60714526543491],[-109.589596737365,23.60724767047291],[-109.589383873701,23.6073750591065],[-109.58933344817,23.607454735507],[-109.589437898719,23.6075245920418],[-109.589368445552,23.6077157822999],[-109.589342889992,23.6077078991921],[-109.589333557583,23.6077335893288],[-109.589363745044,23.6077429012359],[-109.589343893785,23.6077975362912],[-109.589336445812,23.6078289871796],[-109.589336502167,23.6078611781714],[-109.589344060226,23.6078926067516],[-109.58935876722,23.6079218059898],[-109.589379936705,23.607947413009],[-109.589389818808,23.6079347496143],[-109.589401988993,23.6079239091473],[-109.589416058639,23.6079152377665],[-109.589402531063,23.6078985895699],[-109.589393161334,23.6078796685672],[-109.589388379333,23.6078593428517],[-109.589388404455,23.60783854496451],[-109.589393235546,23.6078182291091],[-109.589414870756,23.6077586719359],[-109.589525227452,23.6074548603303],[-109.589697036147,23.6073686558566],[-109.589720450605,23.6073726469614],[-109.589744218452,23.6073713164122],[-109.589766936423,23.607364742765],[-109.589787263238,23.6073533141311],[-109.589803998791,23.6073377052626],[-109.58981615501,23.6073188377142],[-109.589856052618,23.6073006473496],[-109.589860262232,23.6073095615951],[-109.589926354959,23.6072815080403],[-109.590084633687,23.60722947813951],[-109.590248152087,23.6071937664489],[-109.590440629695,23.6071783948],[-109.590632183003,23.6072015833926],[-109.590813821588,23.6072622438941],[-109.590976657455,23.6073271602715],[-109.591145486839,23.6073774213091],[-109.591318760502,23.6074125657892],[-109.591494888415,23.6074322712086],[-109.591672254358,23.6074363567394],[-109.591849230743,23.607424784888],[-109.592024193561,23.6073976618395],[-109.592216570025,23.607365350018],[-109.592410897154,23.6073452626314],[-109.592606261281,23.6073374941271],[-109.592801743861,23.607342081033],[-109.592996425796,23.6073590017853],[-109.593182960472,23.6073709514639],[-109.593369726009,23.6073626076473],[-109.593554131434,23.607334086084],[-109.593733618519,23.6072857824452],[-109.593905697273,23.6072183668357],[-109.594067980489,23.6071327744971],[-109.594218216861,23.6070301928317],[-109.594354322221,23.6069120449294],[-109.594474408452,23.6067799698236],[-109.594528180948,23.6068472193637]]]},"properties":{"visibility":true,"Name":"MIA-R-DTCP-2025","timestamp":"null","begin":"null","end":"null","altitudeMode":"null","tessellate":1,"extrude":0,"drawOrder":"null","icon":"null"}},{"type":"Feature","geometry":{"type":"Polygon","coordinates":[[[-109.588973218826,23.606428801182],[-109.58901059221,23.6064433186966],[-109.589224672192,23.6065546738725],[-109.589286972153,23.606595869011],[-109.589419027954,23.6066656602293],[-109.589464186716,23.6066584465584],[-109.589553931785,23.6067058764984],[-109.589681360786,23.6067732221135],[-109.58982424448,23.606818526599],[-109.589891245062,23.6068875701608],[-109.589995075622,23.6069945665251],[-109.590024754685,23.6070765124015],[-109.590119546381,23.60705280695],[-109.590215661695,23.6070341689785],[-109.590387893142,23.6070162682952],[-109.590560998917,23.6070242709474],[-109.590730421425,23.60705796624301],[-109.590891700042,23.6071164670436],[-109.591064146707,23.6071837134754],[-109.591243658553,23.6072328108369],[-109.59142799409,23.6072631460654],[-109.591614851595,23.6072743403726],[-109.591801897845,23.6072662539754],[-109.591986797263,23.6072389878418],[-109.592156857169,23.6072094979665],[-109.592328467392,23.6071890077138],[-109.592501067546,23.6071775839954],[-109.592674094017,23.6071752641165],[-109.592846981794,23.6071820556542],[-109.593019166323,23.6071979364329],[-109.593210090414,23.6072085949776],[-109.593400824832,23.6071953632202],[-109.593587865295,23.6071584842573],[-109.593767775392,23.6070986356447],[-109.593937249729,23.6070169169491],[-109.594093174653,23.6069148295445],[-109.594232685469,23.6067942490263],[-109.594353219067,23.6066573907498],[-109.594209736043,23.6065444805073],[-109.594048184489,23.6064546557489],[-109.593872893915,23.6063903237163],[-109.593688562006,23.6063532084585],[-109.593517892351,23.6063189314006],[-109.593354332742,23.6062624260837],[-109.593201273253,23.6061848636919],[-109.593061886305,23.6060878518544],[-109.592939060914,23.6059734013216],[-109.592848368796,23.6060260963399],[-109.59277007204,23.6060501157082],[-109.592531970321,23.6061005682886],[-109.592280838281,23.6061537811721],[-109.592028233267,23.60620805680101],[-109.591894050938,23.6062284820751],[-109.591795698478,23.6062311615402],[-109.591697642131,23.6062236405115],[-109.591453261242,23.6062075758005],[-109.591208879942,23.6061915106753],[-109.590964498723,23.606175445168],[-109.590837278055,23.6061412394962],[-109.590735818997,23.6061139602317],[-109.590710057459,23.6061070337231],[-109.590635026975,23.6060845743529],[-109.590475867377,23.6060369319165],[-109.590241677562,23.6059668297677],[-109.590007488014,23.6058967272768],[-109.589773298732,23.6058266244439],[-109.589539109718,23.6057565212688],[-109.589438837252,23.6057265051364],[-109.589298955063,23.6057095493931],[-109.58905605678,23.6056801063022],[-109.588813158627,23.6056506628362],[-109.588718202815,23.6056391524398],[-109.588569431417,23.6056411793992],[-109.588324467651,23.6056445166356],[-109.588079503895,23.6056478534847],[-109.587834540147,23.6056511899466],[-109.58758957641,23.6056545260212],[-109.587344612681,23.6056578617085],[-109.587007134396,23.6056624564253],[-109.586669708533,23.6056670665996],[-109.586658060974,23.6057278291994],[-109.586634635641,23.6057856333093],[-109.58660021113,23.6058385576343],[-109.586576177953,23.6058718381364],[-109.586561653679,23.6059095068594],[-109.586557511172,23.6059493000475],[-109.586563999392,23.6059888262702],[-109.586580728428,23.6060257101385],[-109.586606692931,23.606057735058],[-109.586632881679,23.6060867829106],[-109.586665514093,23.6061096285101],[-109.586702903249,23.6061250908569],[-109.586813678977,23.6061494149784],[-109.586891436131,23.6061816697582],[-109.586960234504,23.6062280949701],[-109.587017077349,23.6062866684132],[-109.587059488667,23.6063548387272],[-109.587103475134,23.6064731144262],[-109.587116277249,23.6065975850874],[-109.587121037694,23.6066337548229],[-109.587134738398,23.6066679322611],[-109.587156637909,23.6066982677817],[-109.587185551072,23.6067231196808],[-109.58721991316,23.606741143017],[-109.587257864559,23.6067513623984],[-109.587297351404,23.6067532247693],[-109.587411712012,23.6067541171931],[-109.587523178567,23.6067776920776],[-109.587560656911,23.6067854051424],[-109.587599056927,23.6067850805197],[-109.587636375405,23.6067767351438],[-109.58767066556,23.6067608043661],[-109.587700138583,23.6067381192444],[-109.587831894271,23.6066104976361],[-109.587876671547,23.6065215045708],[-109.587921249122,23.6064252922376],[-109.587952249706,23.6064540883824],[-109.58797160399,23.6064368051931],[-109.588048945521,23.6065081004006],[-109.58810752471,23.6064545487296],[-109.58831308191,23.6063570611743],[-109.588409518099,23.6061894783488],[-109.5886392503,23.6061915671902],[-109.588872733366,23.6063109225357],[-109.588973218826,23.606428801182]]]},"properties":{"visibility":true,"Name":"MIA-R-DTCP-2025","timestamp":"null","begin":"null","end":"null","altitudeMode":"null","tessellate":1,"extrude":0,"drawOrder":"null","icon":"null"}},{"type":"Feature","geometry":{"type":"Polygon","coordinates":[[[-109.587737257063,23.5985726401923],[-109.587877198273,23.5987273911757],[-109.588521510641,23.5989426444942],[-109.588745411519,23.5990598866553],[-109.589406457214,23.598380756365],[-109.590206243531,23.5989046138332],[-109.589596967093,23.5995767402367],[-109.590169376631,23.5999312534207],[-109.591945655667,23.6019688977424],[-109.592208987676,23.60165099893331],[-109.591913789581,23.6014952149881],[-109.592185841993,23.601145510794],[-109.59232997289,23.6010739383411],[-109.59260467509,23.6007218488036],[-109.592802092603,23.6008318824603],[-109.59247668366,23.6011300859286],[-109.592411633896,23.6011051940766],[-109.592249878752,23.601185517586],[-109.592477026976,23.6013274284461],[-109.593423100293,23.6001853102391],[-109.592606789567,23.6000123469327],[-109.592600736716,23.599631919915],[-109.594306788796,23.5992615567534],[-109.594852360727,23.5989841529507],[-109.594974416013,23.598886567787],[-109.595456903725,23.5988006600907],[-109.596117038988,23.5991620231626],[-109.59802428352,23.5989381197854],[-109.600408311858,23.5973964599403],[-109.600550170524,23.597325553485],[-109.601324161606,23.5965793575288],[-109.601260030335,23.5963015848475],[-109.601253869123,23.5958129259132],[-109.601821739623,23.594527310811],[-109.602676584414,23.5936407212394],[-109.602788590945,23.590198356332],[-109.603799045171,23.588508417432],[-109.602808863213,23.5872200815391],[-109.60276550534,23.5873323460967],[-109.602472197785,23.5878416790895],[-109.602001344388,23.5881644022749],[-109.601405490328,23.5883120717882],[-109.600180877882,23.5884720136487],[-109.59832257183,23.5884635029788],[-109.598362795903,23.5907337666052],[-109.598147907961,23.5915789090764],[-109.598356500584,23.5915807917422],[-109.597211863104,23.5957000852946],[-109.594671090676,23.5969221668133],[-109.594280096871,23.5960363539399],[-109.59420834517,23.5960415482904],[-109.594181222797,23.5959800994349],[-109.593314019576,23.5940153495909],[-109.594276027868,23.5937389278554],[-109.59388914926,23.5926243714952],[-109.592864246692,23.5921029895005],[-109.592803720997,23.592148247756],[-109.592672399997,23.5925398116929],[-109.592628817209,23.5926267094309],[-109.59253792828,23.5929979046459],[-109.592514118321,23.5931859740812],[-109.591905500233,23.5934604960887],[-109.591289864893,23.5940404129505],[-109.591565667715,23.5943475447222],[-109.591430710998,23.5944871303975],[-109.591272934098,23.5945668327818],[-109.590266206727,23.5956072311588],[-109.590211931284,23.5956885221714],[-109.589319961402,23.5962870084807],[-109.588934204675,23.5966811335227],[-109.588838405406,23.5968414010502],[-109.587737257063,23.5985726401923]]]},"properties":{"visibility":true,"Name":"MIA-P-Golf-2024","timestamp":"null","begin":"null","end":"null","altitudeMode":"null","tessellate":1,"extrude":0,"drawOrder":"null","icon":"null"},"id":16},{"type":"Feature","geometry":{"type":"Polygon","coordinates":[[[-109.591010781304,23.5991583636586],[-109.590896875011,23.5992737858831],[-109.590806317228,23.5994056062934],[-109.590741830878,23.5995498613684],[-109.590708050997,23.5997060032571],[-109.590667136165,23.5998606890209],[-109.59061915956,23.6000136419046],[-109.590564206994,23.6001645882525],[-109.590502376765,23.600313257998],[-109.590544325778,23.6003613800459],[-109.591945655667,23.6019688977424],[-109.592208987676,23.60165099893331],[-109.591913789581,23.6014952149881],[-109.592185841993,23.601145510794],[-109.59232997289,23.6010739383411],[-109.59260467509,23.6007218488037],[-109.592802092603,23.6008318824603],[-109.59247668366,23.6011300859286],[-109.592411633896,23.6011051940767],[-109.592249878752,23.601185517586],[-109.592477026976,23.6013274284461],[-109.593423100293,23.6001853102391],[-109.592606789567,23.6000123469328],[-109.592600736716,23.599631919915],[-109.594306421252,23.5992598172847],[-109.594852360727,23.5989841529508],[-109.594974416013,23.598886567787],[-109.595458799853,23.5988002870754],[-109.596117038988,23.5991620231626],[-109.59802428352,23.59893811978551],[-109.600408311858,23.5973964599404],[-109.600550170524,23.5973255534851],[-109.601324161606,23.5965793575289],[-109.601260030336,23.5963015848475],[-109.601253869123,23.5958129259132],[-109.601821739623,23.594527310811],[-109.602676584414,23.5936407212395],[-109.602713544205,23.5925048505749],[-109.602730564903,23.5919817478972],[-109.602630783677,23.5920150808051],[-109.602543377708,23.5920705660512],[-109.602474018467,23.5921446033983],[-109.602427206459,23.5922323888252],[-109.6024059792,23.592328226238],[-109.602387100334,23.5924870586801],[-109.602356057748,23.5926442591669],[-109.602313007436,23.5927990375244],[-109.602258165752,23.5929506157507],[-109.602238462425,23.5929870265246],[-109.602210934225,23.5930188360128],[-109.602176797957,23.5930446381616],[-109.602137562523,23.5930632924549],[-109.602094962221,23.5930739743285],[-109.602046701549,23.5930759439971],[-109.601999243804,23.5930676280095],[-109.601955135191,23.5930494725356],[-109.60191674222,23.5930224516529],[-109.601886124747,23.5929880150852],[-109.601864925451,23.5929480104207],[-109.601854281705,23.5929045839846],[-109.601838832673,23.5927562987063],[-109.601826719403,23.5926077503506],[-109.601796338621,23.5924408035427],[-109.601730056686,23.5922829310437],[-109.601630596377,23.5921406177633],[-109.601502043303,23.5920197094662],[-109.601349678063,23.5919251726534],[-109.601179759338,23.5918608905636],[-109.600999266804,23.5918295036703],[-109.600815614446,23.5918323012273],[-109.600636346034,23.5918691683145],[-109.600484354683,23.5919622669262],[-109.600344616387,23.5920704495058],[-109.600218885003,23.5921923582718],[-109.600108738606,23.592326463165],[-109.600015559674,23.59247108105],[-109.599937369463,23.592551566388],[-109.599841472568,23.5926136934438],[-109.599732826448,23.5926542505038],[-109.599617047663,23.592671140934],[-109.599500121514,23.5926634915695],[-109.599493293771,23.5930305494026],[-109.599480269533,23.5932074222487],[-109.59944791602,23.5933821764477],[-109.599396564452,23.5935530225333],[-109.599326740597,23.5937182110517],[-109.5989129159,23.5945674590676],[-109.598862564704,23.5947067592282],[-109.598604857891,23.5957637461497],[-109.598562535725,23.5959106776834],[-109.598508092086,23.5960541792182],[-109.598441848632,23.5961934028316],[-109.598364196748,23.5963275258762],[-109.598335030964,23.5963627668063],[-109.598297430252,23.5963904005352],[-109.598253658941,23.5964087629473],[-109.598206352958,23.5964167482494],[-109.598158361094,23.5964138755632],[-109.598112573443,23.5964003178838],[-109.598071747359,23.5963768916618],[-109.598032128655,23.5963473717761],[-109.597993002085,23.5963246794785],[-109.597949196768,23.5963110634305],[-109.597903149466,23.5963072810519],[-109.597857421652,23.5963135427448],[-109.597814557029,23.5963295001893],[-109.59777694003,23.5963542657197],[-109.5976497781,23.5964558625702],[-109.597514769602,23.5965484628675],[-109.597356572123,23.5966425464834],[-109.597192628752,23.5967278677434],[-109.597023510266,23.5968041295933],[-109.596849805466,23.5968710665199],[-109.596672119121,23.5969284454755],[-109.596491069866,23.5969760666897],[-109.596344642549,23.5970131288227],[-109.596199896935,23.5970554310654],[-109.596057053729,23.5971029089155],[-109.595890570626,23.5971662390537],[-109.595727224176,23.5972361630697],[-109.595567321713,23.597312549404],[-109.595411164091,23.5973952543382],[-109.59525904512,23.59748412226571],[-109.595200530646,23.5975046117855],[-109.59513827906,23.5975106553678],[-109.595076416118,23.5975018524725],[-109.595019041814,23.5974787865164],[-109.594928163107,23.59743864822701],[-109.59483077071,23.5974147826538],[-109.594730261496,23.597408022183],[-109.594579762802,23.5974206838686],[-109.594435432555,23.5974619738903],[-109.594370474945,23.59748041687491],[-109.594302712423,23.5974853140299],[-109.594235429267,23.5974764280034],[-109.594171886523,23.5974541894797],[-109.594115163945,23.5974196763048],[-109.593972848329,23.5972936039816],[-109.593835500796,23.5971890409272],[-109.593682704047,23.597104622529],[-109.593517907554,23.5970422545606],[-109.593448117742,23.5970271993062],[-109.593376448876,23.5970262447536],[-109.59330621611,23.5970394350563],[-109.593240668171,23.597066160075],[-109.592928813495,23.5972323466319],[-109.592812034788,23.5973076643315],[-109.592699127656,23.5973878390953],[-109.592590329774,23.5974727021557],[-109.592514333543,23.5975365408537],[-109.592430936101,23.5975919798076],[-109.592339163644,23.597659940235],[-109.59224878138,23.5977294649801],[-109.592145811972,23.5978028872884],[-109.592035910872,23.5978672121333],[-109.59189413208,23.5979549757062],[-109.591814405815,23.5980171429683],[-109.591740591893,23.5980852291796],[-109.591675950609,23.5981555680758],[-109.591617651073,23.5982304660711],[-109.591524264091,23.5983861769124],[-109.591464885253,23.5985317950413],[-109.591407758125,23.5986752763199],[-109.591332611223,23.5988115209864],[-109.591240500147,23.5989386150965],[-109.591132718819,23.5990547732472],[-109.591010781304,23.5991583636586]]]},"properties":{"visibility":true,"Name":"MIA-P-Golf-2024","timestamp":"null","begin":"null","end":"null","altitudeMode":"null","tessellate":1,"extrude":0,"drawOrder":"null","icon":"null"}},{"type":"Feature","geometry":{"type":"Polygon","coordinates":[[[-109.598362795903,23.5907337666052],[-109.598147907961,23.5915789090764],[-109.598593754581,23.5915829327526],[-109.598628753581,23.5915009276262],[-109.598696472463,23.5913860672086],[-109.598792499822,23.591289860367],[-109.598911055237,23.5912180982783],[-109.599045002245,23.5911751006599],[-109.599284678163,23.5911275153585],[-109.599310550651,23.5911190852375],[-109.599333274681,23.5911049069543],[-109.599351377257,23.5910858995606],[-109.599363684952,23.5910632951358],[-109.599369399973,23.5910385589224],[-109.599368151869,23.5910132943469],[-109.599360021548,23.5909891390835],[-109.599100443589,23.5904653467273],[-109.599072685504,23.5903850832868],[-109.599066403421,23.5903010407118],[-109.599081956722,23.5902180274258],[-109.599118455501,23.5901407929541],[-109.599669212997,23.5892757414194],[-109.599751562928,23.5891259709244],[-109.599813316631,23.5889680083076],[-109.599970833764,23.5884710528033],[-109.59832257183,23.5884635029788],[-109.598362795903,23.5907337666052]]]},"properties":{"visibility":true,"Name":"MIA-P-Golf-2024","timestamp":"null","begin":"null","end":"null","altitudeMode":"null","tessellate":1,"extrude":0,"drawOrder":"null","icon":"null"}},{"type":"Feature","geometry":{"type":"Polygon","coordinates":[[[-109.592590417187,23.5974727004495],[-109.592517393384,23.5975343051196],[-109.592431023978,23.5975919777633],[-109.592339251289,23.5976599383529],[-109.592248868799,23.5977294632682],[-109.592145901444,23.5978028842381],[-109.592036002647,23.5978672081066],[-109.591894219499,23.5979549739945],[-109.591814493235,23.5980171412566],[-109.591740679313,23.5980852274679],[-109.591676038029,23.5981555663641],[-109.591617738493,23.5982304643594],[-109.59152435151,23.5983861752008],[-109.591465105105,23.5985313876189],[-109.591407992439,23.5986749638484],[-109.591332837988,23.5988112998263],[-109.591240698628,23.5989384782059],[-109.59113287011,23.599054710423],[-109.591010868839,23.5991583618501],[-109.590896962503,23.5992737840816],[-109.590806404684,23.5994056045086],[-109.590741918309,23.5995498596077],[-109.590708138427,23.5997060015067],[-109.590667223594,23.5998606872807],[-109.590619246987,23.6000136401744],[-109.590564294419,23.6001645865321],[-109.590502464186,23.6003132562871],[-109.590169464052,23.59993125171],[-109.590068044012,23.59986843902981],[-109.590091226806,23.5998393818828],[-109.590169164553,23.5997389096559],[-109.590229476906,23.5996286188847],[-109.590270739549,23.5995111142404],[-109.590288520879,23.5994658021853],[-109.590316686856,23.5994252070982],[-109.590366779179,23.5993705129321],[-109.590485799484,23.599269482078],[-109.590611689355,23.5991730304423],[-109.590720609531,23.5990603942083],[-109.590810136373,23.5989340797451],[-109.590878277799,23.5987968977819],[-109.590923517608,23.5986519008616],[-109.590944849212,23.5985023154143],[-109.590947144643,23.5984645909105],[-109.590960489102,23.5983863325129],[-109.590966674385,23.5983666240937],[-109.591033515849,23.5982033462614],[-109.591118860231,23.5980475637807],[-109.591221735213,23.5979010513509],[-109.591340968777,23.5977654780606],[-109.591475202558,23.5976423883738],[-109.59162290732,23.597533184537],[-109.591782400378,23.5974391106056],[-109.591882356911,23.5974012164299],[-109.592074487248,23.5973532412119],[-109.592248843929,23.5972942868971],[-109.592409483182,23.5972083898381],[-109.592551548028,23.5970981471693],[-109.592670743126,23.5969668921209],[-109.592763464638,23.596818593232],[-109.592791798712,23.5967625009882],[-109.592868394834,23.5966491941765],[-109.592972317875,23.5965561951434],[-109.59309746447,23.5964889656504],[-109.593236484849,23.5964514540291],[-109.593381214472,23.5964458633059],[-109.593523153512,23.5964725218233],[-109.593713406372,23.5965311148009],[-109.593860090381,23.5965830533734],[-109.594001210468,23.59664675289],[-109.594135658922,23.5967217133529],[-109.594262380398,23.596807346372],[-109.594380380193,23.5969029797833],[-109.594472728485,23.5969847876349],[-109.594549770494,23.5970376139099],[-109.594638669842,23.5970710733718],[-109.594733813466,23.5970830534017],[-109.594730350663,23.597408020492],[-109.594579849251,23.5974206823385],[-109.594435516552,23.5974619735444],[-109.594370559434,23.5974804156771],[-109.594302797606,23.5974853122507],[-109.594235515242,23.5974764259466],[-109.594171973279,23.5974541874534],[-109.594115251364,23.5974196745917],[-109.593972935666,23.5972936021952],[-109.593835587998,23.5971890390679],[-109.593682791093,23.5971046206345],[-109.593517994431,23.59704225267261],[-109.593448204715,23.597027197543],[-109.593376535972,23.5970262430688],[-109.593306303339,23.5970394333994],[-109.593240755526,23.5970661583966],[-109.592928900914,23.5972323449199],[-109.592896801236,23.5972523200428],[-109.592739865976,23.5973580904608],[-109.592590417187,23.5974727004495]]]},"properties":{"visibility":true,"Name":"MIA-P-Golf-2024","timestamp":"null","begin":"null","end":"null","altitudeMode":"null","tessellate":1,"extrude":0,"drawOrder":"null","icon":"null"}},{"type":"Feature","geometry":{"type":"Polygon","coordinates":[[[-109.599520451634,23.5909216026581],[-109.599260875953,23.5903978162167],[-109.599245929241,23.5903545974545],[-109.59924254652,23.5903093437611],[-109.599250921319,23.5902646442876],[-109.599270574469,23.5902230564732],[-109.59964141367,23.5896405955449],[-109.599729342302,23.5894985761824],[-109.599819130662,23.5893575486683],[-109.599883074171,23.5892469467991],[-109.599936955685,23.5891318825948],[-109.599980411894,23.5890131319613],[-109.600151968233,23.5884718814186],[-109.600168605873,23.5884715118812],[-109.600191899503,23.5884698310851],[-109.601403289629,23.5883116161028],[-109.601999143689,23.588163946598],[-109.602469997089,23.5878412234194],[-109.602763304652,23.587331890431],[-109.602806662526,23.5872196258741],[-109.603796844459,23.58850796178],[-109.602786390209,23.5901979006645],[-109.602728334158,23.5919822136331],[-109.602629158659,23.5920158560222],[-109.602542357372,23.5920714118708],[-109.602473514477,23.5921453071173],[-109.602427058863,23.592232787871],[-109.6024059792,23.5923282262379],[-109.602387100334,23.5924870586801],[-109.602356057748,23.5926442591669],[-109.602313007436,23.5927990375244],[-109.602258165752,23.5929506157507],[-109.602238462425,23.5929870265246],[-109.602210934225,23.5930188360128],[-109.602176797957,23.5930446381616],[-109.602137562523,23.5930632924549],[-109.602094962221,23.5930739743285],[-109.602046701549,23.5930759439971],[-109.601999243804,23.5930676280095],[-109.60195513519,23.5930494725355],[-109.60191674222,23.5930224516529],[-109.601886124747,23.5929880150852],[-109.601864925451,23.5929480104207],[-109.601854281705,23.5929045839846],[-109.601838832673,23.5927562987063],[-109.601826719403,23.5926077503506],[-109.601796338642,23.5924408035637],[-109.601730056737,23.5922829310796],[-109.601630596466,23.5921406178056],[-109.601502043433,23.5920197095043],[-109.601349678237,23.5919251726756],[-109.601179759552,23.5918608905577],[-109.600999267053,23.5918295036245],[-109.60081561472,23.5918323011311],[-109.60063634632,23.59186916815951],[-109.600484354901,23.5919622667768],[-109.600344616542,23.5920704493737],[-109.600218885102,23.5921923581678],[-109.600108738658,23.5923264630984],[-109.600015559691,23.5924710810285],[-109.59993736948,23.592551566374],[-109.599841472583,23.5926136934362],[-109.599732826459,23.592654250501],[-109.599617047669,23.5926711409337],[-109.599500121514,23.5926634915695],[-109.598432657358,23.5924424460983],[-109.598469448295,23.5923182665669],[-109.598794408419,23.5915596705271],[-109.598840610546,23.591480433602],[-109.598906391175,23.5914139783792],[-109.598987775368,23.5913643205374],[-109.59907984533,23.5913344607401],[-109.599321815459,23.5912864199603],[-109.599390026124,23.5912641946484],[-109.599449936115,23.5912268147864],[-109.599497661995,23.5911767033843],[-109.599530110128,23.5911171087245],[-109.599545177211,23.5910518938016],[-109.599541886603,23.5909852859167],[-109.599520451634,23.5909216026581]]]},"properties":{"visibility":true,"Name":"MIA-P-Golf-2024","timestamp":"null","begin":"null","end":"null","altitudeMode":"null","tessellate":1,"extrude":0,"drawOrder":"null","icon":"null"},"id":20},{"type":"Feature","geometry":{"type":"Polygon","coordinates":[[[-109.599500121514,23.5926634915695],[-109.599493293771,23.593030549403],[-109.599480269533,23.593207422249],[-109.59944791602,23.5933821764479],[-109.599396564452,23.5935530225334],[-109.599326740597,23.5937182110517],[-109.5989129159,23.5945674590676],[-109.598862564704,23.5947067592283],[-109.598604857891,23.5957637461496],[-109.598562535725,23.5959106776833],[-109.598508092086,23.5960541792182],[-109.598441848632,23.5961934028316],[-109.598364196748,23.5963275258762],[-109.598335030964,23.5963627668063],[-109.598297430252,23.5963904005352],[-109.598253658941,23.5964087629473],[-109.598206352958,23.5964167482494],[-109.598158361094,23.5964138755631],[-109.598112573443,23.5964003178837],[-109.598071747359,23.5963768916618],[-109.598032119649,23.5963473650665],[-109.597992647108,23.59632452256],[-109.597948437823,23.5963109161434],[-109.597901992375,23.5963073154268],[-109.597855937824,23.5963139240745],[-109.597812879124,23.5963303682856],[-109.597775251775,23.596355717937],[-109.597648877899,23.5964565290265],[-109.597514769602,23.5965484628674],[-109.597356572123,23.5966425464833],[-109.597192628752,23.5967278677434],[-109.597023510266,23.5968041295933],[-109.596849805465,23.5968710665198],[-109.59667211912,23.5969284454755],[-109.596491069866,23.5969760666897],[-109.596344642362,23.5970131288743],[-109.596199896566,23.5970554311821],[-109.596057053184,23.5971029091103],[-109.5958905702,23.5971662392259],[-109.595727223867,23.5972361632103],[-109.595567321517,23.597312549504],[-109.595411164002,23.597395254389],[-109.595259045133,23.597484122259],[-109.595200498313,23.5975046189019],[-109.595138212583,23.5975106539095],[-109.595076320312,23.597501826888],[-109.595018927765,23.5974787234701],[-109.594928095278,23.5974385792473],[-109.594830737317,23.5974147338135],[-109.594730263244,23.5974080222054],[-109.594733726047,23.5970830551152],[-109.594804824114,23.5970775604607],[-109.594873574837,23.597059982347],[-109.594937581887,23.597030933464],[-109.595130915834,23.5969214300393],[-109.595268687036,23.596846984081],[-109.595409319685,23.5967772301878],[-109.595552625713,23.5967122616411],[-109.595698413475,23.5966521653231],[-109.595846488009,23.5965970216002],[-109.59601103604,23.5965423181424],[-109.596177777414,23.5964935808162],[-109.596346457544,23.5964508840368],[-109.596498323599,23.5964108113856],[-109.596647272309,23.5963623228808],[-109.596792755095,23.5963055971053],[-109.596934236145,23.5962408429798],[-109.597071194388,23.5961682989934],[-109.597208570874,23.596075646357],[-109.597328229261,23.5959640561986],[-109.597427129849,23.5958363632995],[-109.597502760282,23.5956958114999],[-109.597553199364,23.5955459712911],[-109.597810913986,23.5944889864676],[-109.597861314313,23.5943219978752],[-109.597929645516,23.5941605141215],[-109.598343474975,23.5933112689237],[-109.598395943644,23.5931657697903],[-109.59841559294,23.593013519095],[-109.598424661478,23.5925262093909],[-109.598432657358,23.5924424460983],[-109.599500121514,23.5926634915695]]]},"properties":{"visibility":true,"Name":"MIA-P-Golf-2024","timestamp":"null","begin":"null","end":"null","altitudeMode":"null","tessellate":1,"extrude":0,"drawOrder":"null","icon":"null"}},{"type":"Feature","geometry":{"type":"Polygon","coordinates":[[[-109.591100650956,23.5997362757301],[-109.591049987804,23.5996665206149],[-109.590961440406,23.5997211122854],[-109.590998897306,23.5997727087441],[-109.590993183329,23.5997762061366],[-109.59100638588,23.5997943924928],[-109.591100650956,23.5997362757301]]]},"properties":{"visibility":true,"Name":"MIA-P-Golf-2024","timestamp":"null","begin":"null","end":"null","altitudeMode":"null","tessellate":1,"extrude":0,"drawOrder":"null","icon":"null"}},{"type":"Feature","geometry":{"type":"Polygon","coordinates":[[[-109.591259914852,23.5950551135689],[-109.591480713535,23.5954243902513],[-109.591675551788,23.5957541414919],[-109.591799808852,23.5962824479227],[-109.591787510908,23.59631449885031],[-109.591783168645,23.5963482582326],[-109.591786995004,23.5963820705829],[-109.59185425667,23.5965765387077],[-109.591909098041,23.5966910240154],[-109.591988323629,23.5967926628158],[-109.592088544074,23.5968771068139],[-109.592205471789,23.5969407433315],[-109.592235152998,23.5969532828916],[-109.592255366511,23.5969647350057],[-109.592272000477,23.5969803289225],[-109.592284079571,23.5969991503011],[-109.59229089554,23.5970200955599],[-109.59229204873,23.5970419365838],[-109.592287471522,23.5970633927344],[-109.592277432295,23.5970832059398],[-109.592262519694,23.5971002144607],[-109.592243608111,23.5971134210092],[-109.592138896682,23.597161406864],[-109.592028271667,23.5971963518711],[-109.591830581775,23.5972457153246],[-109.591750457187,23.5972584040593],[-109.591559321595,23.5972879507636],[-109.591377071414,23.5973487018371],[-109.591209652715,23.5974386752218],[-109.591062527702,23.5975549354553],[-109.590940496519,23.5976936894377],[-109.590847540634,23.597850410179],[-109.59078669294,23.598019984491],[-109.590759938792,23.5981968798046],[-109.590768151214,23.5983753246732],[-109.590771272651,23.5984501919818],[-109.590768654688,23.5984932163126],[-109.590744741963,23.5986434963879],[-109.590692150478,23.5987874434818],[-109.590612563927,23.5989204489437],[-109.59050853031,23.5990382544211],[-109.590383380358,23.5991370882009],[-109.590303310005,23.5991969541975],[-109.590231989186,23.5992655754531],[-109.589818688758,23.59971406066],[-109.589596967093,23.5995767402367],[-109.590206243531,23.5989046138332],[-109.589406457214,23.598380756365],[-109.588785591504,23.5990186077357],[-109.588745411519,23.5990598866553],[-109.588521510641,23.5989426444942],[-109.588042940856,23.5987827631468],[-109.588119770627,23.5985874497515],[-109.588159090904,23.5984957590507],[-109.588204031753,23.5984062885438],[-109.588375869172,23.5980883506405],[-109.58846843427,23.5979367571904],[-109.588577096647,23.5977945265306],[-109.58870075112,23.5976631052014],[-109.58884703799,23.5975226163082],[-109.588948321563,23.5974178104414],[-109.589040874154,23.5973063583318],[-109.589124184009,23.5971888762603],[-109.58925379984,23.5969903468292],[-109.589325929957,23.5968882161273],[-109.589405704638,23.59679103363821],[-109.58949272569,23.5966992844263],[-109.589803152112,23.5963944301112],[-109.589896130024,23.5963093010429],[-109.590365721311,23.5959311899296],[-109.590497243899,23.5958154036877],[-109.590617100038,23.5956893196208],[-109.590785392404,23.59549555630141],[-109.590864720686,23.5954100893494],[-109.590949924211,23.5953295685823],[-109.591259914852,23.5950551135689]]]},"properties":{"visibility":true,"Name":"MIA-P-Golf-2024","timestamp":"null","begin":"null","end":"null","altitudeMode":"null","tessellate":1,"extrude":0,"drawOrder":"null","icon":"null"},"id":23},{"type":"Feature","geometry":{"type":"Polygon","coordinates":[[[-109.589778195827,23.5961884096895],[-109.589674534565,23.5962831989862],[-109.589364108137,23.5965880530466],[-109.589268886133,23.5966884486998],[-109.58918159338,23.596794789668],[-109.589102665596,23.5969065451756],[-109.588973049634,23.5971050744755],[-109.58889691473,23.5972124383994],[-109.58881233314,23.5973142916856],[-109.588719772543,23.5974100711316],[-109.588573485675,23.5975505599064],[-109.588470517875,23.5976572465761],[-109.588376596176,23.5977708014082],[-109.588292258109,23.5978905745345],[-109.588217986364,23.5980158804986],[-109.588046148678,23.5983338182163],[-109.587996972478,23.5984317204444],[-109.587953946525,23.59853205210411],[-109.587877134259,23.5987273203882],[-109.587877198273,23.5987273911758],[-109.588042940856,23.5987827631468],[-109.588119770627,23.5985874497515],[-109.588159090904,23.5984957590507],[-109.588204031753,23.5984062885438],[-109.588375869172,23.5980883506405],[-109.58846843427,23.5979367571904],[-109.588577096647,23.5977945265306],[-109.58870075112,23.5976631052014],[-109.58884703799,23.5975226163082],[-109.588948321563,23.5974178104414],[-109.589040874154,23.5973063583318],[-109.589124184009,23.5971888762603],[-109.58925379984,23.5969903468292],[-109.589325929957,23.5968882161273],[-109.589405704638,23.59679103363821],[-109.58949272569,23.5966992844263],[-109.589803152112,23.5963944301112],[-109.589896130024,23.5963093010429],[-109.590365721311,23.5959311899296],[-109.590497243899,23.5958154036877],[-109.590617100038,23.5956893196208],[-109.590785392404,23.59549555630141],[-109.590864720686,23.5954100893494],[-109.590949924211,23.5953295685823],[-109.591452485829,23.5948846169521],[-109.591532752884,23.5948094656775],[-109.591608340261,23.5947303002877],[-109.59172093714,23.5946055099404],[-109.591605586459,23.5944791200676],[-109.591472722737,23.5946263718991],[-109.591403645267,23.5946987191584],[-109.591330291169,23.5947673980159],[-109.59082772963,23.5952123492587],[-109.590734496458,23.59530045829551],[-109.590647692195,23.5953939796499],[-109.590479399773,23.5955877428189],[-109.590369866156,23.5957029678778],[-109.590249670893,23.5958087820066],[-109.589778195827,23.5961884096895]]]},"properties":{"visibility":true,"Name":"MIA-P-Golf-2024","timestamp":"null","begin":"null","end":"null","altitudeMode":"null","tessellate":1,"extrude":0,"drawOrder":"null","icon":"null"}},{"type":"Feature","geometry":{"type":"Polygon","coordinates":[[[-109.59169209945,23.5945739124795],[-109.591876207433,23.5947756392752],[-109.592539658695,23.5945805226563],[-109.593305100078,23.5943554071086],[-109.593287307283,23.5943151121225],[-109.593296440182,23.5943138448691],[-109.593304980843,23.5943106051458],[-109.593312435492,23.5943055802549],[-109.593318373145,23.5942990607067],[-109.59332245052,23.5942914234245],[-109.593324431888,23.5942831099519],[-109.593324202697,23.5942746009264],[-109.593321776199,23.59426638829081],[-109.59319626178,23.5939820451022],[-109.593189274704,23.5939612868773],[-109.593186225779,23.593939735259],[-109.593180749555,23.59390834184901],[-109.593167631112,23.5938789334777],[-109.593147565222,23.5938530676375],[-109.593121614593,23.5938321142044],[-109.593091153593,23.5938171828885],[-109.593057795463,23.5938090644636],[-109.593023306873,23.5938081888874],[-109.592847204511,23.5938601117176],[-109.592003784963,23.5942284718834],[-109.59169209945,23.5945739124795]]]},"properties":{"visibility":true,"Name":"MIA-P-Golf-2024","timestamp":"null","begin":"null","end":"null","altitudeMode":"null","tessellate":1,"extrude":0,"drawOrder":"null","icon":"null"}},{"type":"Feature","geometry":{"type":"Polygon","coordinates":[[[-109.592003784963,23.5942284718834],[-109.592847204511,23.5938601117176],[-109.593023306873,23.5938081888874],[-109.593057795463,23.5938090644636],[-109.593091153593,23.5938171828885],[-109.593121614593,23.5938321142044],[-109.593147565222,23.5938530676375],[-109.593167631112,23.5938789334777],[-109.593180749555,23.59390834184901],[-109.593186225779,23.593939735259],[-109.593189274704,23.5939612868773],[-109.59319626178,23.5939820451022],[-109.593321776199,23.59426638829081],[-109.593324170548,23.5942744024284],[-109.593324471046,23.5942827101851],[-109.593322661121,23.5942908534809],[-109.593318840572,23.5942983833039],[-109.593313220058,23.5943048844684],[-109.593306109489,23.5943099985073],[-109.593297900932,23.5943134434386],[-109.593287875673,23.5943163993447],[-109.593305100078,23.5943554071086],[-109.593433221204,23.5943177263621],[-109.593315908503,23.5940519101874],[-109.593310372072,23.5940373778434],[-109.593308393748,23.5940220840974],[-109.593310068035,23.5940067595461],[-109.593315314949,23.5939921362572],[-109.593323883842,23.5939789127984],[-109.593601663569,23.5935941285726],[-109.593625710235,23.5935560803549],[-109.593639266926,23.5935138583881],[-109.593641558335,23.5934698773763],[-109.593632453427,23.5934266526224],[-109.593263931535,23.5923686583394],[-109.593242901482,23.5923284797402],[-109.593213962737,23.5922927213049],[-109.593178171994,23.5922626887414],[-109.592864246692,23.5921029895005],[-109.592811102576,23.5921427281629],[-109.592824562244,23.5921618480162],[-109.59282636087,23.592165037282],[-109.592827438609,23.5921684916392],[-109.592827752775,23.5921720742771],[-109.592827290927,23.5921756433044],[-109.592802086816,23.5922632949412],[-109.592801545854,23.5922688264725],[-109.592802548067,23.5922743030843],[-109.592805027641,23.5922793651318],[-109.592808821745,23.5922836801944],[-109.592813681223,23.5922869649053],[-109.592875447691,23.5923183837923],[-109.592908449471,23.5923096028759],[-109.592917962948,23.5923400101],[-109.592946208171,23.5923325043235],[-109.592954358686,23.59235852356751],[-109.59298260115,23.5923510089691],[-109.592995129803,23.5923300892737],[-109.592996647606,23.5923281917026],[-109.592998646596,23.5923267208288],[-109.593000990546,23.5923257768898],[-109.59300351972,23.5923254242136],[-109.593006061758,23.5923256868344],[-109.593008443425,23.592326546855],[-109.59308616005,23.5923660789996],[-109.593145902982,23.5924062630701],[-109.593192871449,23.5924589183745],[-109.593224092075,23.5925207115452],[-109.593539236481,23.593428515352],[-109.593546058367,23.5934633133381],[-109.593542875202,23.5934985528114],[-109.593529903907,23.5935318322591],[-109.593508028447,23.5935608837392],[-109.593478739597,23.593583727438],[-109.593444033345,23.5935988065918],[-109.59281264543,23.5937849690133],[-109.591948424451,23.5941627115138],[-109.591634424109,23.594510717543],[-109.59169209945,23.5945739124795],[-109.592003784963,23.5942284718834]]]},"properties":{"visibility":true,"Name":"MIA-P-Golf-2024","timestamp":"null","begin":"null","end":"null","altitudeMode":"null","tessellate":1,"extrude":0,"drawOrder":"null","icon":"null"}},{"type":"Feature","geometry":{"type":"Polygon","coordinates":[[[-109.594136572974,23.5965306323449],[-109.594265695169,23.5966067507452],[-109.594387931143,23.5966919803347],[-109.594502525635,23.5967857945161],[-109.59459487393,23.5968676022961],[-109.594627496927,23.5968911655702],[-109.594664582106,23.596908225912],[-109.594280096871,23.5960363539399],[-109.59420834517,23.5960415482904],[-109.594181222797,23.5959800994349],[-109.594149317811,23.5959078160298],[-109.594174312917,23.5959861694189],[-109.594183607112,23.5960673882394],[-109.5941634074,23.5962446176966],[-109.594098379648,23.5964124433801],[-109.594090286596,23.5964337396967],[-109.594088175143,23.5964562202141],[-109.594092177121,23.596478481342],[-109.594102042667,23.5964991331873],[-109.594117155818,23.596516886333],[-109.594136572974,23.5965306323449]]]},"properties":{"visibility":true,"Name":"MIA-P-Golf-2024","timestamp":"null","begin":"null","end":"null","altitudeMode":"null","tessellate":1,"extrude":0,"drawOrder":"null","icon":"null"}},{"type":"Feature","geometry":{"type":"Polygon","coordinates":[[[-109.593433221204,23.5943177263621],[-109.593315908503,23.5940519101874],[-109.593310372072,23.5940373778434],[-109.593308393748,23.5940220840974],[-109.593310068035,23.5940067595461],[-109.593315314949,23.5939921362572],[-109.593323883842,23.5939789127984],[-109.593601663569,23.5935941285726],[-109.593625710235,23.5935560803549],[-109.593639266926,23.5935138583881],[-109.593641558335,23.5934698773763],[-109.593632453427,23.5934266526224],[-109.593263931535,23.5923686583394],[-109.593242901482,23.5923284797402],[-109.593213962737,23.5922927213049],[-109.593178171994,23.5922626887414],[-109.59388914926,23.5926243714952],[-109.594276027868,23.5937389278554],[-109.593314019576,23.5940153495909],[-109.59344584281,23.594314014309],[-109.593433221204,23.5943177263621]]]},"properties":{"visibility":true,"Name":"MIA-P-Golf-2024","timestamp":"null","begin":"null","end":"null","altitudeMode":"null","tessellate":1,"extrude":0,"drawOrder":"null","icon":"null"}},{"type":"Feature","geometry":{"type":"Polygon","coordinates":[[[-109.591989898997,23.5964794367453],[-109.591983112647,23.5964905400789],[-109.591979328026,23.5965027970469],[-109.591978754491,23.5965155296305],[-109.591981423768,23.596528033501],[-109.591984813796,23.596537715695],[-109.592028195849,23.5966282786686],[-109.592090866875,23.5967086794682],[-109.59217014573,23.5967754784052],[-109.592262640744,23.5968258176969],[-109.592415188473,23.5968902651493],[-109.59243711352,23.5968967824997],[-109.592460083749,23.5968984023655],[-109.592482829548,23.5968950352133],[-109.592504093713,23.5968868671521],[-109.592522700932,23.5968743496466],[-109.592537622749,23.5968581745635],[-109.592603472838,23.5967499947396],[-109.592631806962,23.5966939025271],[-109.59273100531,23.5965471610168],[-109.592865594147,23.5964267197498],[-109.593027669122,23.596339652131],[-109.593207711708,23.5962910715537],[-109.593395148204,23.5962838311067],[-109.593578970688,23.5963183560213],[-109.59384113503,23.596419869571],[-109.593869250986,23.5964269009395],[-109.593898379697,23.5964273507162],[-109.593926735474,23.596421191328],[-109.593952580014,23.5964088003659],[-109.593974328961,23.5963909374369],[-109.593990649034,23.5963686975977],[-109.594048371165,23.5962231794451],[-109.594066034507,23.5960691005873],[-109.59405865868,23.5960058065253],[-109.594038724074,23.5959448570469],[-109.593334158592,23.5943468609377],[-109.592539658695,23.5945805226563],[-109.591876207433,23.5947756392752],[-109.591721383214,23.5946059987028],[-109.591608340261,23.5947303002877],[-109.591532752884,23.5948094656775],[-109.591452485829,23.5948846169521],[-109.591259914852,23.5950551135689],[-109.591480713535,23.5954243902513],[-109.591675551788,23.5957541414919],[-109.591799808852,23.5962824479227],[-109.591846897011,23.5961928041572],[-109.591859487687,23.5961747072285],[-109.591876363014,23.5961598656295],[-109.591896566679,23.5961491204242],[-109.591918953752,23.5961430805363],[-109.591942255573,23.5961420882425],[-109.591965151642,23.5961461997755],[-109.591986344456,23.5961551821375],[-109.59200463303,23.5961685263042],[-109.592079213722,23.5962377537111],[-109.592093400283,23.5962544580155],[-109.592102967219,23.5962737512664],[-109.592107386656,23.5962945689232],[-109.592106414739,23.5963157623328],[-109.592100105093,23.5963361621086],[-109.592088805864,23.5963546426542],[-109.591989898997,23.5964794367453]]]},"properties":{"visibility":true,"Name":"MIA-P-Golf-2024","timestamp":"null","begin":"null","end":"null","altitudeMode":"null","tessellate":1,"extrude":0,"drawOrder":"null","icon":"null"},"id":29},{"type":"Feature","geometry":{"type":"Polygon","coordinates":[[[-109.597638826054,23.5944533502617],[-109.597381110154,23.5955103347421],[-109.597325132938,23.5956656133799],[-109.59723688333,23.595807593371],[-109.597119859927,23.595930645864],[-109.596978702112,23.5960298923827],[-109.596818427262,23.5961133022706],[-109.596651753094,23.5961852764194],[-109.596479638594,23.5962454007137],[-109.596303074051,23.5962933292186],[-109.596127747885,23.5963377082686],[-109.595954436855,23.5963883658645],[-109.59578340558,23.5964452246592],[-109.595629310047,23.5965026114364],[-109.595477594955,23.5965651535496],[-109.5953284633,23.5966327673173],[-109.595182114621,23.5967053622722],[-109.595038744737,23.5967828412822],[-109.594845226442,23.5968924490925],[-109.594808228568,23.5969089627536],[-109.594768407142,23.59691836949891],[-109.594727351394,23.5969202939156],[-109.594686699815,23.5969146592027],[-109.597211863104,23.5957000852946],[-109.598356500584,23.5915807917422],[-109.598593754581,23.5915829327526],[-109.598305312874,23.5922587675181],[-109.598263941363,23.5923887402397],[-109.59824831115,23.5925234219434],[-109.598239241961,23.5930107316064],[-109.598223803075,23.5931303571282],[-109.598182577568,23.5932446778263],[-109.59776874733,23.5940939225627],[-109.597716753221,23.59421096507941],[-109.597673381205,23.594330953903],[-109.597638826054,23.5944533502617]]]},"properties":{"visibility":true,"Name":"MIA-P-Golf-2024","timestamp":"null","begin":"null","end":"null","altitudeMode":"null","tessellate":1,"extrude":0,"drawOrder":"null","icon":"null"}},{"type":"Feature","geometry":{"type":"Polygon","coordinates":[[[-109.598362795903,23.5907337666052],[-109.598147907961,23.5915789090764],[-109.598593754581,23.5915829327526],[-109.598628753581,23.5915009276262],[-109.598696472463,23.5913860672086],[-109.598792499822,23.591289860367],[-109.598911055237,23.5912180982783],[-109.599045002245,23.5911751006599],[-109.599284678163,23.5911275153585],[-109.599310550651,23.5911190852375],[-109.599333274681,23.5911049069543],[-109.599351377257,23.5910858995606],[-109.599363684952,23.5910632951358],[-109.599369399973,23.5910385589224],[-109.599368151869,23.5910132943469],[-109.599360021548,23.5909891390835],[-109.599100443589,23.5904653467273],[-109.599072685504,23.5903850832868],[-109.59906640342,23.5903010407118],[-109.599081956722,23.5902180274258],[-109.599118455501,23.5901407929541],[-109.599487637915,23.5895609924712],[-109.599578412014,23.5894183596556],[-109.599669212997,23.5892757414194],[-109.599751562928,23.5891259709244],[-109.599813316631,23.5889680083076],[-109.599970833764,23.5884710528033],[-109.59832257183,23.5884635029788],[-109.598362795903,23.5907337666052]]]},"properties":{"visibility":true,"Name":"MIA-P-Golf-2024","timestamp":"null","begin":"null","end":"null","altitudeMode":"null","tessellate":1,"extrude":0,"drawOrder":"null","icon":"null"}},{"type":"Feature","geometry":{"type":"Polygon","coordinates":[[[-109.591289864893,23.5940404129505],[-109.591565667715,23.5943475447222],[-109.591632068509,23.5944104495364],[-109.591583034518,23.5944544098428],[-109.591605586459,23.5944791200676],[-109.591634424109,23.594510717543],[-109.591948424451,23.5941627115138],[-109.59281264543,23.5937849690133],[-109.593444033345,23.5935988065918],[-109.593478739597,23.593583727438],[-109.593508028447,23.5935608837392],[-109.593529903907,23.5935318322591],[-109.593542875202,23.5934985528114],[-109.593546058367,23.5934633133381],[-109.593539236481,23.593428515352],[-109.593224092075,23.5925207115452],[-109.593192871449,23.5924589183745],[-109.593145902982,23.5924062630701],[-109.59308616005,23.5923660789996],[-109.593008443425,23.592326546855],[-109.593006061758,23.5923256868344],[-109.59300351972,23.5923254242136],[-109.593000990546,23.5923257768898],[-109.592998646596,23.5923267208288],[-109.592996647606,23.5923281917026],[-109.592995129803,23.5923300892737],[-109.59298260115,23.5923510089691],[-109.592954358686,23.59235852356751],[-109.592946208171,23.5923325043235],[-109.592917962948,23.5923400101],[-109.592908449471,23.5923096028759],[-109.592875447691,23.5923183837923],[-109.592813681223,23.5922869649053],[-109.592808821745,23.5922836801944],[-109.592805027641,23.5922793651318],[-109.592802548067,23.5922743030843],[-109.592801545854,23.5922688264725],[-109.592802086816,23.5922632949412],[-109.592827290927,23.5921756433044],[-109.592827752775,23.5921720742771],[-109.592827438609,23.5921684916392],[-109.59282636087,23.592165037282],[-109.592824562244,23.5921618480162],[-109.592811102576,23.5921427281629],[-109.592803720997,23.592148247756],[-109.592672399997,23.5925398116929],[-109.592628817209,23.5926267094309],[-109.59253792828,23.5929979046459],[-109.592514118321,23.5931859740813],[-109.591905500233,23.5934604960887],[-109.591289864893,23.5940404129505]]]},"properties":{"visibility":true,"Name":"MIA-P-Golf-2024","timestamp":"null","begin":"null","end":"null","altitudeMode":"null","tessellate":1,"extrude":0,"drawOrder":"null","icon":"null"}},{"type":"Feature","geometry":{"type":"Polygon","coordinates":[[[-109.587775427484,23.5985126291231],[-109.587737257063,23.59857264019241],[-109.587877134259,23.5987273203882],[-109.587953946525,23.59853205210411],[-109.587996972478,23.5984317204444],[-109.588046148678,23.5983338182163],[-109.588217986364,23.5980158804986],[-109.588292258109,23.5978905745345],[-109.588376596176,23.5977708014082],[-109.588470517875,23.5976572465761],[-109.588573485675,23.5975505599064],[-109.588719772543,23.5974100711316],[-109.58881233314,23.5973142916856],[-109.58889691473,23.5972124383994],[-109.588973049634,23.5971050744755],[-109.589102665596,23.5969065451755],[-109.58918159338,23.596794789668],[-109.589268886133,23.5966884486998],[-109.589364108137,23.5965880530466],[-109.589674534565,23.5962831989862],[-109.589778195827,23.5961884096895],[-109.590249670893,23.5958087820066],[-109.590369866156,23.5957029678778],[-109.590479399773,23.5955877428189],[-109.590647692195,23.5953939796499],[-109.590734496458,23.5953004582956],[-109.59082772963,23.5952123492587],[-109.591330291169,23.5947673980159],[-109.591403645267,23.5946987191584],[-109.591472722737,23.5946263718991],[-109.591605586459,23.5944791200676],[-109.591583034518,23.5944544098428],[-109.591632068509,23.5944104495364],[-109.591565667715,23.5943475447222],[-109.591430710998,23.5944871303975],[-109.591351822571,23.5945269816109],[-109.591272934098,23.5945668327818],[-109.590266206727,23.5956072311589],[-109.590211931284,23.5956885221714],[-109.589319961402,23.5962870084807],[-109.588934204675,23.5966811335227],[-109.588838405406,23.5968414010502],[-109.587775427484,23.5985126291231]]]},"properties":{"visibility":true,"Name":"MIA-P-Golf-2024","timestamp":"null","begin":"null","end":"null","altitudeMode":"null","tessellate":1,"extrude":0,"drawOrder":"null","icon":"null"}},{"type":"Feature","geometry":{"type":"Polygon","coordinates":[[[-109.574542169836,23.5994235440957],[-109.574340030955,23.5997611829735],[-109.574433782121,23.5997954560466],[-109.575869032926,23.5972487190629],[-109.576216873587,23.5966260708379],[-109.576242880971,23.5965795163294],[-109.576123931924,23.596563835928],[-109.57614145209,23.5965857248094],[-109.574542169836,23.5994235440957]]]},"properties":{"visibility":true,"Name":"MIA-P-Marina-2018","timestamp":"null","begin":"null","end":"null","altitudeMode":"null","tessellate":1,"extrude":0,"drawOrder":"null","icon":"null"}},{"type":"Feature","geometry":{"type":"Polygon","coordinates":[[[-109.586662677684,23.5991882699644],[-109.586667212097,23.59927356271921],[-109.586430113776,23.599373796441],[-109.586348644632,23.5993815618097],[-109.586183185231,23.5994402912325],[-109.586086414808,23.5994264958965],[-109.585805253997,23.5995735769184],[-109.58573957048,23.5995028990682],[-109.585606812313,23.5992993982036],[-109.585409422562,23.5994113890073],[-109.58536597295,23.5994239976075],[-109.585027520042,23.59941242461681],[-109.585179420824,23.598725882041],[-109.584884514932,23.59862520061341],[-109.584148905244,23.5984632359769],[-109.584062851855,23.5985658944234],[-109.583950918565,23.5984563219309],[-109.583833974535,23.5983512879926],[-109.583712236254,23.5982509870378],[-109.583563995544,23.5981431909025],[-109.583406889979,23.5980466450105],[-109.583241922442,23.5979619656476],[-109.583070145992,23.5978896933499],[-109.582892657149,23.5978302894538],[-109.582710588889,23.5977841331513],[-109.582525103416,23.5977515190703],[-109.582378707892,23.5977329138121],[-109.582230938981,23.5977346573479],[-109.582050965728,23.5977649275111],[-109.58188014422,23.5978252832559],[-109.581724341442,23.5979136516204],[-109.58158890858,23.5980269975281],[-109.58147849723,23.5981614280245],[-109.581396899641,23.5983123259779],[-109.58134691846,23.5984745086531],[-109.581321615817,23.5986008591674],[-109.58127474373,23.5987749490481],[-109.58121509392,23.5989456866993],[-109.581142944253,23.5991122766401],[-109.581058630836,23.5992739427118],[-109.580962546452,23.5994299316935],[-109.580855138732,23.59957951681231],[-109.580736908068,23.5997220011298],[-109.580608405284,23.5998567207891],[-109.580470229068,23.5999830481086],[-109.580323023186,23.6001003945065],[-109.580167473476,23.6002082132438],[-109.580004304661,23.6003060019716],[-109.579834276967,23.6003933050722],[-109.579658182582,23.6004697157823],[-109.579476841962,23.6005348780881],[-109.579307194423,23.6006106487791],[-109.579160437024,23.6007196988518],[-109.579044118476,23.6008564191748],[-109.57896422188,23.6010137773465],[-109.578924856973,23.6011836794055],[-109.578928048712,23.6013573861461],[-109.57897363309,23.6015259626293],[-109.579059265535,23.6016807377672],[-109.579180541479,23.6018137503433],[-109.579331222895,23.6019181585242],[-109.57936850888,23.6018756550276],[-109.579405994401,23.6018329309199],[-109.579433081741,23.6018020581114],[-109.579434524692,23.6017855549113],[-109.579308270493,23.6017014640287],[-109.579207134258,23.6015922774597],[-109.579136836122,23.6014641707328],[-109.579101351997,23.6013243894682],[-109.57910268872,23.6011808395647],[-109.579140770569,23.6010416400461],[-109.579213443574,23.6009146638592],[-109.579316597366,23.6008070925951],[-109.579444397667,23.6007250103169],[-109.57953535682,23.6006882204037],[-109.579716124357,23.6006236644512],[-109.579892038394,23.6005485803751],[-109.580062377779,23.6004632759801],[-109.580226444219,23.6003681009688],[-109.580383565139,23.6002634455074],[-109.580533096441,23.6001497386267],[-109.580674425145,23.6000274464622],[-109.580806971904,23.5998970703437],[-109.580930193375,23.5997591447392],[-109.581043584448,23.5996142350642],[-109.581146680318,23.5994629353631],[-109.581239058387,23.599305865874],[-109.58132034,23.5991436704853],[-109.581390191993,23.5989770140968],[-109.58144832806,23.5988065798929],[-109.581494509926,23.5986330665423],[-109.581520303806,23.5985043501159],[-109.581571121114,23.5983489040026],[-109.581657172186,23.5982072425754],[-109.581774394372,23.5980860537973],[-109.581917253452,23.5979910590848],[-109.582079004913,23.5979267432041],[-109.58225201236,23.5978961425504],[-109.58225384286,23.5978416693634],[-109.582378578764,23.5978415083411],[-109.582502056351,23.5978577959331],[-109.582686423803,23.5978901371069],[-109.582867220649,23.597936540903],[-109.58287357464,23.5979390855567],[-109.582879147205,23.59794287901361],[-109.582883654255,23.5979477278847],[-109.582886866022,23.597953384976],[-109.582888618773,23.5979595618911],[-109.582884375454,23.5981089893287],[-109.58299932569,23.5981512748789],[-109.583006821568,23.5980220350769],[-109.583008005567,23.5980156378977],[-109.583010806464,23.5980096837511],[-109.583015063538,23.5980045142952],[-109.583020532511,23.5980004261614],[-109.583026899565,23.5979976539329],[-109.58303379935,23.5979963566845],[-109.583040835945,23.5979966088543],[-109.583047605579,23.5979983959725],[-109.583204879383,23.5980662208354],[-109.583356002097,23.598145032602],[-109.583500071688,23.5982343608611],[-109.58363622821,23.5983336724293],[-109.583762338417,23.5984397563217],[-109.583883551709,23.5985505822576],[-109.583999658291,23.5986659584334],[-109.584110457206,23.5987856851695],[-109.584134890814,23.5988208561376],[-109.584149905765,23.5988602584798],[-109.584154699273,23.5989017855385],[-109.584139120176,23.5990298353302],[-109.584263881605,23.5991664739026],[-109.584281596286,23.5991492614661],[-109.58430322543,23.5991363978375],[-109.584327542046,23.5991286127514],[-109.58435316669,23.5991263478444],[-109.584378645714,23.5991297316012],[-109.584484657784,23.5992371497741],[-109.584591105305,23.5993442016809],[-109.584697986787,23.59945088582271],[-109.584833660254,23.5995545516952],[-109.584984583388,23.5996384263444],[-109.585147385275,23.5997006363874],[-109.585318429669,23.5997397923273],[-109.585493896206,23.599755019591],[-109.585498945789,23.5997554190495],[-109.585503715374,23.599756998435],[-109.585507885999,23.599759652127],[-109.585511178754,23.5997632026612],[-109.585513373439,23.5997674125974],[-109.585514323284,23.5997720003982],[-109.58551396477,23.5997766592567],[-109.585482084603,23.5999212484819],[-109.585518587013,23.5999230531869],[-109.585575248253,23.5999258545417],[-109.585591534758,23.5998204049838],[-109.58560249326,23.5997945632083],[-109.585628627998,23.5997672501306],[-109.585673448008,23.5997483480286],[-109.585721235469,23.5997470542176],[-109.585795096607,23.5997424531764],[-109.585872248073,23.5997375114433],[-109.585982836546,23.5997227302576],[-109.586069921454,23.5997087873112],[-109.586150257325,23.5996927369885],[-109.586219718739,23.5996768242449],[-109.58632160319,23.5996481933392],[-109.586418411195,23.5996222657654],[-109.586575771074,23.5995672075858],[-109.586721738243,23.5994899665314],[-109.586835048032,23.5994250819879],[-109.586945525568,23.5993561742651],[-109.587044794841,23.599303254004],[-109.587150257373,23.5992617362731],[-109.587327193965,23.5992161659342],[-109.587509339943,23.59919407485332],[-109.587693045808,23.5991959056548],[-109.587874630808,23.5992216216613],[-109.587895411181,23.5992306798378],[-109.587913587558,23.5992436491278],[-109.58792830716,23.5992599210523],[-109.587938879387,23.5992787321826],[-109.587944808219,23.5992991999582],[-109.588030455153,23.599299429459],[-109.588218726668,23.5993074494484],[-109.588381298494,23.5993210823276],[-109.588537331356,23.5993652996345],[-109.588680125745,23.5994382028387],[-109.588803550536,23.5995366617335],[-109.588919168229,23.5996574255364],[-109.589026563984,23.5997844732307],[-109.589125336546,23.5999173301681],[-109.589215116873,23.6000554999953],[-109.589295569515,23.6001984665085],[-109.589386531217,23.6003501606647],[-109.589495624706,23.6004913364877],[-109.589499141967,23.6004964654135],[-109.589501332412,23.6005021870636],[-109.589502086177,23.6005082144589],[-109.589501365454,23.6005142452856],[-109.589499206393,23.6005199770574],[-109.589495717284,23.6005251222876],[-109.589491073129,23.6005294229085],[-109.589354873136,23.6006482307981],[-109.589241652203,23.6007860086661],[-109.589154474291,23.60093902808291],[-109.589095698633,23.6011031481534],[-109.589066915881,23.6012739275703],[-109.589020685172,23.6013009447971],[-109.5889833292,23.601337821646],[-109.588957256659,23.6013821803226],[-109.588944148704,23.601431160607],[-109.588944850542,23.6014816042779],[-109.588959316934,23.6015302587523],[-109.588986615108,23.60157398681],[-109.589024984899,23.6016099688812],[-109.589071952243,23.6016358848523],[-109.589124488702,23.6016500636673],[-109.58913689291,23.6016923744845],[-109.589186892616,23.60180755217001],[-109.589264439725,23.6019089527162],[-109.589365330369,23.6019910790698],[-109.589753918548,23.6022396805512],[-109.589810365509,23.6022853830062],[-109.589854139413,23.60234166192861],[-109.589882973719,23.6024056033111],[-109.58989537542,23.6024738963954],[-109.589895001011,23.6025274532877],[-109.589907241888,23.6026889662347],[-109.589931995912,23.6028492575647],[-109.589969136154,23.6030075050723],[-109.59001847215,23.6031628970326],[-109.590079750874,23.6033146363655],[-109.590152658039,23.6034619447238],[-109.590236819705,23.6036040664866],[-109.590331804198,23.6037402726351],[-109.590450615526,23.6038698607221],[-109.590579452319,23.6039910412185],[-109.590717616084,23.6041031571134],[-109.590864357755,23.6042056005404],[-109.591018881752,23.6042978160731],[-109.591180350295,23.6043793037368],[-109.591347887948,23.6044496217204],[-109.591522343779,23.6045186914818],[-109.591689657197,23.6046014174894],[-109.591848572272,23.6046971787746],[-109.591997896108,23.6048052565196],[-109.592136507795,23.6049248394521],[-109.592263366825,23.6050550299349],[-109.592377520902,23.6051948507031],[-109.592472053938,23.6053328669657],[-109.592493543321,23.6053460848828],[-109.592563863768,23.6054588111884],[-109.592636841154,23.6055700942342],[-109.592733228594,23.6057092219873],[-109.592798602105,23.6057989750267],[-109.592865729359,23.6058876220151],[-109.592939237078,23.6059735355032],[-109.593073559595,23.6058952500976],[-109.592993494797,23.6058038687822],[-109.592920787708,23.6057076461375],[-109.592850198128,23.605610093803],[-109.592772105995,23.6054969568523],[-109.592696650953,23.6053818609033],[-109.592624018937,23.6052652329817],[-109.592631821439,23.6052596525307],[-109.592535399296,23.6051173083438],[-109.592427470305,23.6049821601216],[-109.592308663979,23.6048549960947],[-109.592179673268,23.6047365579243],[-109.592041250513,23.6046275363778],[-109.59189420306,23.6045285672996],[-109.591739388551,23.6044402279036],[-109.59157770992,23.6043630334073],[-109.591410110131,23.6042974340268],[-109.591230833733,23.6042261205901],[-109.591059656947,23.6041395408853],[-109.590898106399,23.6040384670785],[-109.590747622853,23.6039238005993],[-109.590609548363,23.6037965641008],[-109.590485114302,23.603657892338],[-109.590375430378,23.6035090220465],[-109.590281474745,23.6033512809122],[-109.590204085274,23.6031860757292],[-109.590143952085,23.6030148798532],[-109.590101611396,23.6028392200608],[-109.590077440739,23.6026606629327],[-109.590071655599,23.6024808008825],[-109.590056055484,23.6023752306042],[-109.590015095607,23.6022755962513],[-109.589950873799,23.6021870006314],[-109.589866679237,23.6021139811892],[-109.589465896427,23.6018575382122],[-109.589395797069,23.6018004694093],[-109.589341916768,23.6017300101902],[-109.589307175801,23.6016499794365],[-109.589299517325,23.6016238564556],[-109.589298536321,23.6016181402509],[-109.589298895184,23.6016123624567],[-109.589300577538,23.6016067867344],[-109.589303506611,23.6016016675235],[-109.589307548739,23.6015972384318],[-109.589340947324,23.601559431516],[-109.589363349199,23.6015152673988],[-109.589373405453,23.60146740541141],[-109.589370510564,23.6014187275483],[-109.589354838861,23.6013721649286],[-109.589327334023,23.6013305213001],[-109.589289652249,23.6012963042128],[-109.589244062534,23.60127157402931],[-109.589279772755,23.6010978891896],[-109.589352106393,23.60093416368551],[-109.589458197121,23.6007868850985],[-109.589593841035,23.6006618892867],[-109.589710110872,23.6005654092913],[-109.589820650888,23.6004633699062],[-109.589925148506,23.6003560596823],[-109.590023308238,23.6002437820751],[-109.590056005043,23.6002719818143],[-109.590075857785,23.6002898191664],[-109.590094973072,23.600307769036],[-109.590114165678,23.600326588216],[-109.590133249206,23.6003460663138],[-109.590152305368,23.60036625016],[-109.590171329884,23.600387095294],[-109.590190338918,23.6004085773936],[-109.590209302963,23.6004306184424],[-109.590228327892,23.600453290389],[-109.590247399163,23.6004765158408],[-109.590261949963,23.6004945665923],[-109.590271557505,23.6005065816073],[-109.590281189549,23.6005187155686],[-109.590290848501,23.6005309634264],[-109.590300536585,23.6005433198543],[-109.590310189504,23.6005556942078],[-109.590320010866,23.6005683376468],[-109.590329808775,23.6005809943385],[-109.590339623718,23.6005937090068],[-109.590347176421,23.6006035150742],[-109.590352107019,23.60060992299231],[-109.590357037076,23.6006163363958],[-109.590361966864,23.6006227553485],[-109.590366896652,23.6006291799145],[-109.590371826712,23.6006356101574],[-109.590376757314,23.6006420461408],[-109.590381688729,23.60064848792801],[-109.590386621228,23.6006549355825],[-109.59039155508,23.6006613891671],[-109.590396490558,23.6006678487475],[-109.590401428012,23.6006743144882],[-109.590406367492,23.6006807861227],[-109.59041130906,23.6006872633995],[-109.590416252904,23.6006937462454],[-109.59042119921,23.6007002345872],[-109.590426148165,23.6007067283517],[-109.590431099957,23.6007132274654],[-109.590436054773,23.6007197318551],[-109.5904410128,23.6007262414472],[-109.590445974224,23.6007327561682],[-109.590450939234,23.60073927594461],[-109.590455907986,23.6007458006626],[-109.59046088059,23.6007523301616],[-109.590465857337,23.6007588645556],[-109.590470838431,23.60076540378021],[-109.590475824062,23.6007719477517],[-109.590480814423,23.6007784963861],[-109.590485809707,23.6007850495997],[-109.590490810106,23.6007916073084],[-109.590495815812,23.6007981694282],[-109.590500827017,23.6008047358749],[-109.590505843915,23.6008113065645],[-109.590510866696,23.6008178814127],[-109.590515895555,23.6008244603353],[-109.590520930684,23.6008310432477],[-109.590525972275,23.6008376300659],[-109.590531020522,23.600844220705],[-109.590536075616,23.6008508150808],[-109.590541137751,23.6008574131086],[-109.590546207119,23.6008640147038],[-109.590551283914,23.6008706197816],[-109.590556368358,23.600877228296],[-109.590564065058,23.6008872217546],[-109.590574277214,23.6009004519781],[-109.590584524041,23.6009136952085],[-109.590594806924,23.6009269505522],[-109.590605127302,23.60094021718721],[-109.590615486639,23.6009534943207],[-109.590625888269,23.6009667835496],[-109.590636332661,23.6009800827667],[-109.590646817747,23.6009933862685],[-109.590657348599,23.6010066975507],[-109.590667922032,23.6010200096692],[-109.59067853558,23.6010333167273],[-109.59068920863,23.6010466400167],[-109.590699931837,23.6010599648935],[-109.590710705525,23.60107328884901],[-109.590721534334,23.6010866147357],[-109.590732415887,23.6010999367119],[-109.590743353118,23.6011132554254],[-109.590754343462,23.6011265648343],[-109.590765401302,23.6011398797895],[-109.590776510248,23.6011531773698],[-109.590787688049,23.6011664754848],[-109.590798918072,23.6011797509483],[-109.590810228336,23.6011930313767],[-109.590821612334,23.6012063078057],[-109.590833036345,23.6012195399612],[-109.590844468833,23.6012326907969],[-109.590855968098,23.6012458301122],[-109.590867486587,23.6012589072936],[-109.590874224623,23.6012665102933],[-109.59097698187,23.6014111538725],[-109.591085341013,23.6015522830307],[-109.591199160677,23.6016897136136],[-109.59131829236,23.6018232662926],[-109.591442580627,23.6019527667983],[-109.591571863313,23.6020780461485],[-109.591705971735,23.6021989408687],[-109.59184473091,23.6023152932048],[-109.591987959788,23.60242695133],[-109.59213547148,23.6025337695422],[-109.592287073512,23.60263560845461],[-109.592442568069,23.6027323351771],[-109.592601752254,23.6028238234906],[-109.592764418357,23.602909954011],[-109.593638423842,23.6033535755038],[-109.593780949816,23.6034433009828],[-109.593902307854,23.6035564126706],[-109.593998049442,23.6036887643931],[-109.594064665021,23.6038355047062],[-109.594121680581,23.6039455163134],[-109.594164037947,23.6038979103663],[-109.594500622196,23.604156098681],[-109.594919969883,23.6042680332051],[-109.595302318073,23.6038840293346],[-109.594787074189,23.603615018741],[-109.59452927564,23.6040986103492],[-109.594359517716,23.6040087512776],[-109.594617128264,23.6035262871233],[-109.593426382784,23.6029045816769],[-109.592496896222,23.6024239867918],[-109.591998393896,23.6021848071703],[-109.591837837115,23.6020219338214],[-109.591607272432,23.6017397314092],[-109.590089551654,23.6000126348915],[-109.588475061406,23.5990423722266],[-109.587807235979,23.5988192696491],[-109.587687627683,23.5986869992007],[-109.587704345627,23.5986208573731],[-109.586097953147,23.598837525971],[-109.586222461853,23.5988882482377],[-109.586662677684,23.5991882699644]]]},"properties":{"visibility":true,"Name":"MIA-P-Marina-2018","timestamp":"null","begin":"null","end":"null","altitudeMode":"null","tessellate":1,"extrude":0,"drawOrder":"null","icon":"null"}},{"type":"Feature","geometry":{"type":"Polygon","coordinates":[[[-109.574696255286,23.5993297274265],[-109.574433782121,23.5997954560467],[-109.574757471943,23.5999143041942],[-109.57499116491,23.5999847485519],[-109.575071860449,23.600025145579],[-109.575181236912,23.6000799004709],[-109.575287378706,23.6001274755215],[-109.575359189864,23.600159662778],[-109.575593528047,23.6002520204186],[-109.575861326814,23.6003343485424],[-109.576129613242,23.6004597768952],[-109.576271031996,23.600575884592],[-109.576605993795,23.6007612840888],[-109.576725033173,23.6008446179216],[-109.576951747018,23.6009152444974],[-109.577188110087,23.6010155406038],[-109.577384220007,23.6011252212307],[-109.577626005417,23.6012578880864],[-109.577856507916,23.6014036892723],[-109.57806319347,23.6015644413459],[-109.578288677448,23.6017700333481],[-109.578403194703,23.6018309911818],[-109.579026182905,23.6022658190244],[-109.579331208679,23.6019181677602],[-109.579180528251,23.6018137590891],[-109.579059253308,23.6016807463045],[-109.578973621794,23.6015259712162],[-109.578928038206,23.6013573949984],[-109.578924847064,23.6011836886821],[-109.578964212345,23.60101378714001],[-109.579044109081,23.6008564295074],[-109.579160427549,23.6007197096777],[-109.579307184682,23.6006106599919],[-109.579476831821,23.6005348895337],[-109.57965817244,23.600469727228],[-109.579834266825,23.6003933165182],[-109.580004294518,23.6003060134179],[-109.580167463332,23.6002082246905],[-109.580323013041,23.6001004059537],[-109.580470218923,23.5999830595563],[-109.580608395139,23.5998567322374],[-109.580736897922,23.5997220125788],[-109.580855128586,23.599579528262],[-109.580962536306,23.5994299431439],[-109.581058620689,23.599273954163],[-109.581142934107,23.5991122880922],[-109.581215083774,23.5989456981521],[-109.581274733584,23.5987749605018],[-109.581321605672,23.5986008706219],[-109.581346908318,23.5984745200914],[-109.5813968895,23.5983123374166],[-109.581478487089,23.5981614394638],[-109.581588898439,23.598027008968],[-109.581724331301,23.5979136630607],[-109.581880134078,23.5978252946965],[-109.582050955586,23.597764938952],[-109.582230928839,23.597734668789],[-109.582233682014,23.5976709597244],[-109.582248341092,23.5975882357121],[-109.582017209719,23.5975582103618],[-109.582097167073,23.5973511383796],[-109.576242880972,23.5965795163296],[-109.576216873587,23.5966260708381],[-109.576553451633,23.5967015839966],[-109.577121021725,23.5968479380423],[-109.576958293458,23.5973709588156],[-109.576816980628,23.5978351963221],[-109.57667027172,23.5977951978548],[-109.57655429115,23.5977705700082],[-109.576437016772,23.5977404960097],[-109.576337854497,23.5977150666241],[-109.576085749197,23.5976941224655],[-109.575652688358,23.5976326126821],[-109.574696255286,23.5993297274265]]]},"properties":{"visibility":true,"Name":"MIA-P-Marina-2018","timestamp":"null","begin":"null","end":"null","altitudeMode":"null","tessellate":1,"extrude":0,"drawOrder":"null","icon":"null"},"id":"3"},{"type":"Feature","geometry":{"type":"Polygon","coordinates":[[[-109.582999838858,23.6062656929343],[-109.58305225419,23.6063242077125],[-109.583094489582,23.6063984944835],[-109.58312214947,23.6064398214133],[-109.583172412004,23.6065035781578],[-109.583235360681,23.6066015851416],[-109.583274207199,23.6066626115387],[-109.583329307242,23.6067215615002],[-109.583413558332,23.6067971213446],[-109.583475930747,23.6068417011211],[-109.583581269789,23.6070012616849],[-109.58348564556,23.6070985512162],[-109.583501572139,23.6071703439459],[-109.58355265824,23.6072512088989],[-109.58359485489,23.6072989384709],[-109.583635419663,23.6073424912095],[-109.583708459357,23.6074158529931],[-109.583743570287,23.6074434478487],[-109.583800303465,23.6074897090913],[-109.583875685646,23.6075670058128],[-109.583935022998,23.6076264356901],[-109.583981673895,23.60769548118],[-109.584047478656,23.60777676035641],[-109.584083407089,23.6078265722718],[-109.584120571533,23.6078790124701],[-109.58416423613,23.6079284873661],[-109.584207826218,23.60798203036631],[-109.584251767058,23.608036890986],[-109.584302887651,23.6080880422385],[-109.584397085231,23.60819861661],[-109.584439035058,23.6082454641733],[-109.584660627045,23.6078464099814],[-109.584722557191,23.6077013089391],[-109.584772110658,23.6075522251894],[-109.584805090596,23.6074191938583],[-109.584828211363,23.607284408816],[-109.584721850037,23.6071367052975],[-109.584614310652,23.6069897279914],[-109.58450559905,23.6068434848771],[-109.584395721137,23.6066979838942],[-109.584284682884,23.6065532329417],[-109.58417249032,23.6064092398782],[-109.584059149543,23.606266012521],[-109.583944666708,23.6061235586457],[-109.583829048035,23.6059818859861],[-109.583712299804,23.60584100223331],[-109.583594428357,23.6057009150357],[-109.583475440097,23.6055616319985],[-109.583355341488,23.6054231606829],[-109.583234139052,23.6052855086065],[-109.583111839375,23.6051486832419],[-109.582988449097,23.6050126920171],[-109.582863974922,23.6048775423147],[-109.58273842361,23.6047432414716],[-109.582611801982,23.6046097967786],[-109.582484116913,23.60447721548],[-109.582355375339,23.6043455047731],[-109.582225584252,23.604214671808],[-109.582094750702,23.6040847236873],[-109.581962881795,23.6039556674652],[-109.581829984691,23.6038275101476],[-109.58169606661,23.6037002586918],[-109.581561134823,23.6035739200055],[-109.581425196659,23.6034485009472],[-109.5812882595,23.6033240083252],[-109.581150330783,23.6032004488975],[-109.581011417998,23.6030778293716],[-109.58087152869,23.6029561564039],[-109.580730670455,23.6028354365992],[-109.580588850942,23.6027156765107],[-109.580446077853,23.6025968826395],[-109.580063680544,23.6022871159681],[-109.579861837629,23.6021284729146],[-109.579673251265,23.6019831631838],[-109.579433071598,23.6018020695521],[-109.57902618289,23.6022658190418],[-109.579208654391,23.60239317788],[-109.579209584716,23.602426784595],[-109.579243249162,23.6024988771885],[-109.579278318295,23.6025512566127],[-109.579310717798,23.6025961501296],[-109.579369411268,23.6026581803452],[-109.579446484582,23.6027182365387],[-109.579549898613,23.6027863113373],[-109.579648123191,23.6028591631241],[-109.579694732618,23.6028821342274],[-109.57981711346,23.6029712227976],[-109.579881575359,23.6030165448015],[-109.579944011374,23.6030859865814],[-109.579969013299,23.603097791311],[-109.58002811225,23.6031587443316],[-109.580074708504,23.6031973547754],[-109.580123499593,23.6032482480737],[-109.580157773978,23.6032832338053],[-109.580206217351,23.6033291798252],[-109.580256057437,23.6033867681911],[-109.580306274206,23.6034529590565],[-109.580352594904,23.6035158212048],[-109.580387990096,23.6035604896752],[-109.58043217483,23.6035943312691],[-109.580490554627,23.6036489168034],[-109.580539934291,23.6037007818042],[-109.580580270169,23.6037415431334],[-109.580626892898,23.6037849005217],[-109.580678735238,23.6038287477018],[-109.58071511842,23.603874285798],[-109.580759734099,23.6039112738003],[-109.580798588072,23.6039520826308],[-109.580880535053,23.6040197276583],[-109.580930859825,23.6040584460969],[-109.581000204677,23.6041131704254],[-109.58102922194,23.6041529423849],[-109.581062505902,23.6041779429886],[-109.581110125477,23.6042210892797],[-109.58115160543,23.6042604140844],[-109.581219900826,23.6043176844598],[-109.581240033766,23.6043429326232],[-109.581273027132,23.6043650606828],[-109.581313079698,23.6044030162734],[-109.581357849427,23.6044437991228],[-109.581415828539,23.6044994843853],[-109.581468839783,23.6045517783697],[-109.581511979526,23.6045925405345],[-109.581575114191,23.6046461350933],[-109.581636306699,23.604708712682],[-109.581672126659,23.6047547445803],[-109.581698491176,23.60477429274591],[-109.581769699244,23.6048210660365],[-109.581818621068,23.6048760042685],[-109.5818845482,23.60492797295],[-109.581935665638,23.6049889134354],[-109.582029591312,23.6050944548377],[-109.582050822211,23.6051257548149],[-109.582076041634,23.6051551480972],[-109.58211958473,23.6051914711781],[-109.582190846414,23.6052541814348],[-109.582249313877,23.6053319566258],[-109.582336237952,23.605443061573],[-109.582426086965,23.6055498097848],[-109.582456668711,23.6055778567832],[-109.582547950886,23.6056450336919],[-109.582644108841,23.6058336921454],[-109.582667948274,23.6058613781791],[-109.582733277799,23.6059261277338],[-109.582775308348,23.6059908577243],[-109.582802966462,23.6060242458981],[-109.582857161657,23.60607287727],[-109.582922355626,23.6061578993611],[-109.582954496475,23.6062059368685],[-109.582999838858,23.6062656929343]]]},"properties":{"visibility":true,"Name":"MIA-P-Marina-2018","timestamp":"null","begin":"null","end":"null","altitudeMode":"null","tessellate":1,"extrude":0,"drawOrder":"null","icon":"null"},"id":38},{"type":"Feature","geometry":{"type":"Polygon","coordinates":[[[-109.579434514549,23.601785566352],[-109.579433071598,23.6018020695521],[-109.5796085806,23.6016106976723],[-109.579715519328,23.6015763431225],[-109.579800171557,23.6015517651498],[-109.579881189205,23.6015536032384],[-109.580140707646,23.6016163426273],[-109.581561191877,23.602672593317],[-109.581702941013,23.6026535587136],[-109.582119582725,23.5998659468935],[-109.582249963622,23.5979810477531],[-109.582254023875,23.5979456603686],[-109.582252132244,23.5978961443017],[-109.582079118681,23.5979267195219],[-109.581917355357,23.597991011936],[-109.581774479297,23.5980859862289],[-109.581657235878,23.5982071585574],[-109.581571160373,23.5983488082291],[-109.581520316621,23.598504247775],[-109.581494499803,23.5986330778864],[-109.581448317942,23.5988065912444],[-109.581390181879,23.5989770254558],[-109.581320329889,23.599143681852],[-109.581239048278,23.5993058772482],[-109.58114667021,23.599462946745],[-109.581043574341,23.5996142464535],[-109.580930183267,23.5997591561357],[-109.580806961795,23.599897081747],[-109.580674415034,23.6000274578721],[-109.580533086326,23.6001497500427],[-109.580383555021,23.6002634569291],[-109.580226434098,23.6003681123955],[-109.580062367653,23.6004632874114],[-109.579892028262,23.6005485918102],[-109.579716114219,23.6006236758896],[-109.579535346677,23.6006882318446],[-109.579444387524,23.6007250217576],[-109.579316587223,23.6008071040358],[-109.579213433431,23.60091467529981],[-109.579140760426,23.6010416514868],[-109.579102678577,23.6011808510054],[-109.579101341854,23.6013244009089],[-109.579136825979,23.6014641821735],[-109.579207124115,23.6015922889004],[-109.57930826035,23.6017014754694],[-109.579434514549,23.601785566352]]]},"properties":{"visibility":true,"Name":"MIA-P-Marina-2018","timestamp":"null","begin":"null","end":"null","altitudeMode":"null","tessellate":1,"extrude":0,"drawOrder":"null","icon":"null"}},{"type":"Feature","geometry":{"type":"Polygon","coordinates":[[[-109.575652688358,23.597632612682],[-109.576085749196,23.5976941224654],[-109.576337854497,23.597715066624],[-109.576437016772,23.5977404960096],[-109.57655429115,23.59777057000811],[-109.57667027172,23.5977951978547],[-109.576816980628,23.597835196322],[-109.576958293458,23.5973709588155],[-109.576395122874,23.5972253669057],[-109.57635012524,23.5973632167],[-109.575869032926,23.5972487190631],[-109.575652688358,23.597632612682]]]},"properties":{"visibility":true,"Name":"MIA-P-Marina-2018","timestamp":"null","begin":"null","end":"null","altitudeMode":"null","tessellate":1,"extrude":0,"drawOrder":"null","icon":"null"}},{"type":"Feature","geometry":{"type":"Polygon","coordinates":[[[-109.582230928838,23.5977346687889],[-109.58223378734,23.5976685224662],[-109.582248421649,23.597587781114],[-109.582504739022,23.5976215429238],[-109.582593833239,23.5974184753392],[-109.584751462235,23.5977444014611],[-109.584062841713,23.5985659058645],[-109.58395090842,23.5984563333702],[-109.583833964388,23.5983512994303],[-109.583712226106,23.598250998474],[-109.583563985393,23.5981432023376],[-109.583406879826,23.5980466564447],[-109.583241912286,23.5979619770814],[-109.583070135833,23.5978897047837],[-109.582892646987,23.5978303008878],[-109.582710578724,23.5977841445861],[-109.582525093248,23.5977515305062],[-109.582378697737,23.5977329252523],[-109.582230928838,23.5977346687889]]]},"properties":{"visibility":true,"Name":"MIA-P-Marina-2018","timestamp":"null","begin":"null","end":"null","altitudeMode":"null","tessellate":1,"extrude":0,"drawOrder":"null","icon":"null"}},{"type":"Feature","geometry":{"type":"Polygon","coordinates":[[[-109.583664211544,23.6048640182114],[-109.583821780446,23.6050341785171],[-109.583979349752,23.6052043386788],[-109.584136919461,23.6053744986964],[-109.584393457319,23.6056403438458],[-109.584412525093,23.6056549261545],[-109.584434954241,23.6056646315524],[-109.584459308863,23.6056688387045],[-109.584484029786,23.60566727827071],[-109.584507534388,23.6056600501491],[-109.584528317917,23.6056476170806],[-109.584744355871,23.60547903172961],[-109.584976877918,23.6052975821593],[-109.584992335336,23.6052820853913],[-109.585003516096,23.6052637308087],[-109.585009822143,23.6052435001949],[-109.585010916171,23.6052224756813],[-109.585006739662,23.6052017818645],[-109.58499751602,23.6051825256515],[-109.584983738616,23.6051657370519],[-109.584733969799,23.6049082751269],[-109.584576399808,23.60473811569541],[-109.584418830221,23.6045679561198],[-109.584261261037,23.6043977964001],[-109.584103692257,23.6042276365364],[-109.58394612388,23.6040574765286],[-109.583788555906,23.6038873163768],[-109.583630988336,23.6037171560808],[-109.58347342117,23.6035469956409],[-109.583315854407,23.6033768350569],[-109.583160481504,23.6032051598894],[-109.583102340675,23.6031316799878],[-109.583074632581,23.6030936968214],[-109.583056978696,23.6030509179955],[-109.583008445119,23.6028751599477],[-109.583022084899,23.6026521700042],[-109.583035693031,23.6024291783397],[-109.583049301096,23.6022061866654],[-109.583062909093,23.6019831949816],[-109.583081442384,23.601774376553],[-109.582750372337,23.6017486454688],[-109.582771140044,23.6015239806565],[-109.583103146049,23.6015495002843],[-109.58312350886,23.6013245209469],[-109.583143871581,23.6010995415972],[-109.583164234211,23.60087456223521],[-109.583184596749,23.600649582861],[-109.583204959196,23.6004246034743],[-109.583221867187,23.6001925495703],[-109.583238220824,23.5999672925427],[-109.583254574383,23.5997420355044],[-109.583270927864,23.5995167784554],[-109.583281700038,23.5992829474933],[-109.583291919786,23.59906008181],[-109.583302092342,23.5988372143463],[-109.583312264842,23.5986143468742],[-109.583326429674,23.5983041363878],[-109.583165962743,23.5982227782152],[-109.582999939136,23.5981515155601],[-109.58288436405,23.5981090284039],[-109.582721284415,23.5980583509833],[-109.582555110437,23.5980170845543],[-109.582539856677,23.5983512372514],[-109.582529682919,23.5985741046185],[-109.582519509105,23.598796971977],[-109.582509335236,23.5990198393271],[-109.582499161311,23.5992427066687],[-109.582488914223,23.5994667791175],[-109.582472559394,23.5996920360201],[-109.582456204488,23.5999172929118],[-109.582439849557,23.6001425497961],[-109.582423775428,23.6003645569929],[-109.582403411668,23.6005895362151],[-109.582383047817,23.600814515425],[-109.582362683875,23.6010394946226],[-109.582342319842,23.6012644738078],[-109.582321955718,23.6014894529807],[-109.582653960604,23.6015149834005],[-109.582634059894,23.6017398035089],[-109.582302028219,23.6017145622968],[-109.582281723331,23.6019388850223],[-109.582268114025,23.6021618765756],[-109.582254504651,23.6023848681192],[-109.58224089521,23.6026078596533],[-109.582227285702,23.6028308511777],[-109.582258139276,23.6031796028053],[-109.582311993671,23.6033289133235],[-109.582389187594,23.6034692566368],[-109.582468917232,23.6035756994938],[-109.582562092013,23.60367242552],[-109.582718914239,23.603843234137],[-109.582875841651,23.6040138940031],[-109.583032769466,23.6041845537265],[-109.583191507259,23.6043535364299],[-109.58334907495,23.6045236971678],[-109.583506643045,23.6046938577616],[-109.583664211544,23.6048640182114]]]},"properties":{"visibility":true,"Name":"MIA-P-Marina-2018","timestamp":"null","begin":"null","end":"null","altitudeMode":"null","tessellate":1,"extrude":0,"drawOrder":"null","icon":"null"}},{"type":"Feature","geometry":{"type":"Polygon","coordinates":[[[-109.588580782923,23.6043530710763],[-109.588744296992,23.6043418636019],[-109.588907065803,23.6043600873745],[-109.589062910486,23.6044070506064],[-109.589108646248,23.6044350471884],[-109.589146236581,23.6044719278079],[-109.589173695323,23.6045157438108],[-109.589189571631,23.6045641800976],[-109.589193026635,23.6046146774446],[-109.58918387777,23.604664567725],[-109.58916260842,23.604711214885],[-109.589115647632,23.6047877269915],[-109.589087016542,23.6048403379989],[-109.589064265427,23.6048958593638],[-109.589067007928,23.6048961510779],[-109.589094010192,23.6048993859318],[-109.589113630485,23.6048518675554],[-109.589141586429,23.6048004971445],[-109.589188223295,23.6047245102683],[-109.589214163803,23.6046652350414],[-109.589222746732,23.6046018124561],[-109.589213398404,23.6045384818196],[-109.589186743705,23.6044794762869],[-109.589156695879,23.604440735762],[-109.589119145302,23.6044080227873],[-109.589075485234,23.6043825511259],[-109.588913976987,23.6043337505487],[-109.58874525896,23.6043147856399],[-109.588575756623,23.6043263786549],[-109.588479519263,23.6043308536173],[-109.58838493712,23.6043138759707],[-109.588297558507,23.6042764416487],[-109.588222509158,23.6042207465985],[-109.58816419154,23.6041500579611],[-109.588126026601,23.604068522413],[-109.588110253096,23.6039809229143],[-109.588117796269,23.6038923981326],[-109.588148213586,23.6038081410033],[-109.588199720705,23.6037330941089],[-109.589017409918,23.6028480325697],[-109.589055441563,23.6028064206702],[-109.589033039445,23.6027888450215],[-109.588994971382,23.6028305289644],[-109.588994971105,23.6028305292646],[-109.588177149489,23.603715733965],[-109.588121762468,23.6037963155282],[-109.588089029847,23.6038868066911],[-109.588080872891,23.6039818961401],[-109.588097770418,23.6040760026577],[-109.58813873069,23.6041636027072],[-109.588201349604,23.6042395546353],[-109.588281951792,23.6042994004619],[-109.588375806344,23.6043396275447],[-109.588477404487,23.6043578747567],[-109.588580782923,23.6043530710763]]]},"properties":{"visibility":true,"Name":"MIA-P-Marina-2018","timestamp":"null","begin":"null","end":"null","altitudeMode":"null","tessellate":1,"extrude":0,"drawOrder":"null","icon":"null"}},{"type":"Feature","geometry":{"type":"Polygon","coordinates":[[[-109.59285002267,23.6056099592105],[-109.592920612249,23.6057075115451],[-109.592993319338,23.6058037341897],[-109.593073384137,23.6058951155053],[-109.593125643969,23.6058646951087],[-109.593321116225,23.6057286009723],[-109.593516587746,23.6055925061566],[-109.593712058868,23.605456411073],[-109.593907525743,23.6053203110264],[-109.594097994485,23.6051877065813],[-109.594165794327,23.60511612403],[-109.594322246258,23.6049438342722],[-109.594476980447,23.6047688022161],[-109.594919629107,23.604267752583],[-109.594500446738,23.6041559640904],[-109.59416403797,23.6038979103838],[-109.593514120885,23.6046283546409],[-109.592648085224,23.6052477603746],[-109.592621135109,23.6052606296277],[-109.592695066705,23.6053795207852],[-109.592771930537,23.6054968222597],[-109.59285002267,23.6056099592105]]]},"properties":{"visibility":true,"Name":"MIA-P-Marina-2018","timestamp":"null","begin":"null","end":"null","altitudeMode":"null","tessellate":1,"extrude":0,"drawOrder":"null","icon":"null"}},{"type":"Feature","geometry":{"type":"Polygon","coordinates":[[[-109.592939002719,23.6059733386456],[-109.592865553901,23.6058874874226],[-109.592798426647,23.6057988404342],[-109.592733053136,23.6057090873947],[-109.592636665697,23.6055699596415],[-109.59256368831,23.6054586765956],[-109.592493367863,23.6053459502899],[-109.59247187848,23.6053327323728],[-109.592463953057,23.6053356872538],[-109.592223689703,23.6053800386345],[-109.591983426242,23.6054243898085],[-109.591825780832,23.6054534895837],[-109.591777687713,23.6054499357277],[-109.591533057557,23.6054367579807],[-109.591288487659,23.60542288823],[-109.591092106098,23.6054121089397],[-109.589645408788,23.6049698105573],[-109.589409041097,23.6049383306254],[-109.589166282339,23.6049079199715],[-109.589066841244,23.6048960070161],[-109.588765556583,23.60486395970741],[-109.588462275735,23.6048655119514],[-109.588217335378,23.6048700063139],[-109.587972473653,23.6048744988465],[-109.587727454669,23.6048789947798],[-109.587482513054,23.6048834757365],[-109.587237563394,23.604887963538],[-109.586992503182,23.6048934916165],[-109.586772805001,23.605034908325],[-109.586662455459,23.6052599590606],[-109.586670507582,23.6056670555033],[-109.586915472647,23.6056637218453],[-109.587256425869,23.6056590671132],[-109.587501389655,23.6056557315644],[-109.587746353389,23.6056523956292],[-109.587991317133,23.6056490593068],[-109.588236280812,23.60564571794441],[-109.588481244499,23.6056423761946],[-109.588718202815,23.6056391524398],[-109.588968613525,23.6056695067092],[-109.58905605678,23.6056801063022],[-109.589438837252,23.6057265051364],[-109.589539109718,23.6057565212688],[-109.589773298732,23.6058266244439],[-109.590007488014,23.6058967272768],[-109.590241677562,23.6059668297677],[-109.590475867377,23.6060369319165],[-109.590710057459,23.6061070337231],[-109.590964498723,23.606175445168],[-109.591208879942,23.6061915106753],[-109.591453261242,23.6062075758005],[-109.591697642131,23.6062236405115],[-109.591795698478,23.6062311615402],[-109.591894050938,23.6062284820751],[-109.592028233267,23.60620805680101],[-109.592280788117,23.6061537919506],[-109.592531970102,23.6061005683351],[-109.59277007204,23.6060501157082],[-109.592848368796,23.6060260963399],[-109.592939002719,23.6059733386456]]]},"properties":{"visibility":true,"Name":"MIA-P-Marina-2018","timestamp":"null","begin":"null","end":"null","altitudeMode":"null","tessellate":1,"extrude":0,"drawOrder":"null","icon":"null"}},{"type":"Feature","geometry":{"type":"Polygon","coordinates":[[[-109.589307000352,23.6016498448403],[-109.589299341876,23.6016237218595],[-109.589298360872,23.6016180056547],[-109.589298719735,23.6016122278606],[-109.589300402089,23.6016066521382],[-109.589303331162,23.6016015329274],[-109.58930737329,23.6015971038357],[-109.589340771875,23.6015592969199],[-109.58936317375,23.6015151328027],[-109.589373230004,23.6014672708153],[-109.589370335115,23.6014185929522],[-109.589354663412,23.6013720303326],[-109.589327158574,23.601330386704],[-109.5892894768,23.6012961696166],[-109.589243887085,23.6012714394332],[-109.589279597306,23.6010977545935],[-109.589351930945,23.6009340290895],[-109.589458021673,23.6007867505026],[-109.589593665587,23.6006617546909],[-109.589709935423,23.6005652746956],[-109.589820475439,23.6004632353106],[-109.589924973058,23.6003559250869],[-109.59002313279,23.6002436474798],[-109.590050585679,23.6002673245448],[-109.590060744009,23.6002762627381],[-109.590070696688,23.6002852050516],[-109.590080439076,23.6002941513035],[-109.59009004237,23.6003031691056],[-109.590099651597,23.600312393972],[-109.590109239884,23.6003217957021],[-109.590118810528,23.6003313735845],[-109.590128361783,23.6003411223207],[-109.59013790379,23.6003510475783],[-109.590147435336,23.6003611431709],[-109.590156958257,23.6003714059673],[-109.590166474417,23.6003818328105],[-109.590175985706,23.6003924205169],[-109.590185494042,23.6004031658823],[-109.590195002211,23.6004140666497],[-109.590204502042,23.6004251078714],[-109.59021401573,23.6004363091196],[-109.590223538826,23.6004476577618],[-109.590233073694,23.6004591490129],[-109.590242622889,23.6004707782512],[-109.590252188973,23.6004825408158],[-109.590261774514,23.6004944319973],[-109.590271382056,23.6005064470123],[-109.5902810141,23.6005185809735],[-109.590290673052,23.6005308288314],[-109.590300361136,23.6005431852593],[-109.590310014055,23.6005555596128],[-109.590319835417,23.6005682030518],[-109.590329633326,23.6005808597435],[-109.590339448269,23.6005935744119],[-109.590347000972,23.6006033804793],[-109.59035193157,23.6006097883974],[-109.590356861627,23.6006162018008],[-109.590361791415,23.6006226207536],[-109.590366721203,23.6006290453196],[-109.590371651263,23.6006354755625],[-109.590376581865,23.6006419115459],[-109.59038151328,23.6006483533331],[-109.590386445779,23.6006548009875],[-109.590391379631,23.6006612545722],[-109.590396315109,23.6006677141526],[-109.590401252563,23.6006741798933],[-109.590406192043,23.6006806515278],[-109.590411133611,23.6006871288046],[-109.590416077455,23.6006936116505],[-109.590421023761,23.6007000999924],[-109.590425972716,23.6007065937568],[-109.590430924508,23.6007130928705],[-109.590435879324,23.6007195972602],[-109.59044083735,23.6007261068523],[-109.590445798775,23.6007326215734],[-109.590450763785,23.6007391413497],[-109.590455732537,23.6007456660677],[-109.590460705141,23.6007521955668],[-109.590465681888,23.6007587299608],[-109.590470662981,23.6007652691854],[-109.590475648613,23.6007718131569],[-109.590480638974,23.6007783617913],[-109.590485634258,23.6007849150049],[-109.590490634657,23.6007914727136],[-109.590495640362,23.6007980348334],[-109.590500651568,23.6008046012801],[-109.590505668465,23.6008111719697],[-109.590510691247,23.6008177468179],[-109.590515720106,23.6008243257405],[-109.590520755235,23.600830908653],[-109.590525796826,23.6008374954711],[-109.590530845072,23.6008440861103],[-109.590535900166,23.600850680486],[-109.590540962301,23.6008572785139],[-109.590546031669,23.600863880109],[-109.590551108464,23.6008704851868],[-109.590556192908,23.6008770937013],[-109.590563889609,23.6008870871599],[-109.590574101764,23.6009003173834],[-109.590584348591,23.6009135606138],[-109.590594631474,23.6009268159575],[-109.590604951853,23.6009400825925],[-109.590615311189,23.600953359726],[-109.590625712819,23.6009666489549],[-109.590636157211,23.600979948172],[-109.590646642297,23.6009932516739],[-109.590657173149,23.6010065629561],[-109.590667746582,23.6010198750746],[-109.59067836013,23.6010331821326],[-109.59068903318,23.601046505422],[-109.590699756387,23.6010598302989],[-109.590710530075,23.6010731542544],[-109.590721358884,23.6010864801411],[-109.590732240437,23.6010998021173],[-109.590743177668,23.6011131208308],[-109.590754168011,23.6011264302398],[-109.590765225852,23.601139745195],[-109.590776334798,23.6011530427753],[-109.590787512599,23.6011663408903],[-109.590798742621,23.6011796163538],[-109.590810052886,23.6011928967822],[-109.590821436883,23.6012061732113],[-109.590832860895,23.6012194053667],[-109.590844293383,23.6012325562024],[-109.590855792647,23.6012456955178],[-109.590867311136,23.6012587726992],[-109.590874049172,23.6012663756989],[-109.590976806419,23.6014110192782],[-109.591085165562,23.6015521484365],[-109.591198985226,23.6016895790195],[-109.591318116909,23.6018231316986],[-109.591442405175,23.6019526322044],[-109.591571687861,23.60207791155481],[-109.591705796282,23.6021988062751],[-109.591844555458,23.6023151586114],[-109.591987784334,23.6024268167368],[-109.592135296027,23.6025336349491],[-109.592286898059,23.6026354738616],[-109.592442392615,23.6027322005843],[-109.5926015768,23.602823688898],[-109.592764242902,23.6029098194186],[-109.593638248386,23.6033534409123],[-109.593780774359,23.6034431663914],[-109.593902132397,23.6035562780794],[-109.593997873985,23.603688629802],[-109.594064489564,23.6038353701151],[-109.594121633125,23.6039455693017],[-109.593514120508,23.6046283546733],[-109.592648084847,23.605247760407],[-109.592629771471,23.6052565054347],[-109.592533340952,23.6051146208041],[-109.592425467337,23.6049799139283],[-109.592306776926,23.6048531668574],[-109.592177958817,23.60473511542761],[-109.592039760894,23.60462644499],[-109.591892985492,23.6045277864321],[-109.591738484736,23.6044397125157],[-109.591577155596,23.6043627345517],[-109.591409934676,23.6042972994328],[-109.591230658278,23.6042259859959],[-109.591059481493,23.604139406291],[-109.590897930945,23.604038332484],[-109.5907474474,23.6039236660046],[-109.59060937291,23.603796429506],[-109.590484938849,23.6036577577431],[-109.590375254925,23.6035088874515],[-109.590281299292,23.603351146317],[-109.590203909822,23.603185941134],[-109.590143776633,23.6030147452579],[-109.590101435944,23.6028390854655],[-109.590077265288,23.6026605283374],[-109.590071480148,23.6024806662872],[-109.590055880033,23.6023750960088],[-109.590014920156,23.6022754616559],[-109.589950698348,23.602186866036],[-109.589866503787,23.6021138465936],[-109.589465720976,23.6018574036158],[-109.589395621619,23.6018003348129],[-109.589341741319,23.6017298755939],[-109.589307000352,23.6016498448403]]]},"properties":{"visibility":true,"Name":"MIA-P-Marina-2018","timestamp":"null","begin":"null","end":"null","altitudeMode":"null","tessellate":1,"extrude":0,"drawOrder":"null","icon":"null"}},{"type":"Feature","geometry":{"type":"Polygon","coordinates":[[[-109.589032872762,23.6027887009609],[-109.588760617868,23.6025750985951],[-109.588912547753,23.6024106493193],[-109.589185060247,23.6026244535721],[-109.589032872762,23.6027887009609]]]},"properties":{"visibility":true,"Name":"MIA-P-Marina-2018","timestamp":"null","begin":"null","end":"null","altitudeMode":"null","tessellate":1,"extrude":0,"drawOrder":"null","icon":"null"}},{"type":"Feature","geometry":{"type":"Polygon","coordinates":[[[-109.589093986464,23.604899369056],[-109.589645411846,23.6049698109647],[-109.591092106098,23.6054121089397],[-109.591336739457,23.60542553697],[-109.591825780475,23.6054534898013],[-109.592065998821,23.6054091473734],[-109.592306217025,23.6053648045659],[-109.592463953057,23.6053356872538],[-109.59247187848,23.6053327323728],[-109.592377345445,23.6051947161101],[-109.592263191368,23.6050548953418],[-109.592136332339,23.6049247048588],[-109.591997720652,23.6048051219262],[-109.591848396817,23.60469704418111],[-109.591689481742,23.6046012828957],[-109.591522168324,23.6045185568879],[-109.591347712493,23.6044494871264],[-109.591180275228,23.6043792154596],[-109.591018899135,23.6042977874717],[-109.590864458081,23.6042056441124],[-109.590717788378,23.6041032843563],[-109.590579684246,23.6039912624998],[-109.590450893516,23.6038701851596],[-109.59033211358,23.6037407079874],[-109.589225184002,23.6044508180528],[-109.58918335199,23.6044743275008],[-109.58918335199,23.6044743275008],[-109.5892076253,23.6045216474601],[-109.589220543841,23.6045726160491],[-109.589221528522,23.6046249485847],[-109.589210535189,23.6046762992421],[-109.58918805661,23.6047243662067],[-109.589141419744,23.6048003530827],[-109.589113463801,23.6048517234937],[-109.589093986464,23.604899369056],[-109.589093986464,23.604899369056]]]},"properties":{"visibility":true,"Name":"MIA-P-Marina-2018","timestamp":"null","begin":"null","end":"null","altitudeMode":"null","tessellate":1,"extrude":0,"drawOrder":"null","icon":"null"}},{"type":"Feature","geometry":{"type":"Polygon","coordinates":[[[-109.588199554022,23.6037329500475],[-109.588148045817,23.6038079990542],[-109.58811762858,23.6038922586531],[-109.588110086741,23.6039807858587],[-109.588125862779,23.6040683873218],[-109.588164031254,23.604149923991],[-109.588222353086,23.6042206125908],[-109.588297406901,23.60427630623],[-109.588384789739,23.6043137376797],[-109.588479375351,23.6043307110463],[-109.588575614932,23.6043262305955],[-109.588745394138,23.604314643348],[-109.588914373416,23.6043337322329],[-109.589076088328,23.6043827669949],[-109.589117768043,23.6044070164852],[-109.589153929544,23.6044378840246],[-109.589183351989,23.6044743275021],[-109.589225184001,23.6044508180541],[-109.590332076389,23.6037407318465],[-109.590236994567,23.6036044759808],[-109.590152745853,23.6034622951047],[-109.590079762849,23.6033149193542],[-109.590018420301,23.6031631055398],[-109.589969033175,23.6030076332595],[-109.589931855041,23.6028493008957],[-109.589907076771,23.6026889215149],[-109.58989482556,23.6025273186921],[-109.589895199969,23.6024737617998],[-109.589882798271,23.6024054687253],[-109.589853963973,23.6023415273507],[-109.589810190081,23.6022852484331],[-109.589753743134,23.60223954597871],[-109.589753743097,23.6022395459549],[-109.589810190925,23.6022852492926],[-109.589853965219,23.6023415294136],[-109.589882799339,23.602405472149],[-109.589895200237,23.602473766557],[-109.589895200271,23.6024737617607],[-109.589882769316,23.6024053749251],[-109.589853861244,23.6023413568493],[-109.589809977073,23.6022850315482],[-109.58975339542,23.6022393236002],[-109.589365154855,23.6019909444344],[-109.589325769725,23.6019633741604],[-109.589222457895,23.6020752002141],[-109.588912547752,23.6024106493205],[-109.589185060246,23.6026244535734],[-109.589032872761,23.6027887009622],[-109.589055375538,23.6028061664758],[-109.588199554022,23.6037329500475]]]},"properties":{"visibility":true,"Name":"MIA-P-Marina-2018","timestamp":"null","begin":"null","end":"null","altitudeMode":"null","tessellate":1,"extrude":0,"drawOrder":"null","icon":"null"}},{"type":"Feature","geometry":{"type":"Polygon","coordinates":[[[-109.586418959047,23.5996223503932],[-109.586322151042,23.5996482779674],[-109.58622026659,23.5996769088735],[-109.586150805176,23.5996928216173],[-109.586128027012,23.599697372477],[-109.586070469305,23.5997088719403],[-109.585983384397,23.599722814887],[-109.585872795924,23.5997375960731],[-109.58579564446,23.5997425378063],[-109.58572178332,23.5997471388479],[-109.58570814235,23.5997475081689],[-109.585673995859,23.599748432659],[-109.585629175849,23.5997673347613],[-109.585603041111,23.599794647839],[-109.585592082609,23.5998204896145],[-109.58558858427,23.5998431401858],[-109.585590826214,23.59983681953271],[-109.585594611989,23.5998311584654],[-109.585599731056,23.5998264718142],[-109.585605898727,23.599823020219],[-109.585612771996,23.5998209956342],[-109.58561996862,23.5998205106535],[-109.585805030797,23.5998097388864],[-109.585984733649,23.5997675935825],[-109.585988537177,23.5997661962497],[-109.586029421422,23.5997557332039],[-109.586071791149,23.5997536246805],[-109.586113660306,23.5997599695156],[-109.586153066302,23.5997744702994],[-109.586188162007,23.5997964473175],[-109.58665674538,23.6001640999774],[-109.586734288508,23.6000840075583],[-109.586786342769,23.6001065351081],[-109.586842661597,23.6001172588197],[-109.586900141451,23.600115587745],[-109.586955614812,23.6001016139707],[-109.58700602473,23.6000761075433],[-109.58704859329,23.6000404740346],[-109.587080974692,23.5999966770842],[-109.587101384519,23.5999471301892],[-109.587108698073,23.59989456370331],[-109.587103040817,23.5998440473066],[-109.587085273964,23.5997959743431],[-109.587056296567,23.599752777401],[-109.587192842699,23.5996413990555],[-109.587346306031,23.5995506326923],[-109.587513056906,23.5994826250709],[-109.587689151418,23.5994389846716],[-109.587854558311,23.5994145579217],[-109.587879637953,23.5994081607409],[-109.587902342205,23.5993964424049],[-109.587921364056,23.5993800775017],[-109.587935608478,23.5993600081076],[-109.587944255466,23.5993373895545],[-109.587946807245,23.5993135239204],[-109.587943116918,23.5992897850737],[-109.587933396931,23.5992675395828],[-109.587918206834,23.5992480680482],[-109.587898421072,23.5992324913819],[-109.587875178649,23.5992217062809],[-109.58769359365,23.59919599027671],[-109.587509887786,23.5991941594772],[-109.587327741809,23.5992162505598],[-109.587150805218,23.5992618209001],[-109.587045342619,23.5993033386631],[-109.586946073288,23.5993562589709],[-109.586835595799,23.5994251666623],[-109.586722286058,23.5994900511779],[-109.586576318905,23.5995672922202],[-109.586418959047,23.5996223503932]]]},"properties":{"visibility":true,"Name":"MIA-P-Marina-2018","timestamp":"null","begin":"null","end":"null","altitudeMode":"null","tessellate":1,"extrude":0,"drawOrder":"null","icon":"null"}},{"type":"Feature","geometry":{"type":"Polygon","coordinates":[[[-109.584139110034,23.5990298467712],[-109.584263406142,23.59916598630271],[-109.584361350812,23.5992693559507],[-109.584461073881,23.5993712713838],[-109.584562549932,23.5994717066222],[-109.584548707272,23.5997008123807],[-109.584548707272,23.5997008123807],[-109.584535904797,23.5999127013073],[-109.584523102262,23.6001245902252],[-109.584523102262,23.6001245902252],[-109.584510299666,23.6003364791346],[-109.58449749701,23.6005483680352],[-109.58449749701,23.6005483680352],[-109.584484694294,23.6007602569273],[-109.584471891517,23.6009721458107],[-109.58445908868,23.6011840346855],[-109.584446285782,23.6013959235516],[-109.584433482824,23.6016078124092],[-109.584420679806,23.60181970125801],[-109.584407876728,23.6020315900983],[-109.584407876728,23.6020315900983],[-109.584391413665,23.6023020799083],[-109.584375089652,23.6025725774103],[-109.584524953338,23.6027481570893],[-109.584684353821,23.602919504233],[-109.584876135445,23.6031248321239],[-109.585087058609,23.6033609814861],[-109.585100753538,23.6033807782602],[-109.585108511185,23.6034031406368],[-109.585109817571,23.6034265870188],[-109.585104586139,23.6034495639882],[-109.58509316349,23.6034705492271],[-109.585076306419,23.6034881523771],[-109.584857547791,23.603659951382],[-109.584857547791,23.603659951382],[-109.584630075891,23.6038385924017],[-109.584611909311,23.6038498816592],[-109.584591467881,23.6038571524332],[-109.584569781571,23.6038600383754],[-109.584547943076,23.60385839407361],[-109.584527052762,23.6038523023784],[-109.584508163215,23.6038420702288],[-109.584492226212,23.6038282131861],[-109.584284465122,23.6035940200368],[-109.584284465122,23.6035940200368],[-109.58409268382,23.6033886914382],[-109.583933306172,23.6032173258087],[-109.583933306172,23.6032173258087],[-109.583773910604,23.6030459747364],[-109.583698703381,23.6029335651739],[-109.583642868589,23.6028119439653],[-109.583642868589,23.6028119439653],[-109.583605679632,23.6026727758414],[-109.583593845717,23.6025298656499],[-109.583593845717,23.6025298656499],[-109.58360726554,23.6023072828995],[-109.583620726354,23.6020847024137],[-109.583634166573,23.6018621207812],[-109.58364761699,23.6016395397078],[-109.58366106734,23.6014169586248],[-109.583674548086,23.60119424032411],[-109.583688028766,23.600971522014],[-109.583701509379,23.6007488036941],[-109.583714989925,23.60052608536491],[-109.583728470405,23.6003033670261],[-109.583741950817,23.6000806486777],[-109.583755431163,23.5998579303197],[-109.583768911442,23.5996352119523],[-109.583782391654,23.5994124935752],[-109.583795871799,23.5991897751885],[-109.583825759558,23.5986959669436],[-109.58383577149,23.5986956839594],[-109.583845608926,23.598697422242],[-109.58385479721,23.5987010979192],[-109.583862893007,23.5987065336393],[-109.583869505692,23.5987134671285],[-109.583957584583,23.5988202149087],[-109.584047459988,23.5989256833475],[-109.584139110034,23.5990298467712]]]},"properties":{"visibility":true,"Name":"MIA-P-Marina-2018","timestamp":"null","begin":"null","end":"null","altitudeMode":"null","tessellate":1,"extrude":0,"drawOrder":"null","icon":"null"}},{"type":"Feature","geometry":{"type":"Polygon","coordinates":[[[-109.588803540394,23.5995366731749],[-109.588919158086,23.5996574369767],[-109.58902655384,23.5997844846697],[-109.589125326401,23.5999173416058],[-109.589215106728,23.6000555114316],[-109.58929555937,23.6001984779433],[-109.589386449395,23.6003500931584],[-109.589495451742,23.6004912047478],[-109.589498968004,23.6004963336409],[-109.589501157603,23.6005020550152],[-109.589501910735,23.6005080819547],[-109.589501189632,23.60051411222],[-109.589499030455,23.6005198434049],[-109.589495541483,23.6005249881013],[-109.589490897681,23.6005292883126],[-109.589356860802,23.6006458772976],[-109.589244962691,23.6007808472477],[-109.589158128231,23.6009306702936],[-109.589098627206,23.6010914303222],[-109.589068014976,23.6012589253332],[-109.589066538616,23.6012653751122],[-109.58906341567,23.60127130539521],[-109.58905883102,23.6012763650977],[-109.589053056088,23.6012802546753],[-109.589011393263,23.6013081876219],[-109.588978112369,23.6013444328493],[-109.588955114277,23.6013869201838],[-109.588943712551,23.6014332229273],[-109.588944558422,23.601480696459],[-109.588957603592,23.6015266292847],[-109.588982102984,23.6015683979064],[-109.589016657302,23.6016036166663],[-109.589059292944,23.6016302740066],[-109.589107574734,23.6016468473631],[-109.589113487236,23.6016487980649],[-109.58911881523,23.6016518615288],[-109.589123315582,23.601655897958],[-109.589126782923,23.6016607231554],[-109.589129059026,23.6016661169298],[-109.589136717461,23.6016922398882],[-109.589179058594,23.6017939587083],[-109.589242966711,23.6018856142346],[-109.589325769726,23.6019633741591],[-109.588912547753,23.6024106493193],[-109.588760617704,23.6025750987058],[-109.589032872762,23.602788700961],[-109.588994804423,23.6028303852028],[-109.588722711613,23.6026161270449],[-109.587542377832,23.6038937028442],[-109.5871638935,23.6035967519941],[-109.587215176443,23.6035412450381],[-109.587559464944,23.6031685968645],[-109.587052294241,23.6027706789931],[-109.587061266774,23.6027552198657],[-109.587014339456,23.6027184012574],[-109.58700536692,23.602733860382],[-109.586763114864,23.6025437917957],[-109.58675232689,23.6025376741562],[-109.586738774865,23.6025331613184],[-109.586724509946,23.6025312837521],[-109.586710128861,23.6025321199994],[-109.586696233196,23.6025356350783],[-109.586683404232,23.6025416819469],[-109.58667260662,23.602549690224],[-109.585942811594,23.6033395904759],[-109.585188177623,23.6027477441267],[-109.585700523524,23.6021932052062],[-109.585862167237,23.6023200313101],[-109.58691329524,23.6011823205568],[-109.586948049446,23.6011659261162],[-109.586976062456,23.6011543108363],[-109.587005866656,23.6011433066729],[-109.587026458334,23.6011367918471],[-109.587066386936,23.6011262539905],[-109.587094752276,23.6011206513032],[-109.587120709735,23.601116575956],[-109.587149337668,23.6011129891224],[-109.587171354615,23.6011106583014],[-109.587196886607,23.6011075148741],[-109.587213346613,23.6011045821165],[-109.587231416477,23.6011001424077],[-109.587243427606,23.6010940023398],[-109.587251398666,23.601086049907],[-109.587256087498,23.6010752880823],[-109.587262214346,23.6010482385422],[-109.587268271958,23.601035348745],[-109.587276456327,23.6010248248224],[-109.587283740789,23.6010156279892],[-109.587288725649,23.6010078279318],[-109.587290827184,23.6009520006611],[-109.587279676804,23.6009198697654],[-109.587261187187,23.6008907552502],[-109.587236249402,23.6008660602216],[-109.58720414858,23.6008454293869],[-109.58716816688,23.6008312433136],[-109.58710663434,23.6008056800666],[-109.58705359506,23.6007672110538],[-109.587017093817,23.6007268538293],[-109.58698877917,23.6006812541455],[-109.58692901499,23.60052997846771],[-109.586918290378,23.6005074131247],[-109.586902294907,23.6004876751203],[-109.58688186114,23.6004717918115],[-109.586858052647,23.6004605899193],[-109.586832108656,23.6004546524985],[-109.586784551963,23.6004452766488],[-109.586740857311,23.6004255993933],[-109.586703608746,23.6003967844215],[-109.586645461931,23.6003397465557],[-109.586554873733,23.6002686709948],[-109.586733730512,23.6000839343727],[-109.586785784773,23.6001064619226],[-109.586842103601,23.6001171856344],[-109.586899583455,23.60011551456],[-109.586955056816,23.6001015407858],[-109.587005466734,23.6000760343586],[-109.587048035294,23.6000404008501],[-109.587080416696,23.5999966038998],[-109.587100826524,23.5999470570049],[-109.587108140078,23.5998944905191],[-109.587102482822,23.5998439741223],[-109.58708471597,23.5997959011588],[-109.587055738573,23.5997527042166],[-109.587192284705,23.5996413258716],[-109.587345748037,23.599550559509],[-109.587512498913,23.59948255188822],[-109.587688593424,23.5994389114896],[-109.587860616869,23.5994135525691],[-109.58788667821,23.5994052171185],[-109.58790961465,23.5993910922252],[-109.587927942355,23.5993720916741],[-109.587940475651,23.5993494446721],[-109.58794640372,23.599324616326],[-109.587945343062,23.59929921286],[-109.588030279708,23.5992992948616],[-109.588218662496,23.599307461541],[-109.588381248591,23.5993210865504],[-109.588537296352,23.599365301332],[-109.588680104529,23.5994382071516],[-109.588803540394,23.5995366731749]]]},"properties":{"visibility":true,"Name":"MIA-P-Marina-2018","timestamp":"null","begin":"null","end":"null","altitudeMode":"null","tessellate":1,"extrude":0,"drawOrder":"null","icon":"null"}},{"type":"Feature","geometry":{"type":"LineString","coordinates":[[-109.584439035945,23.6082454625757],[-109.584660627045,23.6078464099814],[-109.584722557191,23.6077013089391],[-109.584772110658,23.6075522251894],[-109.584805090534,23.6074191941545],[-109.584828211282,23.6072844094149],[-109.584721940742,23.6071368333387],[-109.584614494238,23.6069899821839],[-109.584505877598,23.6068438639086],[-109.584396096712,23.6066984864308],[-109.584285157533,23.6065538576285],[-109.584173066077,23.6064099853391],[-109.584059828421,23.60626687735901],[-109.583945450707,23.6061245414431],[-109.583829939135,23.6059829853045],[-109.583713299969,23.6058422166139],[-109.583595539534,23.6057022429994],[-109.583476664214,23.605563072046],[-109.583356680455,23.6054247112951],[-109.583235594762,23.6052871682443],[-109.5831134137,23.6051504503466],[-109.582990143894,23.6050145650106],[-109.582865792027,23.6048795195995],[-109.58274036484,23.6047453214311],[-109.582613869134,23.6046119777772],[-109.582486311767,23.6044794958632],[-109.582357699653,23.6043478828681],[-109.582228039766,23.6042171459233],[-109.582097339134,23.6040872921132],[-109.581965604843,23.6039583284739],[-109.581832844034,23.6038302619936],[-109.581699063905,23.6037030996115],[-109.581564271707,23.6035768482181],[-109.581428474747,23.6034515146544],[-109.581291680387,23.6033271057116],[-109.581153896042,23.6032036281308],[-109.581015129181,23.6030810886026],[-109.580875387325,23.6029594937669],[-109.580734678051,23.6028388502122],[-109.580593008984,23.6027191644754],[-109.580450387804,23.6026004430417],[-109.580063680544,23.6022871159681],[-109.579861837629,23.6021284729146],[-109.579673251265,23.6019831631838],[-109.579433071598,23.6018020695521],[-109.579607780027,23.6016111949179],[-109.579715519328,23.6015763431225],[-109.579800171557,23.6015517651498],[-109.579881189205,23.6015536032384],[-109.580140707646,23.6016163426273],[-109.581561191877,23.602672593317],[-109.581702941013,23.6026535587136],[-109.582119582725,23.5998659468935],[-109.582249963622,23.5979810477531],[-109.582254023875,23.5979456603686],[-109.582252038486,23.5978950747096],[-109.582253832717,23.5978416808044],[-109.582378568679,23.5978415197821],[-109.582502046321,23.5978578073892],[-109.582686915342,23.5978902567803],[-109.582868190631,23.5979368452706],[-109.582874990412,23.5979398119229],[-109.582880750446,23.5979442719442],[-109.582885093481,23.5979499332258],[-109.582887735068,23.5979564249829],[-109.582888502197,23.5979633220382],[-109.58288436405,23.5981090284039],[-109.582721284415,23.5980583509833],[-109.582555110437,23.5980170845543],[-109.582499161356,23.5992427056634],[-109.582488889993,23.5994671128429],[-109.58245620493,23.5999172868187],[-109.582439925499,23.6001425544679],[-109.582439849557,23.6001425497961],[-109.582423755151,23.6003647810133],[-109.582321955718,23.6014894529807],[-109.582653960604,23.6015149834007],[-109.582634059894,23.6017398035089],[-109.582302028219,23.6017145622968],[-109.582277900665,23.6019948088367],[-109.582227285702,23.6028308511777],[-109.582257886746,23.6031773936019],[-109.582305670488,23.6033143627603],[-109.582373198865,23.6034440820035],[-109.582459235899,23.6035641613495],[-109.582562092013,23.6036724255202],[-109.582718899821,23.6038432184567],[-109.582840677246,23.60397178806061],[-109.583032769466,23.6041845537265],[-109.583236198931,23.6043968052587],[-109.584136919461,23.6053744986964],[-109.584393457319,23.6056403438457],[-109.584412524656,23.60565492589871],[-109.584434953256,23.60566463125941],[-109.584459307313,23.6056688386209],[-109.584484027755,23.6056672786408],[-109.584507532057,23.6056600511841],[-109.584528315547,23.60564761892981],[-109.584528316259,23.6056476183747],[-109.584975529613,23.605298634317],[-109.584993003402,23.6052812221083],[-109.58500500375,23.6052602416576],[-109.585010716243,23.6052371168283],[-109.585009753199,23.6052134170141],[-109.585002179979,23.6051907506299],[-109.584988510552,23.6051706559549],[-109.58473373345,23.6049080198941],[-109.583315937122,23.6033769243841],[-109.583160009886,23.6032055223598],[-109.583102337126,23.6031316761527],[-109.583074615583,23.6030937020915],[-109.583056978696,23.6030509179955],[-109.583008445119,23.602875159948],[-109.583022084899,23.6026521700042],[-109.583022084899,23.6026521700042],[-109.583062939566,23.6019828516364],[-109.583081442384,23.6017743765529],[-109.582750372337,23.6017486454688],[-109.582771140044,23.6015239806565],[-109.583102029424,23.60154941445611],[-109.583204943274,23.6004248220065],[-109.583221867661,23.6001925430708],[-109.583221867661,23.6001925430708],[-109.583270951783,23.59951644899621],[-109.583281734889,23.5992829488554],[-109.583281734889,23.5992829488554],[-109.583291920027,23.5990600765348],[-109.583291920027,23.5990600765348],[-109.583312264853,23.5986143466428],[-109.583326429674,23.5983041363878],[-109.583179981005,23.5982293780577],[-109.583028836668,23.5981630304133],[-109.582999315548,23.5981512863198],[-109.583006811425,23.5980220465177],[-109.583007995425,23.5980156493384],[-109.583010796322,23.5980096951918],[-109.583015053396,23.5980045257359],[-109.583020522369,23.5980004376021],[-109.583026889424,23.5979976653737],[-109.583033789209,23.5979963681255],[-109.583040825803,23.5979966202955],[-109.583047595438,23.5979984074138],[-109.583204869703,23.5980662325024],[-109.58335599284,23.5981450445593],[-109.583500062803,23.5982343731686],[-109.583636219644,23.5983336851417],[-109.583762329412,23.5984397687606],[-109.583883542294,23.5985505943924],[-109.583999648497,23.5986659702349],[-109.584110447064,23.5987856966106],[-109.584132191911,23.5988159747942],[-109.584146925665,23.5988496493079],[-109.584154052847,23.598885359178],[-109.584153285401,23.5989216611694],[-109.584139110034,23.5990298467712],[-109.58404754406,23.5989257804357],[-109.583957749421,23.5988204114779],[-109.583869747931,23.5987137654998],[-109.583863137198,23.598706731493],[-109.583855010188,23.5987012088979],[-109.583845764555,23.5986974679335],[-109.583835852683,23.5986956916443],[-109.583825759558,23.5986959669436],[-109.58366106734,23.6014169586248],[-109.583634166573,23.6018621207812],[-109.583634166504,23.601862121931],[-109.583620726285,23.6020847035635],[-109.583607265262,23.6023072874987],[-109.583593845717,23.6025298656499],[-109.583604795679,23.6026672105623],[-109.583639056372,23.6028012577239],[-109.583695774608,23.6029286687115],[-109.583773537888,23.6030462703653],[-109.583933305223,23.6032173247882],[-109.584092663614,23.6033886698051],[-109.584284465122,23.6035940200368],[-109.584492226212,23.6038282131861],[-109.584508163215,23.6038420702288],[-109.584527052762,23.6038523023784],[-109.584547943076,23.60385839407361],[-109.584569781571,23.6038600383754],[-109.584591467881,23.6038571524332],[-109.584611909311,23.6038498816592],[-109.584630075891,23.6038385924017],[-109.585076306419,23.6034881523771],[-109.585093173588,23.603470535257],[-109.585104598036,23.6034495322439],[-109.585109821802,23.6034265368008],[-109.585108498313,23.603403074579],[-109.585100715381,23.6033807021983],[-109.585086989374,23.6033609039712],[-109.584875929625,23.6031246016877],[-109.584684372861,23.602919524618],[-109.584524569686,23.6027477076053],[-109.584375089652,23.6025725774103],[-109.584391414055,23.6023020734954],[-109.584407876728,23.6020315900983],[-109.584562549932,23.5994717066222],[-109.584461234668,23.5993714330863],[-109.584361666746,23.5992696840419],[-109.584263871462,23.5991664853437],[-109.584263871462,23.5991664853437],[-109.584281586251,23.5991492729272],[-109.584303215501,23.5991364093522],[-109.584327532213,23.5991286243536],[-109.584353156927,23.5991263595649],[-109.584378635987,23.5991297434649],[-109.584697976628,23.59945089724861],[-109.584834046755,23.5995548225683],[-109.584985441695,23.5996388417496],[-109.58514876136,23.5997010678377],[-109.58532033783,23.5997401033165],[-109.585496317734,23.5997550714975],[-109.585500945918,23.5997559402391],[-109.585505214162,23.5997578041552],[-109.58550887456,23.599760554987],[-109.585511714512,23.5997640329625],[-109.585513569069,23.5997680360764],[-109.585514330517,23.5997723318224],[-109.585513954628,23.5997766706978],[-109.585482074461,23.5999212599231],[-109.585482074461,23.5999212599231],[-109.585482074461,23.5999212599231],[-109.585459408701,23.5999201393075],[-109.585079112101,23.5998460572469],[-109.585069924844,23.5998454913016],[-109.585060750046,23.5998462086477],[-109.585047915111,23.6000734392733],[-109.58503529197,23.6003019278976],[-109.585022788793,23.6005304120127],[-109.585005611747,23.6008385339285],[-109.584940255463,23.6018169474359],[-109.584939291833,23.6018355741982],[-109.584942951822,23.6018539145636],[-109.584951043491,23.6018710067134],[-109.584963142492,23.6018859542883],[-109.584978614322,23.6018979733961],[-109.584996647595,23.6019064337212],[-109.585254905126,23.6019688073929],[-109.585272244116,23.6019678237098],[-109.58528884107,23.6019630958564],[-109.585303757831,23.6019548910785],[-109.585316151215,23.6019436731581],[-109.585325320679,23.6019300761973],[-109.586017696395,23.5998710304912],[-109.586010289885,23.5998688145375],[-109.586002543468,23.5998680822136],[-109.585994803009,23.5998688662167],[-109.585987414107,23.5998711315423],[-109.585919581702,23.5998984625059],[-109.585577745044,23.5999259899261],[-109.585575238349,23.5999258644393],[-109.585588026276,23.5998430669961],[-109.585590205268,23.5998368722893],[-109.585593868164,23.5998313034137],[-109.585598819608,23.5998266573772],[-109.585604795524,23.5998231819696],[-109.585611477192,23.5998210625467],[-109.585618508258,23.5998204121449],[-109.585804026886,23.5998097302923],[-109.585984175656,23.5997675203942],[-109.585987979184,23.5997661230615],[-109.586028863428,23.5997556600158],[-109.586071233155,23.5997535514926],[-109.586113102312,23.5997598963278],[-109.586152508309,23.5997743971118],[-109.586187604013,23.59979637413],[-109.586656187384,23.6001640267915],[-109.586554873733,23.6002686709948],[-109.586645461931,23.6003397465557],[-109.586703608746,23.6003967844215],[-109.586739201448,23.6004245965943],[-109.586780819431,23.6004440499843],[-109.586826196558,23.6004540853352],[-109.586854860544,23.6004595385094],[-109.586881163738,23.6004713681549],[-109.586903464943,23.600488836157],[-109.586920372663,23.6005108525931],[-109.586930831933,23.60053604373901],[-109.58698877917,23.6006812541455],[-109.587017093817,23.6007268538293],[-109.58705359506,23.6007672110538],[-109.58710663434,23.6008056800666],[-109.58716816688,23.6008312433136],[-109.58720414858,23.6008454293869],[-109.587236249402,23.6008660602217],[-109.587261187187,23.6008907552502],[-109.587279676804,23.6009198697654],[-109.587290827184,23.6009520006611],[-109.587289323262,23.6010008955309],[-109.587288764347,23.6010060382902],[-109.587287395097,23.6010099099126],[-109.587283740789,23.6010156279892],[-109.587276456327,23.6010248248224],[-109.587271904714,23.6010306775429],[-109.587268815668,23.6010352301075],[-109.587266281526,23.6010395841213],[-109.587263566363,23.6010453616279],[-109.587261158842,23.6010528985056],[-109.587258489784,23.6010646821845],[-109.587256630995,23.6010727786038],[-109.587255257055,23.6010771941184],[-109.587252533898,23.6010834443187],[-109.587248871278,23.6010885713897],[-109.587245551342,23.6010918835672],[-109.58724263604,23.6010941276529],[-109.587239752512,23.6010958810414],[-109.587236698607,23.6010974421926],[-109.587234132571,23.6010985628469],[-109.587230515174,23.6010999397994],[-109.587225319923,23.6011016403122],[-109.587213346613,23.6011045821165],[-109.587196886607,23.6011075148741],[-109.587171354615,23.6011106583014],[-109.587149337668,23.6011129891224],[-109.587120709735,23.601116575956],[-109.587094752276,23.6011206513032],[-109.587066386936,23.6011262539905],[-109.587026458334,23.6011367918471],[-109.587005866656,23.6011433066729],[-109.586976062456,23.6011543108363],[-109.586948049446,23.6011659261162],[-109.58691329524,23.6011823205568],[-109.585862167237,23.6023200313101],[-109.585700523524,23.6021932052062],[-109.585188177623,23.6027477441267],[-109.585942811594,23.6033395904759],[-109.586668362424,23.6025542840073],[-109.586669944902,23.6025526292714],[-109.586671587763,23.6025510252883],[-109.586673289091,23.602549473928],[-109.586675046902,23.6025479769994],[-109.586676859147,23.6025465362478],[-109.586678723713,23.6025451533532],[-109.586680638426,23.6025438299279],[-109.586682601053,23.6025425675149],[-109.586684609306,23.6025413675861],[-109.586686660843,23.6025402315408],[-109.586688753273,23.60253916070331],[-109.586690884156,23.6025381563222],[-109.586693051007,23.6025372195687],[-109.5866952513,23.6025363515349],[-109.586697482469,23.6025355532329],[-109.586699741914,23.6025348255936],[-109.586702026998,23.6025341694652],[-109.586704335059,23.6025335856128],[-109.586706663406,23.6025330747172],[-109.586709009322,23.602532637374],[-109.586711370074,23.6025322740931],[-109.586713742909,23.6025319852982],[-109.586716125059,23.602531771326],[-109.586718513748,23.6025316324258],[-109.586720906191,23.6025315687598],[-109.586723299597,23.6025315804021],[-109.586725691177,23.6025316673391],[-109.586728078142,23.6025318294694],[-109.586730457708,23.6025320666041],[-109.586732827102,23.6025323784667],[-109.586735183561,23.6025327646935],[-109.586737524337,23.6025332248342],[-109.586739846701,23.6025337583523],[-109.586742147945,23.6025343646258],[-109.586744425386,23.6025350429477],[-109.586746676369,23.6025357925272],[-109.586748898269,23.6025366124903],[-109.586751088495,23.6025375018809],[-109.586753244495,23.6025384596622],[-109.586755363753,23.6025394847172],[-109.586757443799,23.602540575851],[-109.586759482208,23.6025417317911],[-109.586761476604,23.60254295119],[-109.586763424659,23.6025442326258],[-109.586765324105,23.6025455746044],[-109.586767172725,23.6025469755612],[-109.58700536692,23.602733860382],[-109.587014339456,23.6027184012574],[-109.587061266774,23.6027552198657],[-109.587052294241,23.6027706789931],[-109.587559464944,23.6031685968645],[-109.587215176443,23.6035412450381],[-109.5871638935,23.6035967519941],[-109.587542377832,23.6038937028442],[-109.588722700299,23.6026161181359],[-109.588994804701,23.6028303849026],[-109.588176982807,23.6037155899024],[-109.588121595786,23.6037961714655],[-109.588088863165,23.6038866626283],[-109.588080706209,23.6039817520773],[-109.588097603736,23.604075858595],[-109.588138564008,23.6041634586445],[-109.588201182921,23.6042394105726],[-109.588281785109,23.6042992563994],[-109.588375639661,23.6043394834823],[-109.588477237804,23.6043577306944],[-109.58858061624,23.604352927014],[-109.588744130309,23.6043417195398],[-109.588906899119,23.6043599433125],[-109.589062743802,23.6044069065446],[-109.589108479564,23.6044349031267],[-109.589146069897,23.6044717837462],[-109.589173528639,23.6045155997491],[-109.589189404947,23.6045640360359],[-109.589192859951,23.6046145333829],[-109.589183711086,23.6046644236634],[-109.589162441736,23.6047110708233],[-109.589115480948,23.6047875829298],[-109.589086849857,23.6048401939372],[-109.589064261478,23.6048952461498],[-109.588765559076,23.6048639596947],[-109.588462275886,23.6048655118264],[-109.587482513544,23.6048834757275],[-109.58699623164,23.6048934075127],[-109.58677280468,23.6050349087033],[-109.586662440647,23.6052592101974],[-109.586633532672,23.6052596957433],[-109.586640092976,23.6056674711953],[-109.586629209544,23.6057220793448],[-109.58660797398,23.6057740379693],[-109.586577061533,23.6058216948573],[-109.586549579447,23.6058601125489],[-109.586532915663,23.6059034884776],[-109.586528045871,23.60594928294701],[-109.586535255212,23.6059948146502],[-109.586554121585,23.6060374176632],[-109.586583540357,23.6060745975368],[-109.586614293877,23.60610785943],[-109.586652372712,23.6061339014286],[-109.586695828661,23.6061513911618],[-109.58680549644,23.6061754561468],[-109.586877579395,23.6062055858594],[-109.586941303901,23.6062488493495],[-109.586993893138,23.6063033614034],[-109.587033055504,23.6063667466461],[-109.587074748203,23.6064790608799],[-109.587086818948,23.6065972423231],[-109.587093212184,23.6066430306206],[-109.587111791212,23.6066859044074],[-109.587141382781,23.6067231562078],[-109.587180118192,23.606752433572],[-109.586986350206,23.6070366261897],[-109.586613480281,23.6074975813936],[-109.587012389156,23.6077715867453],[-109.587048082962,23.6079798077527],[-109.586542956352,23.6085849728293],[-109.586539072434,23.6085822200068],[-109.586467199662,23.6086683263004],[-109.586449661489,23.60868933767],[-109.586049273818,23.608492167488],[-109.585665228963,23.6091423726919],[-109.58553503201,23.6090732499066],[-109.585476473226,23.6090421127805],[-109.585420146684,23.6090100734236],[-109.585349764021,23.6089693819434],[-109.585268629735,23.6089278236989],[-109.585204102475,23.6088849107853],[-109.585147000667,23.6088546081786],[-109.585097670943,23.6088195414618],[-109.585015567156,23.6087493383919],[-109.584922783457,23.6086569156176],[-109.584794611206,23.60855484115631],[-109.584639812502,23.6084404768526],[-109.584567147826,23.6084013776568],[-109.584543820568,23.6083703064115],[-109.584492857539,23.6083055704872],[-109.584439035058,23.6082454641733]]},"properties":{"visibility":true,"Name":"MIA-P-Marina-2018","timestamp":"null","begin":"null","end":"null","altitudeMode":"null","tessellate":1,"extrude":0,"drawOrder":"null","icon":"null"}},{"type":"Feature","geometry":{"type":"LineString","coordinates":[[-109.603598976565,23.6170995315985],[-109.603600997408,23.6171004918548],[-109.603606650064,23.6171010834569],[-109.603846805291,23.6172150197191],[-109.603839128234,23.6172074655166],[-109.603831626508,23.6172003921218],[-109.603817016229,23.6171874562729],[-109.603802708825,23.6171757492074],[-109.603788447423,23.6171648180713],[-109.603759803756,23.6171443599762],[-109.603731270663,23.6171250469454],[-109.603703188753,23.6171060231697],[-109.603675957183,23.6170865779132],[-109.603662863294,23.6170766691082],[-109.603650240664,23.6170666584816],[-109.603638181789,23.6170565627586],[-109.603626779165,23.6170463986646],[-109.603598976565,23.6170995315985]]},"properties":{"name":"AC-01","stroke-opacity":1,"stroke":"#58f4f9"},"id":"kml_1"},{"type":"Feature","geometry":{"type":"LineString","coordinates":[[-109.591341949887,23.6114003881016],[-109.591329249383,23.6114004743456],[-109.591319557842,23.6114058266216],[-109.591299367458,23.6114306281158],[-109.591282707741,23.6114576029608],[-109.591279959697,23.6114621060526],[-109.591283245229,23.6114779022193],[-109.591288160486,23.6114834141788],[-109.591290186822,23.6114889045036],[-109.591290088358,23.6114981160048],[-109.591300067603,23.6115149018525],[-109.591303647251,23.6115187791343],[-109.591298027205,23.611536317191],[-109.591290553517,23.6115472584398],[-109.591275914772,23.611561875657],[-109.591246529327,23.611574935824],[-109.591214406196,23.6115777296642],[-109.59119279545,23.6115805188359],[-109.591169580956,23.6115880579277],[-109.591150325882,23.6115994902924],[-109.591139532933,23.6116067877982],[-109.59113374223,23.6116173932195],[-109.591113809903,23.6116337217608],[-109.591101179741,23.6116414344766],[-109.591090583868,23.611657152183],[-109.591080425399,23.6116667342637],[-109.591079546167,23.6116723423663],[-109.591080915359,23.6116850357671],[-109.591078627953,23.6116930647925],[-109.59107531877,23.6117017423487],[-109.591075868288,23.6117189616328],[-109.591075396881,23.6117287458932],[-109.591067899341,23.6117438669529],[-109.591061360216,23.6117496154304],[-109.5910523002,23.6117619522643],[-109.5910522136,23.6117700523827],[-109.591042977154,23.6117921622445],[-109.591032263919,23.6118199676859],[-109.591022040951,23.6118452216434],[-109.591016648716,23.611863504602],[-109.59101584309,23.6118844359672],[-109.59101958159,23.6118994761652],[-109.591035644171,23.6119259442729],[-109.591045887591,23.6119407367628],[-109.591057464899,23.611950670527],[-109.591078135335,23.6119687628545],[-109.591098081527,23.6119887900866],[-109.591105097429,23.6119903638378],[-109.591112149646,23.612004466437],[-109.591126594463,23.6120171490079],[-109.591134253161,23.6120263915583],[-109.591144005953,23.612041903611],[-109.591176996815,23.6120670733707],[-109.59119763946,23.6120869294089],[-109.591208002465,23.6121012421466],[-109.591218216666,23.6121158351848],[-109.591236280774,23.6121327887714],[-109.591250379805,23.6121388814661],[-109.591277703415,23.612163501177],[-109.591306687232,23.6121871278491],[-109.591320356749,23.612203889596],[-109.591369632623,23.6122365502646],[-109.591412966878,23.6122659444585],[-109.591455253451,23.6123002255946],[-109.591478317962,23.6123189892553],[-109.591487817815,23.6123298680543],[-109.591503161116,23.6123527551787],[-109.591514544959,23.612368419814],[-109.591532316832,23.6123850990654],[-109.591546164104,23.6124038971592],[-109.591574765358,23.6124296518423],[-109.591584063934,23.612441160084],[-109.591597389698,23.6124584855087],[-109.591621073166,23.6124803484045],[-109.591639272074,23.6125018007211],[-109.591692166441,23.6125419687125],[-109.591709332095,23.6125569034866],[-109.591729330627,23.6125698242883],[-109.591749415994,23.6125746390353],[-109.591758711891,23.6125880418347],[-109.591791849969,23.6126080305993],[-109.591823199159,23.6126187381274],[-109.591843204107,23.6126310799278],[-109.591855212667,23.6126418801328],[-109.591866293329,23.6126492403669],[-109.59187647289,23.6126515896937],[-109.59188554372,23.6126496793027],[-109.591890739288,23.6126458935367],[-109.591897233283,23.6126306071398],[-109.591903230435,23.6126246067624],[-109.591909402029,23.6126189243272],[-109.59191255583,23.612607711271],[-109.591909653594,23.6125911824625],[-109.591907208238,23.6125649357029],[-109.59191693334,23.6125423498416],[-109.591925439315,23.6125140601847],[-109.591944385765,23.6124920732278],[-109.591960717633,23.6124797852016],[-109.591971770382,23.6124732737913],[-109.591997795439,23.6124650187065],[-109.592012676832,23.6124667167435],[-109.592023905544,23.6124721403225],[-109.592050457434,23.6125045610701],[-109.592058839998,23.6125095795503],[-109.592070035906,23.6125118896989],[-109.59207904704,23.6125144699479],[-109.592088763251,23.6125221460702],[-109.592096500981,23.612527813538],[-109.592113050853,23.6125316648108],[-109.592127591554,23.6125398407079],[-109.592137520481,23.6125471538634],[-109.59215549679,23.6125586516136],[-109.592161034053,23.6125660735157],[-109.592166533588,23.6125844282806],[-109.59216968039,23.61260935518],[-109.59217949198,23.6126366377431],[-109.592191593975,23.6126623142099],[-109.592197325537,23.6126692924916],[-109.592201191122,23.6126818439589],[-109.592202591458,23.6126989989797],[-109.592219459454,23.61273166783],[-109.592234296186,23.6127535412344],[-109.59225284639,23.6127709505667],[-109.59228009331,23.6127749457878],[-109.592292618415,23.6127810374017],[-109.592312534108,23.6127845135273],[-109.592337710779,23.6127983947035],[-109.592347779561,23.6128128557622],[-109.592352595677,23.6128178320375],[-109.592375502808,23.612828632503],[-109.592390861955,23.6128439112242],[-109.592410100755,23.6128686444347],[-109.592425291126,23.6128834206947],[-109.592437824898,23.6128918016954],[-109.59251070087,23.6129218919668],[-109.592581558289,23.6129501357183],[-109.592617898432,23.6129678685285],[-109.592657321723,23.6129880133835],[-109.592688140199,23.6129984933084],[-109.592712341587,23.6129956036736],[-109.592731883142,23.6129909977026],[-109.592748699384,23.6129836707588],[-109.592767211202,23.6129683587277],[-109.592775947538,23.6129527306107],[-109.592782382316,23.6129091052547],[-109.592782349751,23.6128496975838],[-109.592781122944,23.612825004812],[-109.592772281537,23.6127666852319],[-109.592757034953,23.6127307938686],[-109.592741086863,23.612700348551],[-109.592704470038,23.6126161527611],[-109.592688139123,23.6125799422516],[-109.592670083301,23.612550577326],[-109.59260870751,23.6124753895707],[-109.592596629689,23.6124671950568],[-109.592590839728,23.6124397777535],[-109.592586022538,23.6124265126899],[-109.59257253762,23.6124102849915],[-109.592549597629,23.6123915368579],[-109.592496580222,23.6123405198637],[-109.592478240591,23.6123221462159],[-109.592453192516,23.6123023513102],[-109.592412280966,23.6122808182025],[-109.592382066598,23.6122655833402],[-109.592363133128,23.6122628757269],[-109.592352014158,23.6122647251575],[-109.592345677885,23.6122676155561],[-109.592326837812,23.6122858909295],[-109.592315034608,23.6122925348833],[-109.592307583099,23.6122928582201],[-109.592296149733,23.6122929483708],[-109.592291052455,23.6122946796113],[-109.592279413375,23.6123028418668],[-109.592270454604,23.612300398365],[-109.592249715022,23.6122793437695],[-109.592249239846,23.612273636343],[-109.592249489186,23.6122604437639],[-109.592244472942,23.6122566366207],[-109.592232992779,23.6122531569528],[-109.592226656709,23.6122501457191],[-109.592217187988,23.6122389142499],[-109.592186793087,23.6122209139268],[-109.592160673658,23.6121976572753],[-109.592151881826,23.6121978886297],[-109.592133124748,23.6121917185255],[-109.59212887081,23.6121853597],[-109.592129830352,23.6121749142224],[-109.592125439054,23.6121582408203],[-109.592114722992,23.6121459503876],[-109.592109110204,23.6121380607281],[-109.592106739102,23.6121278933964],[-109.592106364641,23.6121068752118],[-109.592105150477,23.6121011659162],[-109.592097515425,23.6120890902164],[-109.592081924822,23.612074513023],[-109.592053078215,23.6120442033531],[-109.591996195554,23.6120119483349],[-109.59193017725,23.6119779132716],[-109.591885105976,23.6119453542516],[-109.591848942479,23.6119198584807],[-109.591836596195,23.6119076199849],[-109.591816890872,23.6118849581663],[-109.591802112611,23.6118770204709],[-109.591784133229,23.611865193867],[-109.591773352753,23.6118456289664],[-109.591757545092,23.6118347466025],[-109.591743235794,23.6118284609406],[-109.591719944531,23.6118120139984],[-109.591710060031,23.6118013174535],[-109.59167623472,23.6117520364653],[-109.591656312246,23.6117289829323],[-109.591645067932,23.6117180526804],[-109.591622370943,23.6117034852353],[-109.591606238432,23.6117005178023],[-109.591601056212,23.6116974251127],[-109.591593275438,23.6116878338173],[-109.59158428231,23.6116687744733],[-109.591553253769,23.6116377117696],[-109.59153379943,23.6116165438479],[-109.591493970199,23.6115766691864],[-109.591466320865,23.6115537180085],[-109.591462835207,23.6115381764381],[-109.591458321985,23.6115329553456],[-109.591448721436,23.6115274794522],[-109.591435220954,23.6115198308944],[-109.5914307204,23.6115149332544],[-109.591420188445,23.6114968950721],[-109.591403760268,23.6114783342046],[-109.591392696994,23.6114587847875],[-109.591377026034,23.6114447700186],[-109.591366496682,23.6114363683974],[-109.591359408116,23.6114206691585],[-109.591352915163,23.611408139776],[-109.591341949887,23.6114003881015]]},"properties":{"name":"AC-02","stroke-opacity":1,"stroke":"#ffdf7f"},"id":"kml_2"},{"type":"Feature","geometry":{"type":"LineString","coordinates":[[-109.60446605681,23.6173954825],[-109.604464871157,23.6173924439679],[-109.604463389998,23.6173881617599],[-109.604459107599,23.6173779345131],[-109.604453562846,23.6173700684159],[-109.604445681775,23.6173643962108],[-109.604440283876,23.6173622129919],[-109.604433536267,23.6173608374116],[-109.604425251668,23.6173605636226],[-109.604415875269,23.6173615429793],[-109.604406094591,23.617363872123],[-109.604396435411,23.6173675858169],[-109.604386456594,23.6173723506975],[-109.604375360272,23.6173776975837],[-109.604362505204,23.6173831169725],[-109.604348149903,23.6173878697972],[-109.604332872457,23.6173911354541],[-109.604317281986,23.6173922084061],[-109.604302156113,23.6173910163091],[-109.604288330067,23.6173877032878],[-109.604276523857,23.6173823657462],[-109.604266848564,23.6173748470125],[-109.604259214948,23.6173649071571],[-109.60425348816,23.6173526229788],[-109.60424930247,23.6173396792576],[-109.604246219066,23.6173282697378],[-109.604243699165,23.617320037609],[-109.604240716422,23.6173139392754],[-109.60423609604,23.6173081130684],[-109.604228955728,23.6173011269653],[-109.604219784907,23.6172935644387],[-109.604209474695,23.6172865991925],[-109.604198790342,23.6172811429427],[-109.604187929513,23.6172769262114],[-109.60416589597,23.6172698938053],[-109.604145365981,23.6172630060976],[-109.604129291954,23.6172562676088],[-109.604117695362,23.6172504689563],[-109.604108246011,23.6172442597736],[-109.604097939121,23.6172357900369],[-109.604092585665,23.6172322454271],[-109.604087246487,23.617230203913],[-109.604081653375,23.6172299264561],[-109.60407545601,23.6172315610535],[-109.604068552494,23.6172351146387],[-109.60406172516,23.6172400920304],[-109.604055952971,23.6172458863935],[-109.604051965384,23.6172520294696],[-109.604049637812,23.6172585273423],[-109.604048663104,23.6172654875],[-109.604048806806,23.6172730050146],[-109.604050073799,23.617281134081],[-109.604052518109,23.6172899204618],[-109.604056103495,23.6172993250463],[-109.604065352814,23.6173187043015],[-109.60477006915,23.6176530354619],[-109.604787729651,23.6176520470817],[-109.604802808198,23.6176483919588],[-109.604815916681,23.6176421572369],[-109.604826379978,23.6176339655361],[-109.604833246681,23.6176249470973],[-109.604835720929,23.6176167820546],[-109.604834036454,23.6176094924416],[-109.604829042288,23.6176018392338],[-109.604820360492,23.6175933782465],[-109.604807426483,23.6175842602157],[-109.604790358643,23.6175753471574],[-109.60477049123,23.6175676884368],[-109.60475032147,23.6175623320952],[-109.604731965842,23.6175595772764],[-109.604715409484,23.6175582409895],[-109.604705895771,23.6175566287659],[-109.604694383158,23.6175535176458],[-109.604681063537,23.6175489627866],[-109.604666718146,23.6175434077196],[-109.604637954877,23.6175308892419],[-109.604612472993,23.6175169305542],[-109.604601901735,23.6175092491332],[-109.604592895337,23.6175012270539],[-109.604579151341,23.6174849793071],[-109.604568725253,23.6174686860602],[-109.604556127369,23.6174508262179],[-109.60454109038,23.6174337253576],[-109.604534075462,23.6174272608335],[-109.604527677404,23.6174224901011],[-109.604515924386,23.6174167268797],[-109.60450509723,23.6174140305014],[-109.604496762093,23.6174125939026],[-109.604489709017,23.6174104310267],[-109.604479789007,23.6174056202371],[-109.604470232057,23.6173998884081],[-109.60446605681,23.6173954825]]},"properties":{"name":"AC-03","stroke-opacity":1,"stroke":"#407e35"},"id":"kml_3"},{"type":"Feature","geometry":{"type":"LineString","coordinates":[[-109.600544737821,23.615820599698],[-109.60053813927,23.6158053325458],[-109.600532290146,23.6157880096725],[-109.600522661287,23.615749532454],[-109.60051912958,23.6157320797466],[-109.600517758798,23.6157247608507],[-109.600516658663,23.6157186276595],[-109.600515774264,23.6157135254806],[-109.600515041799,23.6157092495113],[-109.600513777465,23.615702356991],[-109.600510558951,23.615690272965],[-109.600506146649,23.6156780201842],[-109.600501182687,23.6156666099003],[-109.600498550205,23.6156622047542],[-109.600495864106,23.6156592775339],[-109.600493261888,23.6156583318602],[-109.60049089762,23.6156598786578],[-109.600488913783,23.6156642223181],[-109.60048740129,23.6156707474527],[-109.600486043689,23.6156869027161],[-109.600485401742,23.6157031424547],[-109.600484152261,23.6157103989262],[-109.600481986756,23.6157172828917],[-109.600479000351,23.6157245000771],[-109.600475298466,23.615732756669],[-109.600471125443,23.6157426144259],[-109.600466861563,23.6157544937842],[-109.600462887978,23.6157687973124],[-109.600459339904,23.6157853159385],[-109.600544737821,23.615820599698]]},"properties":{"name":"AC-04","stroke-opacity":1,"stroke":"#58f4f9"},"id":"kml_4"},{"type":"Feature","geometry":{"type":"LineString","coordinates":[[-109.600792556053,23.6146650495574],[-109.6008131856,23.6146373418683],[-109.600825140528,23.6146311022787],[-109.600836980186,23.6146249228489],[-109.600849901921,23.6146200877761],[-109.600860530261,23.6146145881818],[-109.600880047992,23.6146058854341],[-109.600896894093,23.6145948081841],[-109.600910859381,23.6145822154003],[-109.600919437711,23.6145690002513],[-109.600924642753,23.6145565911636],[-109.600930903775,23.6145431009207],[-109.600937656441,23.6145252379195],[-109.600941661175,23.6145115697653],[-109.600944252549,23.6144976734709],[-109.600946192022,23.6144860669876],[-109.600946627794,23.6144771346986],[-109.60094676658,23.614457078984],[-109.600943499562,23.6144486844042],[-109.600977446882,23.614402546144],[-109.600958577604,23.614362215912],[-109.600932363802,23.6143387192071],[-109.600912232507,23.6143094792851],[-109.600884969326,23.6143093287297],[-109.600868230681,23.6143174205795],[-109.600857786654,23.6143094048387],[-109.600852938265,23.6142955818549],[-109.600836125183,23.6143031102093],[-109.600820490711,23.6143121155544],[-109.600804434893,23.6143219406458],[-109.60072367399,23.6143703467042],[-109.600676714413,23.6144122730232],[-109.600633466608,23.6144503583459],[-109.60059846489,23.6144909792782],[-109.600575420729,23.614529435319],[-109.600514378021,23.6145722931537],[-109.600461548288,23.6146057215824],[-109.600417635354,23.6146664063651],[-109.600382379569,23.614702494534],[-109.60035049789,23.6147650212539],[-109.600340850249,23.6147922870385],[-109.600329668127,23.6148261909307],[-109.600359163592,23.6148692513988],[-109.600384440982,23.6149128198702],[-109.600485977915,23.6149657343718],[-109.600502574606,23.6149681495013],[-109.600497354041,23.6149838856064],[-109.600490486717,23.6150015255984],[-109.600477380332,23.6150347051318],[-109.600472862545,23.6150435444009],[-109.60046338556,23.6150592261071],[-109.600458063551,23.6150974334078],[-109.600457903949,23.6152156877148],[-109.60045175328,23.6152318038584],[-109.600441219006,23.6152563341659],[-109.600440644279,23.6153025257609],[-109.600442451768,23.615309659395],[-109.600452342186,23.61532964918],[-109.600454722458,23.6153514734932],[-109.600467948059,23.6154086346897],[-109.600485344009,23.6154494101353],[-109.600494734892,23.6154851586282],[-109.60053116061,23.6155188277101],[-109.60054951271,23.6155094193432],[-109.600570229479,23.6155052934067],[-109.600577103075,23.6154918172066],[-109.600587808216,23.6154833045217],[-109.600603099959,23.6154646888415],[-109.600606124004,23.6154479886312],[-109.600612338192,23.6154306236388],[-109.60062691377,23.6154189221987],[-109.600637296141,23.6154035533539],[-109.600657889063,23.615386801113],[-109.600662885564,23.6153607113844],[-109.600663632822,23.6153428816861],[-109.600672643428,23.6153321451389],[-109.600670208918,23.6153132188765],[-109.600668392186,23.6153016627137],[-109.600662325255,23.6152843024927],[-109.600662438468,23.6152792565999],[-109.600680524263,23.6152611635281],[-109.600686476534,23.615250500823],[-109.600684663678,23.6152326449434],[-109.600685052248,23.6152242433025],[-109.600688044687,23.615212028307],[-109.60068294866,23.6151927151175],[-109.600686386322,23.6151759793029],[-109.600681050488,23.6151644680987],[-109.600678372476,23.6151484834248],[-109.600678832271,23.6151391712797],[-109.600679648663,23.6151230586743],[-109.600680327137,23.6151059809519],[-109.600676408502,23.6150928472722],[-109.600673211112,23.6150854371471],[-109.600674243825,23.6150814163413],[-109.600675347219,23.6150786296281],[-109.600674859182,23.6150730159935],[-109.600676261182,23.6150646344914],[-109.600679380551,23.61505846249],[-109.600680550046,23.6150495472109],[-109.600684965605,23.6150440302897],[-109.600679764423,23.61500360368],[-109.600687777081,23.6149813579124],[-109.600687665146,23.6149705572987],[-109.600704881758,23.6149643875621],[-109.600722485311,23.6149508380855],[-109.600730029321,23.6149422264054],[-109.600748009335,23.6149237783534],[-109.600745812432,23.6149156216807],[-109.600741844155,23.614912797826],[-109.600742415841,23.6149065009024],[-109.600737999337,23.6148975577254],[-109.600738220211,23.6148928107341],[-109.600734117457,23.6148896416764],[-109.600726420499,23.6148876043763],[-109.600725600883,23.6148816413183],[-109.600726243944,23.6148758198624],[-109.600733307092,23.6148705790239],[-109.600741098234,23.6148637622608],[-109.600746284856,23.6148581785401],[-109.600761704214,23.6148471462263],[-109.60076538169,23.6148360537583],[-109.600769701048,23.6148275842795],[-109.600766243179,23.6148160804367],[-109.600757751653,23.6148089416058],[-109.600760048211,23.6147974803126],[-109.600767674987,23.6147877266285],[-109.600784753274,23.6147879710141],[-109.600787710168,23.6147830345768],[-109.600789767735,23.6147765262407],[-109.600793711793,23.6147698353923],[-109.600798137717,23.6147629741569],[-109.600797881449,23.6147551405344],[-109.600800053442,23.6147439912769],[-109.600800741754,23.6147334241456],[-109.600800873611,23.6147261155132],[-109.600798712751,23.6147205674897],[-109.600799570725,23.6147155736081],[-109.600796935716,23.61470342523],[-109.600794616555,23.6146931831105],[-109.600792448408,23.614681623601],[-109.600790964134,23.6146765590534],[-109.600792556053,23.6146650495574]]},"properties":{"name":"AC-05","stroke-opacity":1,"stroke":"#407e35"},"id":"kml_5"},{"type":"Feature","geometry":{"type":"LineString","coordinates":[[-109.601712859527,23.6162876562585],[-109.601704122069,23.6162752679524],[-109.601700148519,23.6162698232662],[-109.601696646122,23.6162667453023],[-109.601684183908,23.6162539901649],[-109.601657339079,23.6161968702575],[-109.601631311967,23.6161716015767],[-109.601601439071,23.6161629822487],[-109.60157698159,23.6161485306104],[-109.601536187724,23.6161313040058],[-109.601514924209,23.6161123591506],[-109.601510039597,23.6160978471554],[-109.601503175124,23.6160904245974],[-109.60149174798,23.6160820510293],[-109.601480766777,23.6160882514687],[-109.601468275963,23.616083401248],[-109.601452189896,23.6160716527877],[-109.601438577515,23.6160703430423],[-109.601416945363,23.6160625174289],[-109.601395034862,23.6160555816965],[-109.601380211306,23.6160407286617],[-109.601360746119,23.6160336869662],[-109.601350328549,23.6160169738664],[-109.601350887284,23.6160019983472],[-109.601348618217,23.6159817563446],[-109.601356561787,23.6159637193866],[-109.601350126329,23.6159425962198],[-109.601332652125,23.6159283612319],[-109.601319818413,23.6159347122947],[-109.60129985887,23.6159340276955],[-109.601283099255,23.6159384239505],[-109.601265842572,23.6159379857002],[-109.601253987791,23.6159256544155],[-109.601244185022,23.615916401343],[-109.60120753984,23.6159140615626],[-109.60119749451,23.6159138057627],[-109.601185902509,23.6159151283893],[-109.601169347952,23.6159168322401],[-109.601157010386,23.6159222922279],[-109.601149681269,23.6159218121467],[-109.601139679654,23.6159251762643],[-109.601134404276,23.6159250215933],[-109.601127984865,23.6159306320179],[-109.601121908985,23.6159364341632],[-109.601119520595,23.6159431885507],[-109.601103993059,23.6159562002962],[-109.601094626239,23.6159555686697],[-109.601084324585,23.6159573796421],[-109.601072898349,23.6159583504619],[-109.601059939397,23.6159583263279],[-109.601039161019,23.6159484747585],[-109.601022643057,23.6159420329318],[-109.601007550215,23.6159389065672],[-109.601001220709,23.6159394246214],[-109.600993238682,23.615939353024],[-109.600987463108,23.6159363240784],[-109.600982917526,23.6159337410052],[-109.600977790152,23.6159314171265],[-109.60097134486,23.615926743929],[-109.600963605089,23.6159197434261],[-109.600959229459,23.6159158347284],[-109.600956040728,23.6159114344942],[-109.600950358234,23.6159042989031],[-109.600946063882,23.6158963187107],[-109.60094102787,23.6158890224583],[-109.600937592229,23.615881432211],[-109.600934070064,23.6158737888541],[-109.600931762225,23.6158666035135],[-109.600927553544,23.6158567970646],[-109.600918528092,23.6158520357506],[-109.600911644856,23.6158506941229],[-109.600905525604,23.6158490548592],[-109.600888162183,23.6158525609215],[-109.60086973156,23.6158563266075],[-109.600847976357,23.615861951517],[-109.60083225724,23.6158663862745],[-109.600813185027,23.6158679211167],[-109.600802370588,23.6158673826388],[-109.600790759772,23.6158665560612],[-109.600780092232,23.6158635403882],[-109.600759071623,23.6158567793597],[-109.600737254596,23.6158497302118],[-109.600714514841,23.6158490948198],[-109.600703385947,23.6158492860261],[-109.600680519869,23.6158553525049],[-109.600653063495,23.6158656625105],[-109.601716998688,23.6163062185168],[-109.601712859527,23.6162876562585]]},"properties":{"name":"AC-06","stroke-opacity":1,"stroke":"#58f4f9"},"id":"kml_6"},{"type":"Feature","geometry":{"type":"LineString","coordinates":[[-109.59955406935,23.6147884397658],[-109.599562688968,23.6148077460958],[-109.599571977419,23.6148267872301],[-109.599581925109,23.6148455435018],[-109.599592521765,23.6148639955379],[-109.599603756441,23.61488212428],[-109.599615617534,23.6148999110031],[-109.599628092793,23.614917337336],[-109.599630642079,23.6149203865375],[-109.599633305526,23.6149233517292],[-109.599636079877,23.614926229284],[-109.599638961737,23.6149290156817],[-109.599641947582,23.614931707514],[-109.599645033759,23.614934301488],[-109.599648216492,23.6149367944306],[-109.599651491889,23.6149391832923],[-109.599654855943,23.6149414651508],[-109.599658304538,23.6149436372149],[-109.599661833457,23.6149456968276],[-109.599665438382,23.6149476414694],[-109.599669114904,23.6149494687615],[-109.599672858524,23.6149511764686],[-109.599676664665,23.6149527625018],[-109.599680528669,23.6149542249209],[-109.599684445811,23.614955561937],[-109.599688411298,23.6149567719146],[-109.59969242028,23.6149578533736],[-109.599696467853,23.6149588049911],[-109.599700549065,23.6149596256029],[-109.599704658924,23.6149603142053],[-109.599708792402,23.6149608699559],[-109.599712944444,23.6149612921748],[-109.59971710997,23.6149615803457],[-109.599721283885,23.6149617341159],[-109.599725461082,23.6149617532975],[-109.599729636453,23.6149616378668],[-109.599733804889,23.6149613879652],[-109.599737961291,23.6149610038983],[-109.599742100576,23.6149604861359],[-109.599746217679,23.6149598353115],[-109.599750307564,23.614959052221],[-109.599754365229,23.6149581378225],[-109.599758385709,23.6149570932344],[-109.599762364087,23.6149559197347],[-109.599766295496,23.6149546187588],[-109.599770175127,23.6149531918981],[-109.599772846412,23.6149523148706],[-109.599775483325,23.6149513535728],[-109.599778082735,23.6149503091456],[-109.599780641557,23.6149491828288],[-109.599783156753,23.6149479759593],[-109.599785625338,23.6149466899697],[-109.599788044381,23.6149453263864],[-109.599790411012,23.6149438868281],[-109.599792722422,23.6149423730034],[-109.599794975865,23.6149407867094],[-109.599797168668,23.6149391298289],[-109.599799298228,23.6149374043286],[-109.599801362017,23.6149356122567],[-109.599803357585,23.6149337557404],[-109.599805282564,23.6149318369833],[-109.599807134668,23.6149298582632],[-109.599808911699,23.6149278219286],[-109.599810611548,23.6149257303967],[-109.599812232198,23.6149235861502],[-109.599813771723,23.6149213917343],[-109.599815228298,23.6149191497537],[-109.599816600192,23.6149168628697],[-109.599817885778,23.6149145337968],[-109.59981908353,23.6149121652996],[-109.599820192026,23.6149097601895],[-109.599821209949,23.6149073213215],[-109.599822136093,23.6149048515903],[-109.599822969357,23.6149023539277],[-109.599823708752,23.6148998312982],[-109.599824353401,23.6148972866964],[-109.599824902539,23.6148947231425],[-109.599825355513,23.6148921436796],[-109.599825711787,23.6148895513695],[-109.599825970937,23.6148869492892],[-109.599826132655,23.6148843405274],[-109.59982619675,23.6148817281807],[-109.599826163145,23.6148791153499],[-109.599826031881,23.6148765051365],[-109.599825803113,23.6148739006388],[-109.599825477113,23.6148713049484],[-109.599823544318,23.6148630837063],[-109.599821893944,23.6148548103734],[-109.599820527635,23.6148464931851],[-109.59981944675,23.6148381404204],[-109.599818652365,23.6148297603936],[-109.599818145271,23.6148213614465],[-109.599817925973,23.6148129519393],[-109.599817994689,23.6148045402431],[-109.59981835135,23.6147961347308],[-109.59981973406,23.6147908695812],[-109.599821311828,23.6147856512004],[-109.599823082801,23.6147804857222],[-109.599825044895,23.6147753792179],[-109.599827195806,23.6147703376898],[-109.599829533004,23.6147653670637],[-109.599832053743,23.614760473182],[-109.59983475506,23.6147556617969],[-109.59983763378,23.6147509385637],[-109.599840686519,23.6147463090342],[-109.599843909688,23.6147417786498],[-109.5998472995,23.6147373527356],[-109.59985085197,23.6147330364936],[-109.599854562922,23.6147288349973],[-109.599858427995,23.614724753185],[-109.599862442645,23.6147207958545],[-109.599866602154,23.6147169676571],[-109.599870901633,23.6147132730927],[-109.599875336027,23.6147097165036],[-109.599879900126,23.6147063020704],[-109.599884588564,23.6147030338063],[-109.59988939583,23.6146999155527],[-109.599894316274,23.614696950975],[-109.599899344113,23.6146941435577],[-109.599904473437,23.6146914966005],[-109.599909698216,23.6146890132147],[-109.599915012311,23.6146866963192],[-109.599920409473,23.6146845486374],[-109.599925883361,23.6146825726935],[-109.599931427539,23.6146807708102],[-109.599937035492,23.6146791451052],[-109.599942700627,23.6146776974895],[-109.599945742675,23.6146764028524],[-109.599948733873,23.6146750112446],[-109.599951670581,23.6146735243591],[-109.599954549225,23.614671944005],[-109.599957366305,23.6146702721052],[-109.599960118391,23.6146685106936],[-109.599962802137,23.6146666619134],[-109.599965414276,23.6146647280138],[-109.599967951631,23.6146627113478],[-109.599970411115,23.614660614369],[-109.599972789734,23.6146584396287],[-109.599975084596,23.6146561897728],[-109.599977292908,23.6146538675385],[-109.599979411984,23.6146514757514],[-109.599981439244,23.6146490173213],[-109.599983372224,23.6146464952393],[-109.59998520857,23.614643912574],[-109.599986946049,23.6146412724675],[-109.599988582548,23.614638578132],[-109.599990116073,23.6146358328456],[-109.599991544761,23.6146330399483],[-109.599992866873,23.6146302028382],[-109.5999940808,23.614627324967],[-109.599995185065,23.6146244098361],[-109.599996178325,23.6146214609923],[-109.599997059372,23.6146184820232],[-109.599997827133,23.6146154765533],[-109.599998480674,23.6146124482392],[-109.599999019201,23.6146094007653],[-109.599999442057,23.6146063378393],[-109.59999974873,23.6146032631878],[-109.599999938844,23.6146001805516],[-109.60000001217,23.6145970936812],[-109.599999968618,23.6145940063323],[-109.599999808241,23.614590922261],[-109.599999531233,23.6145878452197],[-109.599999137933,23.6145847789521],[-109.599998628819,23.6145817271888],[-109.59999800451,23.6145786936426],[-109.599997265765,23.6145756820045],[-109.599996413484,23.6145726959385],[-109.599995448703,23.6145697390776],[-109.5999924563,23.6145597760276],[-109.599989839975,23.6145497235002],[-109.599987602864,23.6145395935448],[-109.599985747649,23.6145293983035],[-109.599984276553,23.6145191499967],[-109.599983191339,23.6145088609086],[-109.599982493309,23.6144985433719],[-109.599982183299,23.6144882097537],[-109.599982261679,23.6144778724402],[-109.599982728357,23.6144675438222],[-109.599983582773,23.6144572362799],[-109.599984823903,23.6144469621683],[-109.599986450258,23.6144367338023],[-109.599988459889,23.6144265634421],[-109.599990850388,23.6144164632782],[-109.599993618889,23.6144064454171],[-109.599996762073,23.6143965218664],[-109.600000276173,23.614386704521],[-109.600004156976,23.6143770051483],[-109.600008399832,23.6143674353742],[-109.600012999653,23.6143580066694],[-109.600017950928,23.6143487303355],[-109.60004325218,23.6143300847422],[-109.600068111702,23.6143109413048],[-109.600070884731,23.6143102411876],[-109.60007362983,23.6143094531329],[-109.600076343713,23.6143085780833],[-109.600079023135,23.6143076170853],[-109.600081664892,23.6143065712884],[-109.600084265823,23.6143054419434],[-109.600086822819,23.6143042304011],[-109.60008933282,23.6143029381106],[-109.600091792824,23.6143015666175],[-109.600094199889,23.6143001175622],[-109.600096551136,23.6142985926779],[-109.600098843753,23.6142969937885],[-109.600101074998,23.6142953228063],[-109.600103242201,23.6142935817299],[-109.600105342772,23.6142917726417],[-109.600107374197,23.6142898977056],[-109.600109334046,23.6142879591641],[-109.600111219977,23.6142859593358],[-109.600113029732,23.6142839006127],[-109.600114761148,23.614281785457],[-109.600117983202,23.614281263088],[-109.600121223242,23.614280845732],[-109.600124477238,23.6142805339082],[-109.600127741144,23.6142803280042],[-109.600131010898,23.6142802282762],[-109.600158797595,23.6142741136397],[-109.600186331245,23.6142670940623],[-109.600188317484,23.6142665955728],[-109.600190319894,23.6142661554266],[-109.600192336456,23.6142657740673],[-109.600194365139,23.6142654518791],[-109.600196403897,23.6142651891869],[-109.600198450678,23.6142649862552],[-109.600200503417,23.6142648432886],[-109.600202560047,23.6142647604312],[-109.600204618495,23.6142647377664],[-109.600207492781,23.6142646290516],[-109.600210361265,23.6142644287676],[-109.600213220512,23.6142641371541],[-109.600216067096,23.6142637545602],[-109.600218897611,23.6142632814442],[-109.600221708667,23.6142627183726],[-109.600224496897,23.6142620660195],[-109.600227258964,23.6142613251662],[-109.600229991559,23.6142604966996],[-109.600232691411,23.6142595816119],[-109.600235355287,23.6142585809989],[-109.600237979996,23.6142574960585],[-109.600240562397,23.61425632809],[-109.600243099397,23.614255078492],[-109.600245587958,23.6142537487606],[-109.6002480251,23.6142523404882],[-109.600250407905,23.6142508553611],[-109.600252733519,23.6142492951575],[-109.600254999159,23.6142476617457],[-109.600257202111,23.6142459570815],[-109.600259339737,23.6142441832062],[-109.600261409478,23.6142423422439],[-109.600263408855,23.6142404363988],[-109.600265335474,23.6142384679532],[-109.600267187029,23.6142364392641],[-109.600268961301,23.6142343527606],[-109.600270656167,23.6142322109412],[-109.600272269598,23.6142300163705],[-109.60027379966,23.6142277716764],[-109.600275244523,23.6142254795467],[-109.600276602455,23.614223142726],[-109.600277871832,23.6142207640124],[-109.600279051132,23.6142183462544],[-109.600280138945,23.6142158923469],[-109.600281133966,23.6142134052283],[-109.600282035006,23.6142108878768],[-109.600282840984,23.6142083433066],[-109.600283550937,23.6142057745647],[-109.600284164013,23.6142031847269],[-109.600284679478,23.6142005768943],[-109.600285096717,23.6141979541896],[-109.600285415228,23.6141953197533],[-109.60028563463,23.6141926767399],[-109.600285754661,23.6141900283142],[-109.600285775178,23.6141873776474],[-109.600285696154,23.6141847279135],[-109.600285517686,23.6141820822853],[-109.600285239987,23.6141794439309],[-109.600284863389,23.6141768160092],[-109.600284388343,23.6141742016672],[-109.600283815418,23.6141716040352],[-109.600283145301,23.6141690262237],[-109.600282378793,23.6141664713194],[-109.600281516812,23.6141639423816],[-109.600283461882,23.6141604871237],[-109.600285282548,23.6141569747784],[-109.600286976841,23.6141534091474],[-109.600288542925,23.6141497940902],[-109.600289979107,23.6141461335195],[-109.600291283831,23.6141424313976],[-109.600292455685,23.6141386917315],[-109.600293493402,23.614134918569],[-109.600294395857,23.614131115994],[-109.600295162074,23.6141272881226],[-109.600295791224,23.6141234390978],[-109.600296282626,23.6141195730858],[-109.600296635747,23.6141156942711],[-109.600296850206,23.6141118068521],[-109.600300265815,23.6141030535212],[-109.60030400367,23.6140944127135],[-109.600308059414,23.6140858944984],[-109.600312428321,23.6140775088022],[-109.6003171053,23.6140692653969],[-109.600322084901,23.6140611738886],[-109.600327361321,23.6140532437065],[-109.60033292841,23.6140454840918],[-109.600338779683,23.6140379040867],[-109.60034490832,23.6140305125244],[-109.600351307179,23.6140233180184],[-109.600357968803,23.6140163289525],[-109.600364885431,23.6140095534711],[-109.600372049,23.6140029994699],[-109.600379451165,23.6139966745862],[-109.600387083299,23.6139905861905],[-109.600394936507,23.6139847413777],[-109.600403001639,23.6139791469589],[-109.600411269297,23.6139738094533],[-109.600419729845,23.6139687350806],[-109.600428373425,23.6139639297543],[-109.600437189964,23.6139593990739],[-109.600446169188,23.6139551483191],[-109.600455300633,23.6139511824433],[-109.600464573659,23.6139475060681],[-109.60047397746,23.6139441234776],[-109.600483501077,23.6139410386135],[-109.600493133412,23.6139382550706],[-109.60050286324,23.6139357760927],[-109.600512679224,23.6139336045686],[-109.600522569925,23.6139317430287],[-109.600532523816,23.6139301936423],[-109.600542529299,23.6139289582149],[-109.600552574714,23.6139280381862],[-109.600562648355,23.6139274346283],[-109.600684271532,23.6139555908892],[-109.600688288551,23.6139557814715],[-109.600692310282,23.6139558459909],[-109.600696332066,23.6139557843724],[-109.600700349246,23.6139555966876],[-109.600704357168,23.6139552831539],[-109.600708351191,23.6139548441342],[-109.600712326689,23.6139542801372],[-109.600716279057,23.6139535918161],[-109.600720203718,23.6139527799681],[-109.600724096125,23.6139518455334],[-109.600727951772,23.6139507895944],[-109.600731766191,23.613949613374],[-109.600735534965,23.6139483182346],[-109.60073925373,23.6139469056763],[-109.600742918177,23.613945377335],[-109.600746524063,23.613943734981],[-109.600750067211,23.6139419805164],[-109.600753543518,23.6139401159733],[-109.600756948957,23.6139381435112],[-109.600760279584,23.6139360654146],[-109.600763531542,23.6139338840905],[-109.600766701064,23.6139316020653],[-109.600769784478,23.6139292219821],[-109.600772778214,23.6139267465975],[-109.600775678805,23.6139241787785],[-109.60077848289,23.6139215214992],[-109.600781187223,23.6139187778375],[-109.60078378867,23.6139159509708],[-109.600786284219,23.6139130441736],[-109.60078867098,23.6139100608123],[-109.600790946188,23.6139070043424],[-109.600793107208,23.6139038783039],[-109.600794923318,23.613900775162],[-109.600796853903,23.6138977312634],[-109.600798896691,23.6138947501923],[-109.600801049276,23.613891835459],[-109.600803309123,23.6138889904958],[-109.600805673571,23.6138862186525],[-109.600808139836,23.6138835231932],[-109.600810705014,23.6138809072918],[-109.600813366085,23.6138783740285],[-109.600816119914,23.6138759263865],[-109.600818963259,23.6138735672477],[-109.600821892772,23.6138712993902],[-109.600824905004,23.6138691254844],[-109.600827996407,23.6138670480902],[-109.600831163341,23.6138650696537],[-109.600834402078,23.6138631925045],[-109.600837708802,23.6138614188532],[-109.600841079622,23.6138597507881],[-109.600844510567,23.6138581902735],[-109.600847997597,23.6138567391469],[-109.600851536607,23.6138553991171],[-109.600855123429,23.6138541717619],[-109.600858753839,23.6138530585267],[-109.600862423563,23.6138520607222],[-109.60086612828,23.6138511795234],[-109.600869863626,23.613850415968],[-109.600873625204,23.613849770955],[-109.600875686606,23.6138493617471],[-109.600877731543,23.6138488875542],[-109.600879757602,23.6138483489354],[-109.600881762394,23.613847746526],[-109.600883743554,23.6138470810367],[-109.600885698745,23.6138463532524],[-109.600887625661,23.6138455640316],[-109.600889522029,23.6138447143051],[-109.600891385612,23.6138438050752],[-109.600893214213,23.6138428374143],[-109.600895005674,23.613841812464],[-109.600896757882,23.613840731433],[-109.600898468771,23.6138395955966],[-109.600900136322,23.6138384062944],[-109.600901758569,23.6138371649293],[-109.600903333598,23.6138358729654],[-109.600904859551,23.6138345319268],[-109.600906334628,23.6138331433951],[-109.60090775709,23.6138317090082],[-109.600909125258,23.6138302304581],[-109.600910437519,23.6138287094885],[-109.600911692326,23.6138271478937],[-109.600912888197,23.6138255475155],[-109.600917095947,23.6138178673182],[-109.600921014074,23.6138100581138],[-109.600924637925,23.6138021291722],[-109.600927963199,23.6137940899057],[-109.60093098595,23.6137859498573],[-109.600933702588,23.6137777186899],[-109.60093610989,23.6137694061743],[-109.600938204997,23.613761022178],[-109.600939985422,23.6137525766534],[-109.600941449053,23.6137440796259],[-109.600942594152,23.6137355411819],[-109.600943419359,23.6137269714572],[-109.600943923695,23.6137183806245],[-109.600944106562,23.6137097788817],[-109.600943967742,23.6137011764396],[-109.6009435074,23.6136925835098],[-109.60094263406,23.6136864649351],[-109.600941529407,23.6136803781891],[-109.600940194789,23.6136743306945],[-109.600938631833,23.613668329826],[-109.600936842446,23.6136623829016],[-109.600934828808,23.6136564971734],[-109.600932593376,23.6136506798188],[-109.600930138877,23.613644937932],[-109.600927468302,23.6136392785151],[-109.600924584909,23.6136337084695],[-109.600921492215,23.6136282345878],[-109.60091819399,23.6136228635452],[-109.600914694257,23.6136176018916],[-109.600910997283,23.6136124560434],[-109.600907107578,23.6136074322758],[-109.600903029884,23.6136025367152],[-109.600898769174,23.6135977753316],[-109.600894330643,23.6135931539313],[-109.600889719706,23.6135886781501],[-109.600884941984,23.6135843534459],[-109.600880003303,23.6135801850927],[-109.600874909687,23.6135761781737],[-109.600869667348,23.6135723375751],[-109.600864282676,23.6135686679805],[-109.600858762241,23.6135651738648],[-109.600853112772,23.613561859489],[-109.60084734116,23.6135587288949],[-109.600841454443,23.6135557859001],[-109.6008354598,23.6135530340936],[-109.600829364541,23.6135504768311],[-109.600823176099,23.6135481172311],[-109.600816902021,23.6135459581711],[-109.600810549957,23.6135440022839],[-109.600804127654,23.6135422519547],[-109.600797642943,23.6135407093181],[-109.600791103734,23.6135393762551],[-109.600776243647,23.6135364425233],[-109.600761288775,23.6135339510858],[-109.600746254618,23.613531904525],[-109.600731156757,23.6135303049619],[-109.600716010842,23.6135291540544],[-109.600710347744,23.6135284522722],[-109.600704713934,23.6135275728244],[-109.600699115976,23.6135265167354],[-109.600693560389,23.6135252852355],[-109.600688053645,23.6135238797592],[-109.60068260216,23.6135223019437],[-109.600677212282,23.613520553627],[-109.600671890291,23.6135186368455],[-109.600666642386,23.6135165538321],[-109.60066147468,23.6135143070132],[-109.600656393193,23.613511899006],[-109.600651403843,23.6135093326156],[-109.600646512444,23.6135066108315],[-109.600639906535,23.6135029841538],[-109.600633438593,23.6134991521418],[-109.600627116133,23.613495119247],[-109.600620946498,23.6134908901548],[-109.600614936857,23.613486469778],[-109.600609094191,23.6134818632521],[-109.600603425287,23.6134770759285],[-109.600597936731,23.6134721133688],[-109.6005926349,23.6134669813381],[-109.600587525953,23.6134616857986],[-109.600582615824,23.6134562329021],[-109.600577910219,23.6134506289834],[-109.600573414603,23.6134448805527],[-109.6005691342,23.6134389942883],[-109.600565073982,23.6134329770283],[-109.600561238665,23.6134268357631],[-109.600557632706,23.6134205776271],[-109.600554260293,23.6134142098908],[-109.600551125345,23.6134077399515],[-109.600548231503,23.6134011753257],[-109.600545582128,23.6133945236395],[-109.6005431803,23.6133877926205],[-109.600541028808,23.6133809900883],[-109.600539130151,23.6133741239455],[-109.600537486535,23.6133672021686],[-109.600536099869,23.613360232799],[-109.600534971765,23.6133532239331],[-109.600534103533,23.6133461837133],[-109.600533496182,23.6133391203183],[-109.600533150416,23.6133320419539],[-109.600533066638,23.6133249568432],[-109.600533244945,23.6133178732172],[-109.60053368513,23.613310799305],[-109.600534218867,23.6133045661033],[-109.600534989821,23.613298354017],[-109.600535997041,23.6132921707087],[-109.600537239285,23.613286023806],[-109.60053871502,23.6132799208914],[-109.600540422426,23.6132738694931],[-109.600542359396,23.6132678770758],[-109.600544523542,23.6132619510313],[-109.600546912194,23.6132560986699],[-109.600549522405,23.6132503272105],[-109.600552350955,23.6132446437727],[-109.600555394356,23.6132390553671],[-109.600558648852,23.6132335688874],[-109.600562110429,23.6132281911014],[-109.600636746942,23.6131206882332],[-109.600639109778,23.6131161094065],[-109.600641299006,23.6131114578837],[-109.600643311996,23.6131067392519],[-109.600645146329,23.6131019591787],[-109.600646799803,23.6130971234055],[-109.600648270431,23.6130922377407],[-109.600649556448,23.6130873080525],[-109.600650656307,23.6130823402621],[-109.60065156869,23.6130773403364],[-109.600652292499,23.6130723142808],[-109.600652826865,23.6130672681323],[-109.600653171147,23.6130622079519],[-109.600653324931,23.6130571398174],[-109.600653288032,23.6130520698163],[-109.600653060494,23.6130470040381],[-109.600652642591,23.6130419485676],[-109.600652034826,23.613036909477],[-109.600651237927,23.6130318928187],[-109.600650252852,23.6130269046183],[-109.600649080785,23.6130219508673],[-109.600647723133,23.6130170375157],[-109.600646181526,23.613012170465],[-109.600644457817,23.613007355561],[-109.600642554076,23.6130025985871],[-109.60064047259,23.612997905257],[-109.600638215858,23.6129932812077],[-109.600635786591,23.6129887319935],[-109.600633187708,23.6129842630783],[-109.600630422329,23.6129798798299],[-109.600627493776,23.6129755875131],[-109.600624405567,23.6129713912834],[-109.600621161412,23.612967296181],[-109.600617765206,23.6129633071245],[-109.600614221029,23.6129594289053],[-109.600610533138,23.6129556661816],[-109.600606705962,23.6129520234728],[-109.600602744099,23.6129485051543],[-109.600598652307,23.6129451154519],[-109.600594435501,23.612941858437],[-109.600590098745,23.6129387380217],[-109.600585647249,23.612935757954],[-109.600576658795,23.6129303992228],[-109.600567477917,23.6129253250323],[-109.600558115219,23.6129205412434],[-109.600548581514,23.6129160533814],[-109.600538887816,23.6129118666301],[-109.600529045319,23.6129079858253],[-109.600519065393,23.6129044154495],[-109.600508959565,23.6129011596264],[-109.600498739507,23.6128982221168],[-109.600488417024,23.6128956063135],[-109.600478004039,23.6128933152378],[-109.600467512579,23.6128913515361],[-109.600456954762,23.6128897174764],[-109.600446342783,23.6128884149462],[-109.600435688899,23.6128874454499],[-109.600425005415,23.6128868101073],[-109.600414304671,23.6128865096523],[-109.600403599027,23.6128865444318],[-109.600392900849,23.6128869144057],[-109.600382222492,23.6128876191468],[-109.600371576292,23.6128886578408],[-109.600360974544,23.6128900292882],[-109.600356149535,23.6128907697317],[-109.600351299746,23.6128913568436],[-109.600346430915,23.6128917899295],[-109.6003415488,23.6128920684772],[-109.600336659178,23.612892192157],[-109.600331767832,23.6128921608227],[-109.600326880549,23.6128919745114],[-109.60032200311,23.6128916334434],[-109.600317141284,23.6128911380223],[-109.600312300823,23.612890488834],[-109.600307487452,23.6128896866465],[-109.600302706866,23.6128887324088],[-109.60029796472,23.6128876272496],[-109.600293266623,23.6128863724763],[-109.600288618132,23.6128849695732],[-109.600284024748,23.6128834201999],[-109.600279491903,23.612881726189],[-109.600275024959,23.6128798895447],[-109.600270629201,23.6128779124394],[-109.600266309829,23.6128757972119],[-109.600262071951,23.6128735463645],[-109.600257920581,23.6128711625597],[-109.60025386063,23.6128686486175],[-109.600249896901,23.6128660075116],[-109.600246034082,23.6128632423663],[-109.600242276743,23.6128603564526],[-109.600238629328,23.6128573531843],[-109.600235096152,23.6128542361142],[-109.600231681395,23.6128510089294],[-109.600228389096,23.6128476754475],[-109.60022522315,23.6128442396118],[-109.600222187301,23.6128407054867],[-109.600219285141,23.6128370772528],[-109.600216520103,23.6128333592021],[-109.600213895457,23.6128295557327],[-109.60021141431,23.6128256713439],[-109.600209079594,23.6128217106308],[-109.600206894073,23.6128176782784],[-109.600204860332,23.6128135790569],[-109.600202980776,23.6128094178153],[-109.600201257629,23.6128051994761],[-109.600199692929,23.6128009290294],[-109.600198288527,23.6127966115266],[-109.600197046084,23.6127922520753],[-109.60019596707,23.6127878558322],[-109.600195052762,23.6127834279979],[-109.60019430424,23.6127789738101],[-109.600193722392,23.6127744985379],[-109.600193307903,23.6127700074752],[-109.600193061266,23.6127655059347],[-109.600192982771,23.6127609992412],[-109.600193072512,23.612756492726],[-109.600193330383,23.6127519917199],[-109.600193756077,23.6127475015474],[-109.600194349092,23.6127430275199],[-109.600195108727,23.6127385749299],[-109.600196034082,23.6127341490446],[-109.600197124063,23.6127297550994],[-109.600198377381,23.612725398292],[-109.600199792552,23.6127210837763],[-109.600200207593,23.6127191229752],[-109.600200549575,23.6127171502355],[-109.600200818096,23.6127151678679],[-109.600201012844,23.6127131781944],[-109.600201133589,23.6127111835454],[-109.60020118019,23.6127091862573],[-109.600201152592,23.6127071886695],[-109.600201050828,23.6127051931218],[-109.600200875018,23.6127032019516],[-109.600200625366,23.612701217491],[-109.600200302165,23.6126992420646],[-109.600199905795,23.6126972779862],[-109.600199436719,23.6126953275562],[-109.600198895486,23.6126933930592],[-109.600198282731,23.612691476761],[-109.600197599171,23.6126895809063],[-109.600196845608,23.6126877077157],[-109.600196022922,23.6126858593831],[-109.60019513208,23.6126840380736],[-109.600194174122,23.6126822459205],[-109.600193150173,23.6126804850228],[-109.600192061431,23.6126787574432],[-109.60019090917,23.6126770652052],[-109.600189694742,23.6126754102908],[-109.600188419569,23.6126737946385],[-109.600187085143,23.6126722201407],[-109.600185693029,23.6126706886416],[-109.600184244856,23.612669201935],[-109.600182742321,23.6126677617623],[-109.600181187184,23.6126663698104],[-109.600179581266,23.6126650277096],[-109.600177926449,23.612663737032],[-109.60017622467,23.6126624992894],[-109.600174477923,23.6126613159314],[-109.600172688254,23.6126601883443],[-109.600170857759,23.6126591178486],[-109.600168988582,23.6126581056983],[-109.600167082913,23.612657153079],[-109.600165142984,23.6126562611063],[-109.600163171066,23.6126554308251],[-109.60016116947,23.6126546632079],[-109.60015914054,23.6126539591538],[-109.600157086653,23.6126533194875],[-109.600155010214,23.6126527449581],[-109.600150970833,23.6126513158231],[-109.600146880885,23.6126500145205],[-109.600142745132,23.6126488425657],[-109.600138568393,23.6126478013234],[-109.600134355529,23.6126468920063],[-109.600130111448,23.6126461156732],[-109.600125841091,23.6126454732282],[-109.600121549432,23.6126449654194],[-109.600117241469,23.6126445928383],[-109.600112922217,23.6126443559187],[-109.600108596708,23.6126442549366],[-109.600104269978,23.6126442900094],[-109.600099947067,23.6126444610964],[-109.600095633007,23.6126447679983],[-109.600091332824,23.6126452103578],[-109.600087051524,23.6126457876596],[-109.600082794094,23.6126464992316],[-109.600078565492,23.612647344245],[-109.600074370641,23.6126483217157],[-109.600070214427,23.6126494305056],[-109.60006610169,23.6126506693233],[-109.60006203722,23.6126520367263],[-109.600058025749,23.612653531122],[-109.60005407195,23.6126551507703],[-109.600050180426,23.612656893785],[-109.600046355709,23.6126587581363],[-109.600042602254,23.6126607416531],[-109.600038924431,23.6126628420255],[-109.600035326523,23.6126650568075],[-109.600031812721,23.6126673834199],[-109.600028387116,23.6126698191534],[-109.600025053697,23.6126723611714],[-109.600021816347,23.6126750065136],[-109.600018678835,23.6126777520995],[-109.600015644816,23.6126805947316],[-109.600012717822,23.6126835310997],[-109.600008125484,23.6126885480036],[-109.600003723475,23.6126937077383],[-109.599999517024,23.612699004176],[-109.599995511125,23.6127044310265],[-109.599991710536,23.6127099818446],[-109.599988119772,23.6127156500379],[-109.599984743096,23.6127214288747],[-109.59998158452,23.6127273114917],[-109.599978647793,23.6127332909027],[-109.599975936405,23.6127393600061],[-109.599973453575,23.612745511594],[-109.599971202251,23.6127517383607],[-109.599969185109,23.612758032911],[-109.599967404543,23.6127643877691],[-109.599965862668,23.6127707953878],[-109.599964561316,23.6127772481571],[-109.599963502032,23.6127837384136],[-109.599962686073,23.612790258449],[-109.59996211441,23.61279680052],[-109.599961787721,23.6128033568569],[-109.599961706394,23.612809919673],[-109.599961870526,23.6128164811743],[-109.599962279921,23.6128230335678],[-109.599962934095,23.6128295690719],[-109.599963128138,23.6128332445683],[-109.599963456265,23.6128369119686],[-109.599963918105,23.6128405671209],[-109.599964513135,23.6128442058867],[-109.599965240682,23.6128478241466],[-109.599966099921,23.6128514178039],[-109.599967089879,23.6128549827902],[-109.599968209437,23.6128585150692],[-109.599969457326,23.6128620106419],[-109.599970832133,23.6128654655506],[-109.599972332303,23.612868875884],[-109.599973956137,23.6128722377809],[-109.599975701796,23.6128755474352],[-109.599977567304,23.6128788010997],[-109.599979550549,23.6128819950908],[-109.599981649285,23.6128851257923],[-109.599983861137,23.6128881896599],[-109.5999861836,23.6128911832246],[-109.599988614045,23.6128941030974],[-109.59999114972,23.6128969459724],[-109.599996410367,23.612903651559],[-109.600001420986,23.6129105178117],[-109.600006175803,23.6129175368184],[-109.600010669339,23.6129247004905],[-109.600014896415,23.612932000573],[-109.600018852161,23.6129394286537],[-109.600022532017,23.6129469761728],[-109.600025931744,23.6129546344328],[-109.600029047423,23.6129623946087],[-109.600031875465,23.6129702477581],[-109.60003441261,23.6129781848313],[-109.600036655934,23.612986196682],[-109.600038602853,23.6129942740778],[-109.600040251122,23.6130024077106],[-109.600041598843,23.6130105882076],[-109.600042644462,23.6130188061418],[-109.600043386774,23.6130270520434],[-109.600043824924,23.6130353164102],[-109.600043958406,23.6130435897186],[-109.600043787068,23.6130518624348],[-109.600043311106,23.6130601250257],[-109.600042531068,23.61306836797],[-109.600041447854,23.6130765817686],[-109.600040062712,23.6130847569565],[-109.600038377237,23.6130928841129],[-109.600036393373,23.6131009538724],[-109.600034113405,23.6131089569357],[-109.60003153996,23.6131168840804],[-109.600028676004,23.6131247261718],[-109.600025524837,23.6131324741727],[-109.600024069814,23.6131358213789],[-109.600022741612,23.6131392130588],[-109.60002154183,23.6131426451339],[-109.600020471909,23.6131461134771],[-109.600019533138,23.6131496139175],[-109.600018726643,23.613153142246],[-109.600018053397,23.6131566942195],[-109.600017514207,23.6131602655668],[-109.600017109722,23.6131638519933],[-109.600016840429,23.6131674491862],[-109.600016706652,23.6131710528198],[-109.600016708551,23.6131746585607],[-109.600016846124,23.613178262073],[-109.600017119206,23.6131818590234],[-109.600017527469,23.6131854450864],[-109.600018070421,23.6131890159497],[-109.600018747409,23.6131925673193],[-109.60001955762,23.6131960949247],[-109.600021101766,23.613201053805],[-109.600022459419,23.6132060588009],[-109.600023628966,23.6132111039591],[-109.600024609015,23.6132161832789],[-109.6000253984,23.6132212907185],[-109.600025996183,23.6132264202031],[-109.600026401652,23.6132315656315],[-109.600026614325,23.6132367208833],[-109.600026633949,23.6132418798269],[-109.600026460501,23.6132470363258],[-109.600026094187,23.6132521842468],[-109.600025535442,23.6132573174668],[-109.600024784932,23.61326242988],[-109.600023843549,23.6132675154055],[-109.600022712412,23.6132725679945],[-109.600021392867,23.6132775816371],[-109.600019886484,23.6132825503699],[-109.600017253406,23.6132949809435],[-109.600015084466,23.6133074874052],[-109.600013382216,23.6133200550449],[-109.600012148658,23.6133326690803],[-109.600011385243,23.6133453146746],[-109.60001109287,23.6133579769539],[-109.600011271881,23.6133706410247],[-109.600011922067,23.6133832919914],[-109.600013042663,23.6133959149737],[-109.600014632352,23.6134084951243],[-109.600016689263,23.6134210176462],[-109.600019210977,23.6134334678102],[-109.600022194529,23.6134458309724],[-109.600025636409,23.6134580925909],[-109.600029532569,23.6134702382435],[-109.600033878426,23.6134822536442],[-109.60003600889,23.6134879823018],[-109.600037940788,23.6134937704293],[-109.60003967217,23.6134996121844],[-109.60004120129,23.6135055016709],[-109.600042526603,23.6135114329441],[-109.600043646771,23.6135174000174],[-109.600044560665,23.6135233968678],[-109.600045267362,23.6135294174424],[-109.600045766148,23.6135354556644],[-109.600046056519,23.6135415054391],[-109.600048036441,23.613611973674],[-109.60005223878,23.6136823590857],[-109.600058659987,23.6137526021748],[-109.600061046414,23.6137694049913],[-109.600062821242,23.6137862719871],[-109.600063982482,23.613803184266],[-109.600064528834,23.6138201228812],[-109.600064459684,23.6138370688563],[-109.60006377511,23.6138540032066],[-109.60006247588,23.6138709069605],[-109.600060563447,23.6138877611807],[-109.600058039955,23.6139045469853],[-109.600054908229,23.6139212455691],[-109.60005117178,23.6139378382245],[-109.600046834792,23.6139543063627],[-109.600041902123,23.6139706315344],[-109.6000363793,23.6139867954504],[-109.60003027251,23.614002780002],[-109.600027793024,23.6140065672675],[-109.600025177031,23.6140102757427],[-109.600022427474,23.6140139012516],[-109.600019547451,23.6140174397116],[-109.600016540205,23.6140208871382],[-109.600013409122,23.6140242396491],[-109.600010157728,23.6140274934692],[-109.600006789685,23.6140306449345],[-109.600003308784,23.614033690496],[-109.599999718946,23.6140366267244],[-109.599996024214,23.6140394503131],[-109.599992228747,23.6140421580825],[-109.59998833682,23.6140447469835],[-109.599984352815,23.6140472141008],[-109.599980281219,23.6140495566561],[-109.599976126617,23.6140517720116],[-109.599971235324,23.6140540199473],[-109.599966262135,23.6140561097523],[-109.599961213068,23.6140580388974],[-109.599956094235,23.614059805048],[-109.59995091183,23.6140614060665],[-109.599945672125,23.6140628400153],[-109.599940381461,23.6140641051591],[-109.599935046242,23.6140651999668],[-109.599929672923,23.6140661231132],[-109.599924268009,23.6140668734813],[-109.599918838041,23.6140674501628],[-109.599913389589,23.61406785246],[-109.599907929248,23.6140680798858],[-109.599902463627,23.6140681321651],[-109.599896999339,23.6140680092346],[-109.599891542999,23.614067711243],[-109.599886101208,23.614067238551],[-109.599880680555,23.6140665917308],[-109.599875287597,23.614065771565],[-109.599869928863,23.6140647790462],[-109.599864610838,23.6140636153758],[-109.599859339957,23.6140622819619],[-109.599854122601,23.6140607804184],[-109.599848965082,23.6140591125624],[-109.599843873643,23.6140572804125],[-109.599838854445,23.6140552861859],[-109.599833913564,23.6140531322963],[-109.599829056979,23.6140508213502],[-109.599824290566,23.6140483561445],[-109.599819620096,23.6140457396627],[-109.599815051219,23.6140429750713],[-109.599810589467,23.6140400657162],[-109.599806240237,23.6140370151183],[-109.599802008795,23.6140338269696],[-109.59979790026,23.6140305051285],[-109.599793919606,23.6140270536152],[-109.599790754991,23.6140238450486],[-109.599787711379,23.6140205385798],[-109.599784792337,23.6140171380814],[-109.599782001281,23.6140136475361],[-109.599779341483,23.6140100710323],[-109.599776816055,23.6140064127587],[-109.599774427958,23.6140026770001],[-109.599772179987,23.6139988681318],[-109.599770074775,23.6139949906148],[-109.599768114788,23.6139910489907],[-109.599766302321,23.6139870478759],[-109.599764639498,23.6139829919567],[-109.599763128266,23.6139788859834],[-109.599761770395,23.613974734765],[-109.599760567474,23.6139705431636],[-109.599759520914,23.6139663160885],[-109.59975863194,23.6139620584904],[-109.599757901593,23.6139577753561],[-109.599757330728,23.6139534717019],[-109.599756125835,23.6139018347491],[-109.599752941144,23.6138502692947],[-109.599747780636,23.6137988397688],[-109.599747079282,23.6137933009089],[-109.599746588153,23.6137877428677],[-109.599746307847,23.6137821724177],[-109.599746238706,23.6137765963468],[-109.599746380814,23.6137710214497],[-109.599746733999,23.6137654545194],[-109.599747297829,23.6137599023395],[-109.599748071617,23.6137543716754],[-109.599749054422,23.6137488692665],[-109.599750245044,23.6137434018177],[-109.599751642034,23.6137379759911],[-109.599753243688,23.6137325983984],[-109.599755048056,23.6137272755922],[-109.599757052938,23.6137220140586],[-109.599759255892,23.613716820209],[-109.599761654232,23.6137117003721],[-109.599764245038,23.6137066607868],[-109.599767025151,23.6137017075938],[-109.599769991184,23.6136968468287],[-109.599773139523,23.6136920844147],[-109.599776466331,23.6136874261547],[-109.599777713867,23.6136859618438],[-109.599778905818,23.6136844587339],[-109.599780040765,23.6136829186158],[-109.599781117355,23.6136813433243],[-109.599782134305,23.6136797347359],[-109.599783090405,23.6136780947672],[-109.599783984515,23.6136764253717],[-109.59978481557,23.6136747285383],[-109.59978558258,23.6136730062884],[-109.599786284631,23.6136712606738],[-109.599786920887,23.613669493774],[-109.599787490589,23.6136677076941],[-109.59978799306,23.6136659045617],[-109.599788427701,23.613664086525],[-109.599788793993,23.6136622557498],[-109.5997890915,23.6136604144173],[-109.599789319869,23.6136585647209],[-109.599789478826,23.6136567088642],[-109.599789568183,23.6136548490583],[-109.599789587834,23.6136529875186],[-109.599789537753,23.6136511264629],[-109.599789418003,23.6136492681083],[-109.599789228724,23.6136474146687],[-109.599788970142,23.6136455683521],[-109.599788642567,23.613643731358],[-109.599788246387,23.6136419058749],[-109.599787782075,23.6136400940776],[-109.599787250183,23.6136382981243],[-109.599786651347,23.6136365201548],[-109.599785986278,23.6136347622871],[-109.59978525577,23.6136330266154],[-109.599784460692,23.6136313152074],[-109.599783601992,23.613629630102],[-109.599782680693,23.6136279733066],[-109.599781697892,23.6136263467951],[-109.599780654761,23.613624752505],[-109.599779552541,23.6136231923358],[-109.599778392546,23.613621668146],[-109.599776330303,23.6136189095725],[-109.599774373922,23.6136160862873],[-109.599772525792,23.6136132017383],[-109.599770788169,23.613610259448],[-109.599769163177,23.6136072630097],[-109.599767652799,23.6136042160826],[-109.59976625888,23.6136011223878],[-109.599764983122,23.6135979857033],[-109.599763827083,23.6135948098597],[-109.599762792175,23.6135915987354],[-109.599761879662,23.6135883562519],[-109.599761090658,23.6135850863689],[-109.599760426127,23.6135817930796],[-109.59975988688,23.613578480406],[-109.599759473575,23.6135751523935],[-109.599759186718,23.6135718131063],[-109.599759026658,23.6135684666224],[-109.599758993592,23.6135651170286],[-109.599759087559,23.6135617684156],[-109.599759308445,23.6135584248725],[-109.599759655981,23.6135550904828],[-109.59976012974,23.6135517693183],[-109.599760729146,23.6135484654349],[-109.599761453466,23.6135451828675],[-109.599762301815,23.6135419256246],[-109.599763273158,23.6135386976842],[-109.599764366307,23.6135355029882],[-109.599765579929,23.613532345438],[-109.599766912542,23.6135292288897],[-109.599768362516,23.6135261571493],[-109.599769928083,23.6135231339681],[-109.59977160733,23.6135201630379],[-109.599773398206,23.6135172479869],[-109.599775298525,23.6135143923751],[-109.599777124295,23.6135123392882],[-109.599778872192,23.6135102294402],[-109.599780540139,23.6135080653376],[-109.599782126153,23.6135058495519],[-109.599783628351,23.6135035847155],[-109.599785044947,23.6135012735195],[-109.599786374259,23.6134989187096],[-109.599787614707,23.6134965230839],[-109.599788764818,23.6134940894884],[-109.599789823224,23.6134916208147],[-109.599790788669,23.6134891199958],[-109.599791660006,23.6134865900029],[-109.599792436198,23.6134840338421],[-109.599793116325,23.6134814545502],[-109.599793699577,23.613478855192],[-109.599794185263,23.6134762388555],[-109.599794572804,23.6134736086495],[-109.599794861741,23.6134709676989],[-109.599795051729,23.6134683191413],[-109.599795142545,23.6134656661238],[-109.599795134079,23.6134630117982],[-109.599795026341,23.6134603593184],[-109.59979481946,23.6134577118357],[-109.599794513681,23.6134550724956],[-109.599794109368,23.6134524444341],[-109.599793607002,23.6134498307735],[-109.599793007178,23.6134472346192],[-109.59979231061,23.6134446590557],[-109.599791518125,23.6134421071431],[-109.599790630665,23.6134395819134],[-109.599789649284,23.6134370863668],[-109.599788575148,23.6134346234683],[-109.599787409534,23.6134321961442],[-109.599786153826,23.6134298072784],[-109.599784809517,23.6134274597091],[-109.599783378203,23.6134251562255],[-109.599781861585,23.6134228995644],[-109.599780261465,23.6134206924071],[-109.599778579744,23.6134185373758],[-109.59977681842,23.613416437031],[-109.599774979586,23.6134143938681],[-109.599773065426,23.6134124103147],[-109.599771078216,23.6134104887275],[-109.599769020315,23.6134086313895],[-109.599766894169,23.6134068405074],[-109.599764702304,23.613405118209],[-109.599762447325,23.6134034665407],[-109.59976013191,23.6134018874647],[-109.59975775881,23.6134003828573],[-109.599755330845,23.613398954506],[-109.599751529336,23.6133966849417],[-109.59974764412,23.6133945391088],[-109.599743679938,23.6133925196261],[-109.599739641628,23.6133906289577],[-109.599735534117,23.6133888694109],[-109.599731362417,23.6133872431327],[-109.59972713162,23.6133857521077],[-109.599722846888,23.6133843981553],[-109.599718513449,23.6133831829278],[-109.599714136592,23.613382107908],[-109.599709721658,23.6133811744078],[-109.599705274033,23.6133803835663],[-109.599700799146,23.6133797363485],[-109.599696302457,23.6133792335443],[-109.599691789453,23.6133788757671],[-109.599687265641,23.6133786634536],[-109.599682736541,23.6133785968629],[-109.599678207681,23.6133786760761],[-109.599673684587,23.6133789009968],[-109.599669172778,23.6133792713503],[-109.59966467776,23.6133797866847],[-109.599660205018,23.6133804463713],[-109.599655760009,23.6133812496049],[-109.599651348159,23.6133821954055],[-109.599646974851,23.6133832826188],[-109.599642645421,23.6133845099183],[-109.599638365153,23.6133858758061],[-109.59963413927,23.6133873786157],[-109.599629972928,23.6133890165131],[-109.599625871211,23.6133907874996],[-109.599621986605,23.6133925218399],[-109.599618169338,23.6133943788005],[-109.599614423969,23.6133963561647],[-109.599610754966,23.6133984515719],[-109.599607166711,23.6134006625207],[-109.599603663487,23.6134029863719],[-109.599600249476,23.6134054203512],[-109.599596928754,23.6134079615532],[-109.599593705284,23.6134106069442],[-109.599590582915,23.6134133533664],[-109.599587565373,23.6134161975411],[-109.599584656262,23.613419136073],[-109.599581859054,23.6134221654544],[-109.599579177088,23.6134252820689],[-109.599576613566,23.6134284821959],[-109.599574171548,23.6134317620153],[-109.599571853949,23.6134351176119],[-109.599569663536,23.6134385449798],[-109.599567602923,23.6134420400276],[-109.599565674571,23.6134455985831],[-109.599563880782,23.6134492163981],[-109.599562223697,23.6134528891541],[-109.599560705293,23.6134566124664],[-109.599559327385,23.6134603818905],[-109.599558091616,23.6134641929265],[-109.599556999462,23.613468041025],[-109.599556052226,23.6134719215924],[-109.59955525104,23.613475829996],[-109.599554596859,23.6134797615703],[-109.599554090466,23.613483711622],[-109.599553732464,23.6134876754355],[-109.59955352328,23.6134916482791],[-109.599553463165,23.6134956254102],[-109.59955355219,23.613499602081],[-109.599553790248,23.6135035735444],[-109.599554177057,23.6135075350593],[-109.599554712154,23.6135114818968],[-109.599555394899,23.6135154093451],[-109.599556224479,23.613519312716],[-109.599557199903,23.6135231873497],[-109.599558320007,23.6135270286208],[-109.599559583452,23.6135308319438],[-109.599560988732,23.6135345927784],[-109.599562534169,23.6135383066352],[-109.599564217917,23.6135419690806],[-109.599566037967,23.6135455757426],[-109.599567992146,23.6135491223157],[-109.599570078122,23.6135526045661],[-109.599572293403,23.6135560183369],[-109.599574635346,23.6135593595529],[-109.599577101155,23.6135626242254],[-109.599579687886,23.6135658084572],[-109.599582392452,23.6135689084471],[-109.599585211624,23.6135719204945],[-109.599588142035,23.6135748410036],[-109.599591180189,23.6135776664882],[-109.599594322459,23.6135803935752],[-109.599597565093,23.6135830190092],[-109.59960090422,23.613585539656],[-109.599604335854,23.6135879525066],[-109.599607855899,23.6135902546806],[-109.599611460152,23.6135924434298],[-109.599615144312,23.6135945161413],[-109.599617728137,23.6135959853374],[-109.599620254656,23.6135975368488],[-109.599622720783,23.6135991687797],[-109.599625123505,23.6136008791361],[-109.599627459884,23.613602665828],[-109.599629727067,23.6136045266722],[-109.599631922284,23.6136064593949],[-109.59963404285,23.6136084616346],[-109.599636086177,23.6136105309445],[-109.599638049766,23.6136126647962],[-109.599639931219,23.6136148605822],[-109.599641728236,23.6136171156196],[-109.599643438621,23.6136194271528],[-109.599645060286,23.6136217923573],[-109.599646591247,23.613624208343],[-109.599648029635,23.6136266721578],[-109.599649373691,23.613629180791],[-109.599650621774,23.6136317311774],[-109.599651772358,23.6136343202006],[-109.599652824038,23.6136369446969],[-109.599653775528,23.6136396014595],[-109.599654625666,23.6136422872419],[-109.599655373412,23.6136449987625],[-109.599656017854,23.6136477327078],[-109.599656558204,23.6136504857373],[-109.599656993801,23.6136532544869],[-109.599657324113,23.6136560355735],[-109.599657548737,23.6136588255988],[-109.599657667398,23.6136616211535],[-109.599657679951,23.6136644188218],[-109.599657586381,23.6136672151851],[-109.599657386801,23.6136700068265],[-109.599657081457,23.6136727903347],[-109.599656670721,23.6136755623087],[-109.599656155095,23.6136783193611],[-109.599655535208,23.6136810581232],[-109.599654811819,23.6136837752484],[-109.599653985812,23.6136864674164],[-109.599653058195,23.6136891313379],[-109.599652030102,23.6136917637575],[-109.599650887739,23.6136950419396],[-109.599649871409,23.6136983551678],[-109.599648982372,23.6137016993291],[-109.599648221732,23.6137050702727],[-109.599647590433,23.6137084638141],[-109.599647089259,23.6137118757409],[-109.599646718832,23.6137153018181],[-109.599646479612,23.6137187377927],[-109.599646371895,23.6137221793998],[-109.599646395816,23.6137256223673],[-109.599647507862,23.6137339621506],[-109.599648307851,23.613742332252],[-109.599648794836,23.6137507227602],[-109.599648968241,23.6137591237397],[-109.599648827859,23.6137675252429],[-109.599648373857,23.6137759173212],[-109.599647606772,23.6137842900376],[-109.599646527514,23.6137926334775],[-109.599645137359,23.6138009377614],[-109.599643437954,23.613809193056],[-109.599641431311,23.613817389586],[-109.599639119806,23.6138255176457],[-109.599636506177,23.6138335676104],[-109.599633593517,23.613841529948],[-109.599630385276,23.6138493952302],[-109.599626885253,23.6138571541434],[-109.599623097592,23.6138647975001],[-109.599619026778,23.6138723162496],[-109.599614677632,23.6138797014889],[-109.599610055303,23.6138869444727],[-109.599605165265,23.6138940366247],[-109.599600013308,23.6139009695466],[-109.599594605532,23.6139077350292],[-109.599588948342,23.6139143250612],[-109.599583048435,23.6139207318392],[-109.599576912799,23.6139269477768],[-109.599570548698,23.6139329655134],[-109.599563963669,23.6139387779234],[-109.599560536795,23.6139412965047],[-109.599557018587,23.6139437057924],[-109.599553413148,23.6139460029767],[-109.599549724684,23.6139481853782],[-109.599545957496,23.6139502504515],[-109.599542115979,23.613952195788],[-109.599538204612,23.6139540191189],[-109.599534227958,23.6139557183174],[-109.599530190655,23.6139572914018],[-109.599526097411,23.6139587365373],[-109.599521953001,23.6139600520383],[-109.599517762259,23.6139612363707],[-109.599513530072,23.613962288153],[-109.599509261377,23.6139632061585],[-109.599504961152,23.6139639893165],[-109.599500634413,23.6139646367136],[-109.599496286206,23.6139651475947],[-109.599491921603,23.613965521364],[-109.599487545694,23.6139657575854],[-109.599483163583,23.6139658559835],[-109.599478780381,23.6139658164436],[-109.599474401201,23.6139656390117],[-109.59947003115,23.6139653238948],[-109.599465675324,23.6139648714603],[-109.599460499387,23.6139643569938],[-109.599455345487,23.6139636802709],[-109.599450219612,23.6139628420782],[-109.599445127719,23.6139618433897],[-109.599440075725,23.6139606853657],[-109.599435069499,23.6139593693519],[-109.59943011486,23.6139578968775],[-109.599425217565,23.6139562696536],[-109.599420383303,23.613954489571],[-109.599415617694,23.6139525586981],[-109.599410926273,23.6139504792786],[-109.599406314494,23.6139482537289],[-109.599401787714,23.613945884635],[-109.599397351194,23.6139433747497],[-109.599393010088,23.6139407269897],[-109.599388769443,23.6139379444316],[-109.599384634184,23.6139350303086],[-109.599380609117,23.6139319880072],[-109.59937669892,23.6139288210623],[-109.599372908135,23.6139255331541],[-109.599369241168,23.613922128103],[-109.599365702281,23.6139186098657],[-109.599362295584,23.6139149825305],[-109.599359025036,23.6139112503122],[-109.599355894439,23.6139074175478],[-109.599352907429,23.6139034886909],[-109.599350067478,23.6138994683069],[-109.599347377886,23.6138953610674],[-109.599344841777,23.613891171745],[-109.599342360037,23.6138851546403],[-109.599340104145,23.6138790625108],[-109.599338076765,23.6138729025517],[-109.599336280292,23.6138666820385],[-109.599334716848,23.6138604083179],[-109.599333388279,23.6138540887996],[-109.599332296154,23.6138477309474],[-109.599331441763,23.6138413422703],[-109.599330826116,23.6138349303139],[-109.599330449938,23.6138285026509],[-109.599330313675,23.613822066873],[-109.599332566175,23.6138025775882],[-109.599334087503,23.6137830282895],[-109.599334875847,23.6137634422608],[-109.599334930268,23.6137438428299],[-109.599334250703,23.6137242533403],[-109.59933283796,23.613704697124],[-109.599330693724,23.613685197473],[-109.599327820547,23.6136657776122],[-109.599324221853,23.6136464606712],[-109.599315873511,23.6136201603316],[-109.599306946008,23.6135940219989],[-109.599305583077,23.6135896679612],[-109.599304384452,23.6135852730776],[-109.599303351568,23.613580842611],[-109.599302485662,23.6135763818668],[-109.59930178777,23.6135718961867],[-109.59930125873,23.6135673909424],[-109.599300899174,23.6135628715287],[-109.599300709532,23.6135583433577],[-109.599300690032,23.6135538118518],[-109.599300840698,23.6135492824374],[-109.599301161348,23.6135447605385],[-109.599301651598,23.6135402515699],[-109.599302310863,23.6135357609312],[-109.599303138351,23.6135312939998],[-109.599304133073,23.6135268561249],[-109.599305293837,23.6135224526207],[-109.599306619252,23.6135180887604],[-109.599308107733,23.6135137697697],[-109.599309757495,23.6135095008206],[-109.599311566565,23.6135052870249],[-109.599313532775,23.6135011334289],[-109.599315653771,23.6134970450062],[-109.599317927013,23.6134930266528],[-109.599320349778,23.6134890831806],[-109.599322919167,23.6134852193118],[-109.5993256321,23.6134814396735],[-109.599328485331,23.6134777487916],[-109.599331475442,23.613474151086],[-109.599334598853,23.6134706508649],[-109.599340873815,23.6134649267041],[-109.599346931489,23.6134590071342],[-109.599352764712,23.6134528991546],[-109.599358366589,23.6134466099873],[-109.599363730494,23.6134401470686],[-109.599368850087,23.6134335180402],[-109.599373719313,23.6134267307403],[-109.599378332415,23.613419793194],[-109.599382683938,23.6134127136045],[-109.599386768739,23.6134055003424],[-109.599390581986,23.6133981619368],[-109.599394119171,23.6133907070646],[-109.599397376111,23.6133831445403],[-109.599400348957,23.6133754833058],[-109.599403034192,23.6133677324197],[-109.599405428642,23.6133599010467],[-109.599407529476,23.6133519984465],[-109.599409334209,23.613344033963],[-109.599410840708,23.6133360170135],[-109.599412047192,23.6133279570771],[-109.599412952234,23.6133198636838],[-109.599413554764,23.6133117464033],[-109.59941385407,23.6133036148333],[-109.599413849797,23.6132954785885],[-109.599413541952,23.6132873472891],[-109.599412930898,23.6132792305496],[-109.599412017357,23.6132711379671],[-109.59941080241,23.6132630791102],[-109.599409287493,23.6132550635077],[-109.599407474398,23.613247100637],[-109.599405365269,23.6132391999135],[-109.599402962599,23.6132313706789],[-109.599400269229,23.6132236221904],[-109.599397288344,23.6132159636097],[-109.599394023469,23.6132084039922],[-109.599390478464,23.6132009522765],[-109.599386657521,23.6131936172732],[-109.599382565157,23.6131864076553],[-109.599378206212,23.6131793319472],[-109.599373585838,23.6131723985154],[-109.599368709501,23.6131656155577],[-109.599363582964,23.6131589910942],[-109.599358212291,23.6131525329577],[-109.59935260383,23.6131462487841],[-109.599346764215,23.6131401460039],[-109.599340700348,23.6131342318328],[-109.5993344194,23.6131285132637],[-109.599327928798,23.6131229970581],[-109.599321236217,23.6131176897385],[-109.599314349568,23.6131125975799],[-109.599307276996,23.6131077266034],[-109.599300026862,23.6131030825684],[-109.599292607739,23.6130986709658],[-109.599285235118,23.6130962850411],[-109.599277783205,23.6130941183452],[-109.599270259676,23.6130921731098],[-109.599262672279,23.6130904513383],[-109.59925502883,23.6130889548043],[-109.599247337202,23.613087685049],[-109.599239605315,23.6130866433804],[-109.599231841135,23.6130858308714],[-109.599224052659,23.6130852483588],[-109.599212335053,23.6130852085583],[-109.599200622672,23.6130855333966],[-109.599188928875,23.6130862225029],[-109.599177267002,23.6130872750912],[-109.599165650355,23.613088689961],[-109.599154092186,23.6130904654981],[-109.599142605678,23.6130925996773],[-109.599131203934,23.6130950900641],[-109.599119899961,23.6130979338178],[-109.599108706651,23.6131011276946],[-109.599097636774,23.6131046680511],[-109.599086702957,23.613108550849],[-109.599075917671,23.6131127716592],[-109.59906529322,23.613117325667],[-109.599054841722,23.6131222076777],[-109.599044575101,23.6131274121225],[-109.599034505066,23.6131329330647],[-109.599024643104,23.6131387642066],[-109.599015000465,23.6131448988966],[-109.599010236599,23.6131482854602],[-109.599005604997,23.6131518243803],[-109.599001111396,23.6131555112743],[-109.598996761361,23.6131593415763],[-109.598992560277,23.6131633105429],[-109.598988513349,23.613167413259],[-109.598984625588,23.6131716446436],[-109.598980901808,23.6131759994567],[-109.598977346622,23.6131804723052],[-109.598973964431,23.6131850576499],[-109.598969734983,23.6131917851403],[-109.59896525982,23.6131983762758],[-109.598960544113,23.6132048234394],[-109.598955593311,23.6132111191803],[-109.598950413137,23.6132172562228],[-109.598945009576,23.6132232274747],[-109.598939388874,23.6132290260351],[-109.598933557526,23.613234645203],[-109.59892752227,23.6132400784844],[-109.598921290082,23.6132453196004],[-109.598914868164,23.6132503624941],[-109.598908263938,23.6132552013376],[-109.598901485035,23.6132598305388],[-109.59889453929,23.6132642447479],[-109.598887434729,23.6132684388636],[-109.598880179563,23.6132724080391],[-109.598872782177,23.6132761476872],[-109.598865251119,23.6132796534862],[-109.598857595093,23.6132829213846],[-109.598849822946,23.6132859476058],[-109.598841943661,23.6132887286525],[-109.598833966343,23.6132912613108],[-109.598825900211,23.6132935426539],[-109.598817754587,23.6132955700452],[-109.598809538884,23.6132973411417],[-109.598801262598,23.6132988538968],[-109.598792935292,23.6133001065622],[-109.59878456659,23.6133010976901],[-109.598781943216,23.6133016341821],[-109.598779341437,23.6133022535615],[-109.598776764337,23.6133029550944],[-109.598774214969,23.6133037379494],[-109.598771696355,23.6133046011987],[-109.59876921148,23.6133055438192],[-109.598766763288,23.6133065646938],[-109.598764354682,23.6133076626127],[-109.598761988514,23.6133088362746],[-109.598759667591,23.6133100842887],[-109.598757394662,23.6133114051758],[-109.598755172421,23.6133127973707],[-109.598753003502,23.6133142592232],[-109.598750890475,23.6133157890011],[-109.598748835844,23.6133173848912],[-109.598746842044,23.6133190450023],[-109.598744911439,23.6133207673669],[-109.598743046316,23.6133225499438],[-109.598741248886,23.6133243906204],[-109.598739521278,23.6133262872154],[-109.598737865541,23.6133282374809],[-109.598736283636,23.6133302391057],[-109.598734777438,23.6133322897177],[-109.598733348733,23.6133343868865],[-109.598731999213,23.6133365281268],[-109.598730730478,23.6133387109009],[-109.598729544031,23.613340932622],[-109.59872844128,23.613343190657],[-109.598727423529,23.61334548233],[-109.598726491986,23.6133478049249],[-109.598725647755,23.6133501556892],[-109.598724891836,23.6133525318371],[-109.598724225125,23.6133549305523],[-109.598723648412,23.6133573489922],[-109.59872316238,23.6133597842906],[-109.598722767607,23.6133622335613],[-109.598722464559,23.6133646939018],[-109.598722253595,23.613367162396],[-109.598722134967,23.6133696361187],[-109.598722108813,23.613372112138],[-109.598722175166,23.6133745875197],[-109.598722333946,23.6133770593301],[-109.598722584966,23.6133795246397],[-109.598722927928,23.6133819805268],[-109.598723362426,23.613384424081],[-109.598723887944,23.6133868524063],[-109.59872450386,23.6133892626248],[-109.598725209444,23.6133916518802],[-109.598726003859,23.6133940173408],[-109.598726886165,23.6133963562032],[-109.598727855315,23.6133986656957],[-109.598728910161,23.6134009430812],[-109.598730049454,23.6134031856607],[-109.598733265487,23.6134104538727],[-109.598736750795,23.6134176159078],[-109.598740501257,23.6134246632983],[-109.59874451244,23.6134315877123],[-109.5987487796,23.613438380963],[-109.598753297694,23.6134450350189],[-109.598758061379,23.6134515420131],[-109.598763065024,23.6134578942523],[-109.598768302712,23.6134640842264],[-109.598773768251,23.6134701046171],[-109.59877945518,23.6134759483066],[-109.598785356775,23.6134816083858],[-109.598791466058,23.6134870781631],[-109.598797775807,23.6134923511715],[-109.598804278562,23.6134974211768],[-109.598810966634,23.6135022821848],[-109.598817832116,23.6135069284484],[-109.598824866892,23.6135113544744],[-109.598832062645,23.6135155550299],[-109.598839410866,23.6135195251486],[-109.598846902869,23.6135232601368],[-109.598854529795,23.6135267555786],[-109.598862282627,23.6135300073414],[-109.598864588443,23.6135299025642],[-109.598866896819,23.6135298717937],[-109.59886920496,23.6135299150673],[-109.598871510068,23.6135300323326],[-109.59887380935,23.6135302234473],[-109.598876100022,23.6135304881801],[-109.598878379307,23.6135308262101],[-109.598880644445,23.6135312371279],[-109.598882892691,23.6135317204356],[-109.598885121322,23.6135322755477],[-109.598887327637,23.6135329017916],[-109.598889508963,23.6135335984086],[-109.598891662658,23.6135343645547],[-109.598893786112,23.6135351993018],[-109.598897530267,23.6135372601672],[-109.598901344348,23.6135392091226],[-109.598905224414,23.6135410441555],[-109.59890916646,23.6135427633713],[-109.598913166416,23.6135443649948],[-109.598917220152,23.6135458473723],[-109.598921323482,23.6135472089732],[-109.598925472169,23.6135484483917],[-109.598929661929,23.613549564348],[-109.598933888438,23.6135505556899],[-109.598943723486,23.6135504308394],[-109.59895355784,23.6135505957727],[-109.598963381444,23.6135510503213],[-109.598973184257,23.6135517940204],[-109.598982956257,23.6135528261098],[-109.598996011053,23.6135558314861],[-109.599008961002,23.6135592000618],[-109.599021794207,23.6135629287421],[-109.599034498877,23.6135670141013],[-109.599047063339,23.6135714523859],[-109.599052916245,23.6135759497407],[-109.599058606082,23.6135806213985],[-109.599064126738,23.6135854623423],[-109.599069472285,23.6135904673731],[-109.599074636983,23.6135956311156],[-109.599079615283,23.6136009480241],[-109.59908440184,23.6136064123885],[-109.599088991513,23.6136120183402],[-109.599093379373,23.6136177598587],[-109.599097560707,23.6136236307778],[-109.599101531026,23.6136296247922],[-109.599105286064,23.6136357354648],[-109.599108821789,23.6136419562327],[-109.599112134403,23.6136482804151],[-109.59911319476,23.6136512787299],[-109.599114140209,23.6136543095033],[-109.599114969585,23.6136573689976],[-109.599115681864,23.6136604534395],[-109.599116276169,23.613663559025],[-109.599116751766,23.613666681924],[-109.599117108068,23.6136698182851],[-109.599117344637,23.6136729642402],[-109.599117461181,23.6136761159096],[-109.599117457555,23.6136792694062],[-109.599117333765,23.6136824208409],[-109.599118360215,23.6136839091285],[-109.599119329875,23.6136854294081],[-109.599120241572,23.6136869798406],[-109.599121094203,23.6136885585503],[-109.599121886736,23.6136901636273],[-109.599122618213,23.6136917931299],[-109.599123287749,23.6136934450868],[-109.599123894534,23.6136951174996],[-109.599124437834,23.613696808345],[-109.599124916991,23.6136985155774],[-109.599125331426,23.6137002371317],[-109.599125680637,23.613701970925],[-109.599125964203,23.61370371486],[-109.599126181779,23.6137054668269],[-109.599126607948,23.6137057565038],[-109.599127023265,23.6137060592685],[-109.599127427256,23.613706374776],[-109.599127819462,23.6137067026669],[-109.599128199436,23.6137070425675],[-109.599128566744,23.6137073940908],[-109.599128920968,23.6137077568361],[-109.599129261705,23.6137081303902],[-109.599129588566,23.6137085143276],[-109.599129901179,23.6137089082108],[-109.599130199188,23.6137093115911],[-109.599130482254,23.613709724009],[-109.599130750053,23.6137101449945],[-109.599131002282,23.6137105740681],[-109.599131276462,23.6137137319931],[-109.599131437653,23.6137168965243],[-109.599131485681,23.6137200642302],[-109.599131420493,23.6137232316757],[-109.59913124216,23.6137263954261],[-109.599130950876,23.6137295520506],[-109.599130546956,23.6137326981263],[-109.599130030839,23.6137358302415],[-109.599129403083,23.6137389449998],[-109.599128664371,23.6137420390236],[-109.599127815502,23.6137451089578],[-109.599126857397,23.6137481514733],[-109.599128359527,23.6137497599558],[-109.599129800708,23.6137514151089],[-109.599131179234,23.6137531149728],[-109.599132493473,23.6137548575346],[-109.599133741867,23.6137566407308],[-109.599134922939,23.6137584624499],[-109.59913603529,23.6137603205348],[-109.599137077604,23.6137622127851],[-109.599138048645,23.6137641369602],[-109.599138947264,23.6137660907817],[-109.599139772397,23.6137680719358],[-109.599140523067,23.6137700780768],[-109.599141198384,23.6137721068289],[-109.59914179755,23.6137741557898],[-109.599142319854,23.6137762225334],[-109.599142764679,23.6137783046123],[-109.599143131497,23.6137803995611],[-109.599143419874,23.6137825048989],[-109.599143629468,23.6137846181329],[-109.599143760033,23.6137867367606],[-109.599143811411,23.6137888582732],[-109.599143783544,23.6137909801587],[-109.599143676464,23.6137930999044],[-109.599143490298,23.6137952150002],[-109.599143225266,23.6137973229416],[-109.599142881681,23.6137994212324],[-109.599142459952,23.613801507388],[-109.599141960577,23.6138035789381],[-109.599141384148,23.6138056334297],[-109.599140731346,23.61380766843],[-109.599140002946,23.6138096815292],[-109.59913919981,23.6138116703435],[-109.599138518345,23.6138142625827],[-109.599137931262,23.6138168743564],[-109.599137439218,23.6138195027478],[-109.599137042761,23.6138221448213],[-109.599136742335,23.6138247976262],[-109.599136538275,23.6138274581998],[-109.599136430809,23.6138301235707],[-109.599136420057,23.613832790762],[-109.59913650603,23.6138354567949],[-109.599136688634,23.613838118692],[-109.599136967664,23.6138407734803],[-109.599137342808,23.613843418195],[-109.599137813647,23.6138460498821],[-109.599138379656,23.6138486656027],[-109.599139040202,23.6138512624353],[-109.599139794548,23.6138538374798],[-109.599140641852,23.6138563878603],[-109.599141581166,23.6138589107283],[-109.599142611442,23.6138614032663],[-109.59914373153,23.6138638626905],[-109.599144940177,23.6138662862541],[-109.59914624867,23.6138693326653],[-109.599147443415,23.6138724185012],[-109.599148523017,23.6138755401569],[-109.599149486214,23.6138786939855],[-109.599150331882,23.6138818763028],[-109.599151059032,23.6138850833912],[-109.599151666815,23.613888311504],[-109.599152154521,23.6138915568703],[-109.59915252158,23.6138948156986],[-109.599152767564,23.613898084182],[-109.599152892184,23.6139013585022],[-109.599152895296,23.6139046348342],[-109.599152776895,23.6139079093504],[-109.599152537121,23.6139111782255],[-109.599152176253,23.6139144376409],[-109.599151694712,23.6139176837887],[-109.599151093062,23.6139209128769],[-109.599150372005,23.6139241211331],[-109.599149901033,23.6139255617245],[-109.599149484291,23.6139270164333],[-109.599149122276,23.613928483527],[-109.599148815417,23.613929961258],[-109.599148564081,23.613931447866],[-109.599148368567,23.6139329415805],[-109.599148229109,23.613934440622],[-109.599148145871,23.6139359432052],[-109.599148118954,23.6139374475402],[-109.599148148389,23.6139389518352],[-109.599148234141,23.6139404542983],[-109.599148376108,23.61394195314],[-109.599148574121,23.6139434465748],[-109.599148827945,23.613944932824],[-109.599149137276,23.6139464101171],[-109.599149501747,23.6139478766946],[-109.599149920923,23.6139493308096],[-109.599150394305,23.61395077073],[-109.599150921329,23.6139521947407],[-109.599151501367,23.6139536011454],[-109.599152133729,23.6139549882691],[-109.599152817661,23.6139563544594],[-109.599153552348,23.613957698089],[-109.599154336916,23.6139590175575],[-109.59915517043,23.6139603112932],[-109.599156051897,23.6139615777551],[-109.599156980268,23.6139628154347],[-109.599157954435,23.6139640228577],[-109.59915897324,23.613965198586],[-109.599160035468,23.6139663412191],[-109.599159659117,23.6139725268445],[-109.599157234746,23.6139739615433],[-109.599154865147,23.6139754719431],[-109.599152553104,23.6139770562703],[-109.599150301331,23.6139787126643],[-109.599148112473,23.6139804391798],[-109.599145989101,23.6139822337894],[-109.599143933708,23.6139840943854],[-109.599141948707,23.6139860187828],[-109.599140036431,23.6139880047218],[-109.599138199125,23.6139900498701],[-109.599136438946,23.6139921518258],[-109.599134757961,23.6139943081207],[-109.599133158145,23.6139965162223],[-109.599131641377,23.6139987735377],[-109.599130209437,23.6140010774157],[-109.599125350649,23.6140078059259],[-109.599120721627,23.6140146706039],[-109.599116326862,23.61402166479],[-109.599112170618,23.6140287816991],[-109.599108256927,23.6140360144268],[-109.599104589586,23.6140433559564],[-109.599094084006,23.6140510968105],[-109.599092363502,23.6140517471053],[-109.599090667893,23.614052450733],[-109.599088999125,23.6140532068858],[-109.599087359115,23.6140540146958],[-109.599085749744,23.6140548732356],[-109.599084172861,23.6140557815197],[-109.599082630275,23.6140567385055],[-109.599081123757,23.6140577430943],[-109.599079655037,23.6140587941331],[-109.599078225801,23.6140598904151],[-109.599076837689,23.614061030682],[-109.599075492295,23.6140622136249],[-109.599074191163,23.6140634378857],[-109.599072935787,23.6140647020591],[-109.599071727607,23.614066004694],[-109.599070568012,23.6140673442949],[-109.599069458332,23.6140687193241],[-109.59906839984,23.6140701282031],[-109.599067393753,23.6140715693146],[-109.599066441224,23.6140730410044],[-109.599065543348,23.6140745415829],[-109.599064701154,23.6140760693278],[-109.599063915611,23.6140776224851],[-109.599063187619,23.6140791992719],[-109.599062518014,23.6140807978782],[-109.599061907565,23.614082416469],[-109.599041043667,23.6140879467034],[-109.599034942596,23.6140967729606],[-109.59902774672,23.6140998227832],[-109.599021522751,23.6141087500855],[-109.59901003078,23.6141182841658],[-109.599007839255,23.6141240636442],[-109.598997529288,23.6141287263291],[-109.598977373942,23.6141297294522],[-109.598975907386,23.6141276498965],[-109.598961538576,23.6140795522173],[-109.598933080603,23.6140911293697],[-109.598922002264,23.6140744823247],[-109.598921781866,23.614074163739],[-109.59892154955,23.6140738524264],[-109.598921305597,23.6140735487651],[-109.598921050305,23.6140732531244],[-109.598920783985,23.6140729658636],[-109.598920506958,23.6140726873318],[-109.598920219563,23.6140724178676],[-109.598919922149,23.6140721577986],[-109.598919615076,23.6140719074409],[-109.59891929872,23.6140716670987],[-109.598918973463,23.6140714370643],[-109.598918639701,23.6140712176172],[-109.59891829784,23.6140710090243],[-109.598917948296,23.6140708115389],[-109.598917591493,23.6140706254013],[-109.598917227866,23.6140704508376],[-109.598916857855,23.6140702880601],[-109.598916481912,23.6140701372665],[-109.598916100492,23.6140699986403],[-109.59891571406,23.6140698723498],[-109.598915323085,23.6140697585486],[-109.598914928042,23.6140696573751],[-109.598914529412,23.6140695689521],[-109.598914127679,23.6140694933873],[-109.598913723332,23.6140694307724],[-109.598913316861,23.6140693811836],[-109.598912908762,23.6140693446811],[-109.59891249953,23.6140693213093],[-109.598912089662,23.6140693110965],[-109.598911679657,23.6140693140554],[-109.598911270013,23.6140693301821],[-109.598911209806,23.614069332557],[-109.598911149544,23.614069333006],[-109.598911089303,23.6140693315284],[-109.598911029153,23.614069328126],[-109.598910969168,23.6140693228029],[-109.598910909419,23.6140693155656],[-109.598910849978,23.6140693064227],[-109.598910790917,23.6140692953853],[-109.598910732308,23.6140692824666],[-109.59891067422,23.6140692676822],[-109.598910616724,23.6140692510499],[-109.598910559888,23.6140692325898],[-109.598910503782,23.6140692123239],[-109.598910448472,23.6140691902768],[-109.598910394026,23.6140691664749],[-109.598910340509,23.614069140947],[-109.598910287984,23.6140691137238],[-109.598910236517,23.6140690848379],[-109.598910186168,23.6140690543243],[-109.598910136998,23.6140690222195],[-109.598910089066,23.6140689885624],[-109.59891004243,23.6140689533933],[-109.598909997146,23.6140689167547],[-109.598909953269,23.6140688786906],[-109.598909910851,23.6140688392469],[-109.598909869944,23.614068798471],[-109.598909830597,23.614068756412],[-109.598909792857,23.6140687131206],[-109.598909756769,23.6140686686488],[-109.598909722377,23.6140686230503],[-109.598909689723,23.6140685763798],[-109.598909658845,23.6140685286937],[-109.598909629781,23.6140684800492],[-109.598909602566,23.6140684305049],[-109.598909577233,23.6140683801205],[-109.598909553811,23.6140683289567],[-109.59890953233,23.6140682770749],[-109.598909512815,23.6140682245378],[-109.59890949529,23.6140681714084],[-109.598909479776,23.6140681177509],[-109.598909466291,23.6140680636297],[-109.598909454852,23.61406800911],[-109.598909445472,23.6140679542575],[-109.598909438163,23.6140678991382],[-109.598909432933,23.6140678438184],[-109.598909429789,23.6140677883647],[-109.598909428735,23.6140677328439],[-109.598909429771,23.6140676773229],[-109.598909432898,23.6140676218684],[-109.59890943811,23.6140675665472],[-109.598909445402,23.6140675114259],[-109.598909454764,23.6140674565708],[-109.598909466186,23.6140674020481],[-109.598909479654,23.6140673479233],[-109.598909495151,23.6140672942615],[-109.59890951266,23.6140672411275],[-109.598909532158,23.6140671885851],[-109.598909553622,23.6140671366976],[-109.598909577027,23.6140670855274],[-109.598909602345,23.6140670351362],[-109.598909629544,23.6140669855846],[-109.598909454318,23.6140669900846],[-109.598909279027,23.6140669890331],[-109.598909103879,23.6140669824315],[-109.598908929081,23.6140669702874],[-109.598908754838,23.6140669526153],[-109.598908581358,23.6140669294361],[-109.598908408845,23.614066900777],[-109.598908237503,23.614066866672],[-109.598908067534,23.6140668271614],[-109.598907899138,23.6140667822919],[-109.598907732516,23.6140667321163],[-109.598907567863,23.6140666766941],[-109.598907405375,23.6140666160907],[-109.598907245243,23.6140665503777],[-109.598907087656,23.6140664796326],[-109.5989069328,23.6140664039392],[-109.59890678086,23.6140663233868],[-109.598906632013,23.6140662380706],[-109.598906486436,23.6140661480913],[-109.598906344301,23.6140660535553],[-109.598906205775,23.6140659545742],[-109.598906071023,23.614065851265],[-109.598905940203,23.6140657437497],[-109.598905813471,23.6140656321554],[-109.598905690975,23.6140655166138],[-109.598905572861,23.6140653972615],[-109.598905459268,23.6140652742395],[-109.59890535033,23.614065147693],[-109.598905246177,23.6140650177716],[-109.59890514693,23.6140648846288],[-109.598905052707,23.6140647484219],[-109.59890496362,23.6140646093117],[-109.598904879774,23.6140644674627],[-109.598904801267,23.6140643230423],[-109.598904728193,23.6140641762212],[-109.598904660638,23.6140640271729],[-109.598904598682,23.6140638760734],[-109.598904542398,23.6140637231012],[-109.598904491852,23.614063568437],[-109.598904447104,23.6140634122636],[-109.598904408207,23.6140632547655],[-109.598905344325,23.6140494383327],[-109.598901638926,23.6140306633613],[-109.598901027735,23.6140302676578],[-109.598900431845,23.6140298526106],[-109.598899851979,23.6140294187218],[-109.598899288836,23.614028966516],[-109.598898743099,23.6140284965404],[-109.598898215426,23.6140280093631],[-109.598897706457,23.6140275055736],[-109.598897216807,23.614026985781],[-109.598896747068,23.6140264506141],[-109.598896297808,23.6140259007201],[-109.59889586957,23.6140253367641],[-109.598895462873,23.6140247594281],[-109.598895078209,23.6140241694105],[-109.598894716042,23.6140235674248],[-109.598894376811,23.6140229541991],[-109.598894060926,23.614022330475],[-109.598893768768,23.614021697007],[-109.598893500692,23.6140210545612],[-109.598893257022,23.6140204039146],[-109.598893038052,23.614019745854],[-109.598892844047,23.6140190811755],[-109.598892675242,23.614018410683],[-109.59889253184,23.6140177351872],[-109.598892414016,23.6140170555053],[-109.598892321912,23.6140163724593],[-109.598892255639,23.6140156868752],[-109.598892215277,23.6140149995823],[-109.598892200876,23.6140143114119],[-109.598892212452,23.6140136231961],[-109.598892249992,23.6140129357675],[-109.59889231345,23.6140122499573],[-109.59889240275,23.6140115665952],[-109.598892517783,23.6140108865074],[-109.598892274088,23.614006145546],[-109.598891855772,23.6140014149475],[-109.598891263317,23.6139967001714],[-109.598890497406,23.6139920066588],[-109.598889558925,23.6139873398264],[-109.598888448956,23.61398270506],[-109.59888716878,23.6139781077083],[-109.598885719874,23.613973553077],[-109.598884103911,23.6139690464226],[-109.598882322756,23.6139645929458],[-109.598880378464,23.6139601977863],[-109.598878273278,23.6139558660164],[-109.598876009629,23.6139516026353],[-109.59887359013,23.6139474125631],[-109.598870643138,23.6139435704836],[-109.598867838784,23.613939638802],[-109.598865180275,23.6139356220126],[-109.598862670649,23.6139315247072],[-109.598860312776,23.6139273515694],[-109.598858109349,23.6139231073696],[-109.598856062889,23.6139187969593],[-109.598854175734,23.613914425266],[-109.598852450042,23.613909997287],[-109.598850887786,23.6139055180839],[-109.59884949075,23.613900992777],[-109.598848260533,23.6138964265392],[-109.59884719854,23.6138918245904],[-109.598846305985,23.613887192191],[-109.598845583889,23.6138825346364],[-109.598845033077,23.6138778572507],[-109.598844654178,23.6138731653808],[-109.598844447627,23.6138684643899],[-109.598844413658,23.6138637596519],[-109.598844552311,23.6138590565448],[-109.598845087608,23.6138542210292],[-109.598845439378,23.6138493712414],[-109.598845607191,23.613844513094],[-109.598845590843,23.6138396525096],[-109.598845390354,23.613834795414],[-109.598845005968,23.6138299477285],[-109.598844438154,23.613825115363],[-109.598843687603,23.6138203042089],[-109.598842755232,23.6138155201316],[-109.598841642177,23.6138107689633],[-109.598840349794,23.6138060564965],[-109.59883887966,23.6138013884761],[-109.598837233566,23.6137967705931],[-109.59883541352,23.6137922084773],[-109.59883342174,23.6137877076904],[-109.598831260655,23.6137832737195],[-109.598828932899,23.6137789119701],[-109.59882644131,23.6137746277598],[-109.598823788925,23.6137704263115],[-109.598820978979,23.6137663127473],[-109.598818014897,23.6137622920822],[-109.59881631165,23.6137599098988],[-109.598814697359,23.6137574756899],[-109.598813173895,23.6137549922749],[-109.598811743021,23.6137524625302],[-109.598810406396,23.6137498893856],[-109.598809165566,23.6137472758215],[-109.59880802197,23.6137446248649],[-109.598806976931,23.6137419395862],[-109.598806031661,23.6137392230957],[-109.598805187253,23.6137364785394],[-109.598804444686,23.6137337090963],[-109.598803804821,23.613730917974],[-109.598803268397,23.6137281084052],[-109.598802836037,23.6137252836439],[-109.598802508241,23.6137224469619],[-109.598802285389,23.6137196016447],[-109.598802167738,23.6137167509877],[-109.598802155426,23.6137138982926],[-109.598802248466,23.6137110468635],[-109.598802446751,23.613708200003],[-109.598802750051,23.6137053610082],[-109.598803158014,23.6137025331675],[-109.598803670169,23.613699719756],[-109.598803399709,23.6136972810392],[-109.59880303738,23.6136948524634],[-109.598802583621,23.6136924369662],[-109.59880203898,23.6136900374694],[-109.598801404117,23.6136876568753],[-109.598800679798,23.6136852980635],[-109.598799866901,23.6136829638871],[-109.598798966408,23.6136806571694],[-109.598797979409,23.6136783807008],[-109.598796907098,23.6136761372347],[-109.598795750771,23.6136739294847],[-109.598794511827,23.6136717601213],[-109.598793191765,23.6136696317686],[-109.598791792182,23.6136675470009],[-109.598790314771,23.61366550834],[-109.598788761317,23.6136635182517],[-109.598787133702,23.6136615791432],[-109.598785433893,23.61365969336],[-109.598783663946,23.6136578631832],[-109.598781826003,23.6136560908264],[-109.598779922285,23.6136543784334],[-109.598777955097,23.6136527280757],[-109.598775926818,23.6136511417492],[-109.598773839901,23.613649621373],[-109.598771696869,23.6136481687859],[-109.598769500316,23.613646785745],[-109.598767252899,23.6136454739232],[-109.598764957335,23.6136442349073],[-109.598762616402,23.6136430701958],[-109.59876023293,23.6136419811977],[-109.598757809803,23.6136409692301],[-109.598755349953,23.6136400355172],[-109.598752856353,23.6136391811882],[-109.598750332021,23.6136384072767],[-109.59874778001,23.6136377147186],[-109.598745203407,23.6136371043518],[-109.598742605328,23.6136365769144],[-109.598739988915,23.6136361330444],[-109.598737357335,23.6136357732788],[-109.598734713769,23.6136354980528],[-109.598732061415,23.6136353076991],[-109.598729403482,23.6136352024481],[-109.598726743185,23.6136351824271],[-109.598724083741,23.6136352476603],[-109.598721428367,23.6136353980688],[-109.598718780275,23.6136356334706],[-109.598716142668,23.6136359535811],[-109.598713518737,23.613636358013],[-109.598710911655,23.6136368462771],[-109.598708324576,23.6136374177828],[-109.598705760629,23.6136380718389],[-109.598703222916,23.6136388076543],[-109.598700714505,23.6136396243388],[-109.598698238431,23.6136405209047],[-109.59869579769,23.6136414962674],[-109.598693395233,23.6136425492473],[-109.598691033966,23.6136436785707],[-109.598688716746,23.6136448828714],[-109.598686446375,23.613646160693],[-109.598684225599,23.6136475104896],[-109.598682057105,23.6136489306288],[-109.598679943516,23.6136504193925],[-109.598677887388,23.6136519749802],[-109.598675891208,23.6136535955102],[-109.598673957391,23.6136552790223],[-109.598672088276,23.6136570234802],[-109.598670286123,23.6136588267739],[-109.598668553114,23.6136606867221],[-109.598666891342,23.613662601075],[-109.59866530282,23.6136645675172],[-109.598663789468,23.6136665836699],[-109.598662353117,23.6136686470947],[-109.598660995504,23.6136707552955],[-109.598659718272,23.6136729057223],[-109.598658522964,23.6136750957741],[-109.598657411028,23.6136773228018],[-109.598656383808,23.6136795841115],[-109.598655442546,23.6136818769682],[-109.598654588382,23.6136841985984],[-109.598653822347,23.6136865461939],[-109.59865314537,23.6136889169151],[-109.598652092764,23.6136923117761],[-109.598651167694,23.6136957380329],[-109.598650371255,23.6136991916189],[-109.598649704395,23.6137026684349],[-109.598649167904,23.6137061643544],[-109.59864876242,23.6137096752278],[-109.598648488423,23.6137131968881],[-109.598648346238,23.6137167251553],[-109.598648336036,23.6137202558417],[-109.598648457826,23.6137237847566],[-109.598648711466,23.6137273077115],[-109.598649096654,23.6137308205249],[-109.598649612933,23.6137343190274],[-109.59865025969,23.6137377990665],[-109.598651036158,23.6137412565117],[-109.598651941414,23.6137446872594],[-109.598652974385,23.6137480872374],[-109.598654133845,23.6137514524103],[-109.598655418416,23.6137547787838],[-109.598657431433,23.613762374871],[-109.598659156762,23.6137700308295],[-109.598660592316,23.6137777374111],[-109.598661736364,23.6137854853063],[-109.598662587521,23.6137932651556],[-109.59866314476,23.6138010675611],[-109.598663407409,23.6138088830974],[-109.598663375148,23.6138167023236],[-109.598663048019,23.6138245157939],[-109.598662426415,23.6138323140698],[-109.598661511087,23.613840087731],[-109.598660303141,23.6138478273869],[-109.598658804037,23.6138555236881],[-109.598657015584,23.6138631673374],[-109.598654939944,23.6138707491015],[-109.598646420812,23.6138854095538],[-109.598637378547,23.6138998015141],[-109.598627823104,23.6139139091382],[-109.598617765002,23.6139277168954],[-109.598607215313,23.6139412095848],[-109.598596185652,23.6139543723524],[-109.598578684436,23.6139710973956],[-109.598561805411,23.6139883568749],[-109.598545567786,23.6140061311478],[-109.598529990042,23.6140243999863],[-109.598515089906,23.614043142599],[-109.598513631711,23.6140461621397],[-109.59851206075,23.6140491332664],[-109.598510378912,23.6140520524047],[-109.598508588219,23.6140549160427],[-109.598506690828,23.6140577207355],[-109.59850468902,23.6140604631086],[-109.598502585203,23.614063139863],[-109.598500381909,23.6140657477784],[-109.598498081789,23.6140682837172],[-109.598495687608,23.6140707446286],[-109.598493202249,23.6140731275521],[-109.5984906287,23.6140754296208],[-109.598487970058,23.6140776480652],[-109.598485229522,23.6140797802164],[-109.598482410387,23.6140818235094],[-109.598479516047,23.6140837754858],[-109.598476549983,23.6140856337975],[-109.598473515763,23.6140873962087],[-109.598470417038,23.6140890605992],[-109.598467257535,23.6140906249666],[-109.598464041056,23.6140920874289],[-109.59846077147,23.6140934462266],[-109.59845745271,23.6140946997252],[-109.59845408877,23.6140958464165],[-109.598450683697,23.614096884921],[-109.598447241586,23.6140978139894],[-109.598443766579,23.6140986325039],[-109.598440262857,23.6140993394798],[-109.598436734634,23.6140999340665],[-109.598433186156,23.6141004155489],[-109.598429621691,23.6141007833475],[-109.598426045527,23.6141010370199],[-109.598422461968,23.614101176261],[-109.598418875323,23.6141012009032],[-109.598415289909,23.614101110917],[-109.598411710038,23.6141009064104],[-109.598408140017,23.6141005876296],[-109.598404584141,23.6141001549581],[-109.598401046689,23.6140996089165],[-109.598397531915,23.6140989501615],[-109.598394044049,23.6140981794859],[-109.598390587286,23.6140972978166],[-109.598387165785,23.6140963062144],[-109.598383783662,23.6140952058723],[-109.598380444987,23.6140939981141],[-109.598374813743,23.614092455688],[-109.598369243557,23.6140907352842],[-109.598363741053,23.614088838948],[-109.598358312772,23.6140867689341],[-109.598352965169,23.6140845277039],[-109.598347704602,23.614082117922],[-109.598342537325,23.6140795424537],[-109.598337469483,23.614076804361],[-109.5983325071,23.6140739068997],[-109.598327656078,23.6140708535146],[-109.598322922183,23.6140676478361],[-109.598318311045,23.6140642936759],[-109.598313828145,23.6140607950218],[-109.598309478815,23.6140571560337],[-109.598305268224,23.6140533810383],[-109.59830120138,23.614049474524],[-109.598297283118,23.6140454411356],[-109.598293518096,23.6140412856686],[-109.598289910792,23.6140370130638],[-109.598286465493,23.6140326284012],[-109.598283186297,23.6140281368941],[-109.598280077102,23.6140235438829],[-109.598277141605,23.6140188548284],[-109.598274383296,23.6140140753059],[-109.598271805455,23.6140092109981],[-109.598269411146,23.6140042676885],[-109.598267203218,23.6139992512547],[-109.598265184293,23.6139941676611],[-109.598263356774,23.6139890229518],[-109.598261722833,23.613983823244],[-109.598260284412,23.6139785747198],[-109.598259043222,23.6139732836198],[-109.598258000739,23.6139679562347],[-109.598257158202,23.6139625988989],[-109.598256516613,23.613957217982],[-109.598256267739,23.6139543233687],[-109.59825612495,23.613951422668],[-109.59825608841,23.61394851918],[-109.598256158159,23.6139456162082],[-109.598256334117,23.6139427170553],[-109.598256616086,23.6139398250198],[-109.598257003744,23.6139369433919],[-109.598257496649,23.6139340754502],[-109.598258094242,23.6139312244576],[-109.598258795842,23.6139283936577],[-109.598259600651,23.6139255862713],[-109.598260507753,23.6139228054922],[-109.598261516117,23.6139200544843],[-109.598262624594,23.6139173363775],[-109.598263831925,23.6139146542641],[-109.598265136735,23.6139120111958],[-109.59826653754,23.6139094101795],[-109.598268032746,23.6139068541746],[-109.598269620651,23.613904346089],[-109.59827129945,23.6139018887762],[-109.598273067233,23.613899485032],[-109.598274921987,23.6138971375912],[-109.598295129369,23.6138692978859],[-109.598316263626,23.6138420487772],[-109.598338304443,23.613815416457],[-109.598361230634,23.6137894265244],[-109.598385020161,23.6137641039612],[-109.598409650158,23.6137394731075],[-109.59843509695,23.6137155576386],[-109.598442971235,23.6137062410973],[-109.598450503172,23.6136966872392],[-109.598457684342,23.6136869067413],[-109.598464506721,23.6136769105333],[-109.598470962685,23.6136667097864],[-109.598477045019,23.6136563159002],[-109.598482746926,23.6136457404901],[-109.598488062034,23.6136349953744],[-109.598492984404,23.6136240925612],[-109.598497508534,23.6136130442345],[-109.598501629369,23.6136018627412],[-109.598505342303,23.6135905605768],[-109.598508643189,23.613579150372],[-109.598511528336,23.6135676448778],[-109.598513994521,23.6135560569519],[-109.598516038988,23.6135443995441],[-109.598517659452,23.6135326856819],[-109.598519613809,23.6135166618762],[-109.598520981476,23.6135005865163],[-109.5985217609,23.6134844778358],[-109.598521951198,23.6134683541061],[-109.598521552155,23.613452233616],[-109.598520564223,23.6134361346502],[-109.598518988522,23.6134200754692],[-109.598516826842,23.6134040742883],[-109.598514081632,23.6133881492571],[-109.598510756008,23.6133723184387],[-109.598506853742,23.6133565997893],[-109.598502379261,23.613341011138],[-109.598497337639,23.6133255701665],[-109.598496799385,23.6133240429649],[-109.598496203801,23.6133225339413],[-109.598495551608,23.6133210449224],[-109.598494843596,23.6133195777108],[-109.598494080621,23.6133181340824],[-109.598493263607,23.6133167157849],[-109.598492393543,23.613315324535],[-109.598491471483,23.613313962017],[-109.598490498542,23.6133126298802],[-109.598489475898,23.6133113297372],[-109.59848840479,23.6133100631619],[-109.598487286514,23.6133088316873],[-109.598486122423,23.6133076368043],[-109.598484913926,23.6133064799594],[-109.598483662488,23.6133053625528],[-109.598482369621,23.6133042859372],[-109.598481036893,23.6133032514159],[-109.598479665915,23.6133022602412],[-109.598478258347,23.613301313613],[-109.598476815894,23.613300412677],[-109.598475340302,23.6132995585241],[-109.598473833356,23.613298752188],[-109.59847229688,23.6132979946449],[-109.598470732736,23.6132972868119],[-109.598469142816,23.6132966295457],[-109.598467529044,23.613296023642],[-109.598465893375,23.6132954698343],[-109.598464237789,23.6132949687929],[-109.598462564288,23.6132945211244],[-109.5984608749,23.6132941273707],[-109.59845917167,23.6132937880084],[-109.598457456658,23.6132935034483],[-109.598455731942,23.613293274035],[-109.598453999609,23.613293100046],[-109.598452261755,23.6132929816921],[-109.598450520485,23.6132929191164],[-109.598448777907,23.6132929123949],[-109.59844703613,23.6132929615354],[-109.598445297262,23.6132930664787],[-109.598443563409,23.6132932270977],[-109.598441836668,23.6132934431978],[-109.598440119132,23.6132937145176],[-109.598438412877,23.6132940407286],[-109.598436719971,23.6132944214359],[-109.598435042462,23.6132948561787],[-109.598433382381,23.6132953444306],[-109.598431741738,23.6132958856007],[-109.598430122518,23.6132964790339],[-109.598428526682,23.6132971240117],[-109.598426956161,23.6132978197535],[-109.598425412857,23.613298565417],[-109.598423898638,23.6132993600996],[-109.598422415336,23.6133002028393],[-109.598420964748,23.613301092616],[-109.59841954863,23.6133020283525],[-109.598418168694,23.6133030089162],[-109.598416826613,23.61330403312],[-109.598415524011,23.6133050997241],[-109.598410928356,23.6133135600951],[-109.59840601972,23.6133218698575],[-109.598400803906,23.613330019184],[-109.598395287084,23.6133379984372],[-109.598389475777,23.6133457981807],[-109.598383376859,23.6133534091902],[-109.598376997541,23.6133608224649],[-109.598370345367,23.6133680292378],[-109.598363428206,23.6133750209858],[-109.598356254236,23.6133817894406],[-109.598348831943,23.6133883265975],[-109.598341170104,23.6133946247256],[-109.598333277779,23.6134006763766],[-109.598325164303,23.6134064743937],[-109.598322180538,23.6134089937778],[-109.598319293928,23.6134116075029],[-109.598316507985,23.6134143123897],[-109.598313826097,23.6134171051483],[-109.598311251526,23.6134199823817],[-109.598308787404,23.6134229405903],[-109.598306436728,23.613425976176],[-109.598304202357,23.6134290854466],[-109.59830208701,23.61343226462],[-109.598300093258,23.6134355098295],[-109.598298223527,23.6134388171277],[-109.598296480091,23.613442182492],[-109.598294865071,23.613445601829],[-109.598293380431,23.6134490709796],[-109.598292027977,23.6134525857242],[-109.598290809354,23.6134561417877],[-109.598289726044,23.6134597348449],[-109.598288779366,23.6134633605254],[-109.598287970469,23.6134670144191],[-109.598287300339,23.6134706920818],[-109.598286769791,23.6134743890403],[-109.598286379469,23.6134781007977],[-109.598286129848,23.6134818228394],[-109.598286021233,23.6134855506383],[-109.598286053755,23.61348927966],[-109.598286227375,23.6134930053688],[-109.598286541881,23.6134967232332],[-109.598286996891,23.6135004287309],[-109.598287591852,23.6135041173548],[-109.59828832604,23.6135077846184],[-109.598289198562,23.6135114260611],[-109.598290208356,23.6135150372537],[-109.598291354195,23.6135186138038],[-109.598292634685,23.6135221513612],[-109.598294048268,23.613525645623],[-109.598295593224,23.613529092339],[-109.598297267676,23.613532487317],[-109.598299069585,23.6135358264275],[-109.598300996761,23.6135391056091],[-109.598303046859,23.6135423208732],[-109.598305217386,23.6135454683089],[-109.59830845069,23.6135491438704],[-109.598311552112,23.6135529146928],[-109.598314518349,23.6135567767601],[-109.59831734624,23.613560725959],[-109.598320032775,23.6135647580832],[-109.598322575092,23.6135688688385],[-109.598324970483,23.6135730538465],[-109.598327216397,23.6135773086501],[-109.598329310443,23.6135816287175],[-109.598331250389,23.6135860094478],[-109.598333034169,23.613590446175],[-109.598334659884,23.613594934174],[-109.598340133239,23.613630064374],[-109.59833996757,23.6136356314207],[-109.598339593405,23.6136411898776],[-109.598339011189,23.6136467331166],[-109.598338221616,23.6136522545276],[-109.598337225629,23.6136577475269],[-109.598336024415,23.6136632055642],[-109.598334619405,23.6136686221314],[-109.598333012277,23.6136739907694],[-109.598331204945,23.6136793050765],[-109.598329199565,23.6136845587158],[-109.598326998529,23.6136897454226],[-109.59832460446,23.6136948590121],[-109.598322020214,23.6136998933867],[-109.598319248872,23.6137048425432],[-109.598316293739,23.61370970058],[-109.598313158338,23.6137144617043],[-109.598309846408,23.6137191202387],[-109.598306203861,23.6137254860845],[-109.598302323076,23.613731731256],[-109.598298208755,23.613737848186],[-109.598293865885,23.6137438294626],[-109.598289299727,23.6137496678383],[-109.598284515814,23.6137553562389],[-109.598279519942,23.6137608877716],[-109.598274318165,23.6137662557341],[-109.598268916786,23.6137714536219],[-109.59826332235,23.6137764751368],[-109.598257541636,23.6137813141942],[-109.598251581647,23.6137859649307],[-109.598245449607,23.613790421711],[-109.598239152943,23.6137946791349],[-109.598232699288,23.6137987320436],[-109.598226096459,23.6138025755263],[-109.598219352459,23.6138062049257],[-109.598212475457,23.6138096158443],[-109.598205473789,23.6138128041489],[-109.598198355936,23.6138157659764],[-109.598191130525,23.613818497738],[-109.598183806309,23.6138209961234],[-109.598176392164,23.6138232581055],[-109.598168897073,23.6138252809434],[-109.598161330119,23.6138270621861],[-109.598153700469,23.6138285996753],[-109.598146017369,23.6138298915479],[-109.598138290129,23.6138309362386],[-109.598131160188,23.6138304216911],[-109.598124052474,23.6138296913021],[-109.598116974682,23.6138287458622],[-109.598109934473,23.6138275863948],[-109.598102939467,23.6138262141548],[-109.598095997235,23.6138246306276],[-109.598089115292,23.6138228375272],[-109.598082301087,23.6138208367946],[-109.598075561995,23.6138186305952],[-109.598068905311,23.6138162213172],[-109.598062338241,23.6138136115683],[-109.598055867893,23.6138108041734],[-109.598049501269,23.6138078021712],[-109.598043245262,23.6138046088111],[-109.598037106643,23.6138012275497],[-109.598035519655,23.6138005383695],[-109.598033907647,23.613799900397],[-109.598032272563,23.613799314402],[-109.598030616377,23.6137987810918],[-109.598028941088,23.6137983011099],[-109.598027248717,23.6137978750356],[-109.598025541306,23.6137975033829],[-109.598023820917,23.6137971866006],[-109.598022089625,23.6137969250707],[-109.598020349519,23.613796719109],[-109.598018602699,23.6137965689639],[-109.598016851274,23.6137964748167],[-109.598015097357,23.613796436781],[-109.598013343065,23.6137964549027],[-109.598011590514,23.6137965291599],[-109.598009841819,23.6137966594629],[-109.598008099092,23.6137968456547],[-109.598006364434,23.6137970875104],[-109.59800463994,23.6137973847382],[-109.59800292769,23.6137977369794],[-109.59800122975,23.6137981438089],[-109.597999548171,23.6137986047359],[-109.59799788498,23.6137991192039],[-109.597996242185,23.6137996865923],[-109.597994621769,23.6138003062162],[-109.597993025687,23.613800977328],[-109.597991455865,23.6138016991177],[-109.597989914198,23.6138024707143],[-109.597988402546,23.6138032911867],[-109.597986922733,23.6138041595448],[-109.597985476545,23.6138050747405],[-109.597984065728,23.6138060356695],[-109.597982691983,23.6138070411722],[-109.597981356969,23.6138080900351],[-109.597980062297,23.6138091809926],[-109.597978809528,23.6138103127279],[-109.597977600176,23.6138114838755],[-109.597976435699,23.6138126930219],[-109.597975317503,23.6138139387081],[-109.597974246937,23.6138152194306],[-109.597973225292,23.6138165336441],[-109.597972253803,23.6138178797625],[-109.597971333641,23.6138192561614],[-109.597970465916,23.6138206611797],[-109.597969651676,23.6138220931219],[-109.597968891904,23.61382355026],[-109.597968187516,23.6138250308355],[-109.597967539362,23.6138265330618],[-109.597966948225,23.6138280551258],[-109.597966414818,23.613829595191],[-109.597965939784,23.6138311513986],[-109.597965523698,23.6138327218708],[-109.59796516706,23.6138343047123],[-109.597964870301,23.613835898013],[-109.597964633781,23.6138374998501],[-109.597964457783,23.6138391082906],[-109.59796434252,23.6138407213934],[-109.597964288132,23.6138423372119],[-109.597964294684,23.6138439537961],[-109.597964785093,23.6138498945705],[-109.597965052037,23.6138558474269],[-109.597965095195,23.6138618052303],[-109.597964914516,23.6138677608399],[-109.597964510217,23.6138737071173],[-109.597963882781,23.6138796369356],[-109.59796303296,23.6138855431873],[-109.597961961775,23.6138914187934],[-109.597960670507,23.6138972567114],[-109.597959160705,23.6139030499442],[-109.597957434179,23.6139087915482],[-109.597955492998,23.6139144746416],[-109.597953339488,23.6139200924127],[-109.59795097623,23.6139256381282],[-109.597948406058,23.6139311051411],[-109.597945632051,23.6139364868989],[-109.597942657535,23.6139417769509],[-109.597939486074,23.6139469689567],[-109.59793612147,23.6139520566933],[-109.597932567756,23.6139570340625],[-109.597928829191,23.6139618950987],[-109.597924910256,23.6139666339754],[-109.597920815647,23.6139712450128],[-109.597916550274,23.6139757226842],[-109.597912119248,23.6139800616226],[-109.597907527879,23.6139842566276],[-109.597902781672,23.6139883026711],[-109.597897886315,23.6139921949036],[-109.597892847675,23.6139959286599],[-109.597887671792,23.6139994994649],[-109.597882364869,23.6140029030385],[-109.597876933267,23.6140061353015],[-109.597871383496,23.6140091923796],[-109.597865722208,23.6140120706086],[-109.597848378692,23.61401781553],[-109.597831244903,23.6140240720147],[-109.597814338607,23.6140308335754],[-109.597797677334,23.6140380932009],[-109.59778127836,23.6140458433638],[-109.597779110543,23.6140466826729],[-109.597776975327,23.6140475901697],[-109.597774875237,23.6140485647809],[-109.597772812758,23.6140496053539],[-109.597770790327,23.6140507106582],[-109.597768810338,23.6140518793865],[-109.597766875131,23.6140531101567],[-109.597764986995,23.6140544015132],[-109.597763148164,23.6140557519288],[-109.597761360811,23.6140571598064],[-109.597759627051,23.6140586234811],[-109.597757948935,23.6140601412218],[-109.597756328446,23.6140617112336],[-109.597754767501,23.6140633316598],[-109.597753267946,23.6140650005839],[-109.597751831555,23.6140667160323],[-109.597750460026,23.6140684759762],[-109.597749154982,23.6140702783342],[-109.597747917965,23.6140721209747],[-109.597746750439,23.6140740017187],[-109.597745653785,23.6140759183418],[-109.597744629299,23.6140778685774],[-109.597743678193,23.6140798501191],[-109.597742801592,23.6140818606234],[-109.597742000532,23.6140838977126],[-109.597741275961,23.6140859589776],[-109.597740628737,23.6140880419807],[-109.597740059623,23.6140901442584],[-109.597739569294,23.6140922633244],[-109.597739158329,23.6140943966728],[-109.597738827214,23.6140965417804],[-109.597738576341,23.6140986961105],[-109.597738406006,23.6141008571152],[-109.597738316412,23.6141030222389],[-109.597738307663,23.614105188921],[-109.597738379771,23.614107354599],[-109.597738532649,23.6141095167118],[-109.597738840891,23.6141157814584],[-109.597738911125,23.6141220523063],[-109.597738743265,23.6141283215805],[-109.597738337517,23.6141345816075],[-109.597737694377,23.6141408247256],[-109.597736814632,23.6141470432935],[-109.59773569936,23.6141532296999],[-109.597734349924,23.6141593763732],[-109.597732767978,23.61416547579],[-109.597730955456,23.6141715204852],[-109.597728914578,23.6141775030601],[-109.59772664784,23.6141834161927],[-109.597724158019,23.6141892526454],[-109.59772144816,23.6141950052747],[-109.597718521581,23.6142006670399],[-109.597714826356,23.6142065415241],[-109.59771091529,23.6142122961409],[-109.597706792959,23.6142179241598],[-109.597702464183,23.6142234189979],[-109.597697934026,23.6142287742283],[-109.597693207786,23.6142339835875],[-109.597688290991,23.6142390409824],[-109.597683189392,23.6142439404977],[-109.597677908955,23.6142486764029],[-109.597672455858,23.6142532431586],[-109.597666836478,23.6142576354236],[-109.597661057387,23.6142618480604],[-109.597655125346,23.6142658761419],[-109.597649047292,23.6142697149567],[-109.597642830334,23.6142733600147],[-109.597636481744,23.6142768070528],[-109.597630008947,23.614280052039],[-109.597620127723,23.6142849775989],[-109.597610072479,23.6142895944667],[-109.59759985457,23.6142938974292],[-109.597589485535,23.6142978816278],[-109.59757897708,23.6143015425636],[-109.597568341071,23.614304876103],[-109.597557589519,23.6143078784818],[-109.597546734562,23.61431054631],[-109.597535788459,23.6143128765751],[-109.597524763569,23.614314866646],[-109.597513672341,23.6143165142754],[-109.597502527298,23.6143178176031],[-109.597491341025,23.6143187751574],[-109.597480126152,23.614319385857],[-109.597470394227,23.6143196264913],[-109.597460677355,23.6143201801143],[-109.59745098739,23.6143210460508],[-109.597441336149,23.6143222232447],[-109.597431735405,23.61432371026],[-109.597422196869,23.614325505283],[-109.597412732173,23.6143276061244],[-109.597403352862,23.6143300102216],[-109.597394070378,23.6143327146424],[-109.59738489604,23.6143357160882],[-109.59737584104,23.6143390108979],[-109.597366916423,23.614342595053],[-109.597358133072,23.6143464641818],[-109.597349501703,23.6143506135649],[-109.597341032842,23.6143550381414],[-109.59733273682,23.6143597325145],[-109.597324623754,23.6143646909585],[-109.597316703541,23.6143699074254],[-109.597308985841,23.6143753755526],[-109.597301480068,23.6143810886705],[-109.597294195376,23.6143870398108],[-109.597287140651,23.6143932217149],[-109.597280324497,23.6143996268424],[-109.597273755229,23.614406247381],[-109.597267440858,23.6144130752554],[-109.597261389088,23.6144201021377],[-109.597255607298,23.614427319457],[-109.597250102543,23.6144347184102],[-109.597244881535,23.6144422899727],[-109.597239950642,23.6144500249093],[-109.597235315881,23.6144579137856],[-109.597230982902,23.6144659469794],[-109.597226956992,23.6144741146924],[-109.597223243062,23.6144824069624],[-109.59721984564,23.6144908136751],[-109.59721915109,23.6144926835266],[-109.59721852791,23.6144945746097],[-109.597217976862,23.6144964846122],[-109.597217498618,23.6144984111989],[-109.597217093764,23.6145003520143],[-109.597216762795,23.6145023046854],[-109.597216506115,23.6145042668249],[-109.597216324039,23.6145062360337],[-109.597216216788,23.6145082099042],[-109.597216184494,23.6145101860231],[-109.597216227197,23.6145121619743],[-109.597216344844,23.6145141353418],[-109.597216537292,23.6145161037131],[-109.597216804305,23.6145180646814],[-109.597217145556,23.6145200158492],[-109.597217560629,23.614521954831],[-109.597218049016,23.614523879256],[-109.59721861012,23.6145257867713],[-109.597219243255,23.6145276750448],[-109.597219947646,23.6145295417678],[-109.597220722433,23.614531384658],[-109.597221029028,23.6145324490522],[-109.597221375185,23.6145335030961],[-109.597221760495,23.6145345455415],[-109.5972221845,23.6145355751542],[-109.5972226467,23.6145365907148],[-109.597223146546,23.6145375910209],[-109.597223683447,23.6145385748878],[-109.597224256768,23.6145395411507],[-109.597224865828,23.6145404886653],[-109.597225509908,23.6145414163096],[-109.597226188243,23.6145423229851],[-109.597226900032,23.6145432076183],[-109.597227644431,23.6145440691616],[-109.597228420559,23.6145449065949],[-109.597229227496,23.6145457189264],[-109.597230064288,23.6145465051943],[-109.597230929943,23.6145472644676],[-109.597231823436,23.6145479958471],[-109.597232743709,23.6145486984669],[-109.597233689673,23.6145493714948],[-109.597234660207,23.614550014134],[-109.597235654163,23.6145506256235],[-109.597236670362,23.6145512052392],[-109.597237707602,23.6145517522947],[-109.597238764655,23.6145522661423],[-109.597239840269,23.6145527461735],[-109.59724093317,23.6145531918198],[-109.597242042064,23.6145536025537],[-109.597243165638,23.6145539778886],[-109.597244302562,23.6145543173802],[-109.597245451489,23.6145546206265],[-109.597246611058,23.6145548872684],[-109.597247779897,23.6145551169901],[-109.597248956622,23.6145553095195],[-109.59725013984,23.6145554646289],[-109.597251328148,23.6145555821343],[-109.59725252014,23.6145556618968],[-109.597253714405,23.6145557038219],[-109.597254909528,23.6145557078599],[-109.59725648531,23.6145556379615],[-109.597258057527,23.6145555179028],[-109.597259624299,23.6145553478272],[-109.597261183752,23.6145551279383],[-109.597262734023,23.6145548584988],[-109.597264273256,23.6145545398311],[-109.597265799613,23.6145541723161],[-109.597267311267,23.6145537563934],[-109.59726880641,23.6145532925602],[-109.597270283256,23.6145527813711],[-109.597271740038,23.6145522234376],[-109.597273175014,23.6145516194266],[-109.597277160527,23.6145458844301],[-109.597281354653,23.6145402771706],[-109.597285752575,23.6145348040885],[-109.597290349242,23.6145294714699],[-109.597295139375,23.61452428544],[-109.59730011747,23.6145192519551],[-109.597305277812,23.6145143767968],[-109.597310614472,23.6145096655644],[-109.59731612132,23.6145051236692],[-109.597321792033,23.6145007563279],[-109.597327620096,23.6144965685568],[-109.597333598816,23.6144925651658],[-109.597339721325,23.6144887507531],[-109.597345980592,23.6144851296999],[-109.597352369427,23.6144817061653],[-109.597358880492,23.6144784840814],[-109.597365506308,23.6144754671492],[-109.597372239266,23.6144726588336],[-109.597379071632,23.6144700623604],[-109.597385995558,23.6144676807117],[-109.597393003092,23.6144655166231],[-109.597400086185,23.6144635725802],[-109.597407236701,23.6144618508159],[-109.597414446428,23.6144603533077],[-109.597421707086,23.6144590817757],[-109.597429010333,23.6144580376804],[-109.597436347782,23.6144572222209],[-109.597443711006,23.6144566363338],[-109.597451091547,23.6144562806922],[-109.59745911878,23.6144576636475],[-109.597467089809,23.6144592994984],[-109.597474995254,23.6144611863197],[-109.597482825811,23.6144633218908],[-109.597490572265,23.6144657036985],[-109.597498225498,23.6144683289396],[-109.597505776504,23.6144711945247],[-109.597513216397,23.6144742970813],[-109.597520536421,23.6144776329581],[-109.59752772796,23.6144811982291],[-109.597534782551,23.6144849886986],[-109.597541691893,23.6144889999056],[-109.597548447853,23.6144932271295],[-109.597555042481,23.6144976653953],[-109.597561468015,23.6145023094799],[-109.597567716894,23.6145071539176],[-109.597573781764,23.6145121930073],[-109.597579655486,23.6145174208186],[-109.597585331148,23.6145228311989],[-109.597590802071,23.614528417781],[-109.597596061816,23.6145341739903],[-109.597601104193,23.6145400930522],[-109.597605923268,23.614546168001],[-109.597610513369,23.6145523916871],[-109.597614869094,23.6145587567861],[-109.597618985317,23.614565255807],[-109.597622857194,23.6145718811013],[-109.597626480168,23.6145786248719],[-109.597629849975,23.6145854791822],[-109.597632962649,23.6145924359656],[-109.597635814527,23.6145994870347],[-109.597637371745,23.6146289702021],[-109.597637878795,23.6146584845676],[-109.597632099791,23.6146727771196],[-109.597625824238,23.61468689076],[-109.597619058647,23.614700810846],[-109.597611810035,23.6147145229357],[-109.597604085925,23.614728012803],[-109.597595894328,23.6147412664521],[-109.597587243744,23.6147542701325],[-109.597586407562,23.6147564371879],[-109.597585652763,23.6147586294615],[-109.597584980239,23.6147608443591],[-109.597584390786,23.61476307926],[-109.597583885102,23.6147653315195],[-109.597583463785,23.6147675984726],[-109.597583127333,23.6147698774369],[-109.597582876146,23.6147721657157],[-109.597582710519,23.6147744606012],[-109.59758263065,23.614776759378],[-109.597582636632,23.614779059326],[-109.597582728458,23.6147813577237],[-109.59758290602,23.6147836518514],[-109.597583169108,23.6147859389944],[-109.597583517411,23.6147882164465],[-109.597583950515,23.6147904815128],[-109.597584467909,23.614792731513],[-109.597585068981,23.6147949637848],[-109.597585753019,23.6147971756866],[-109.597586519214,23.6147993646013],[-109.59758736666,23.6148015279387],[-109.597588294353,23.6148036631389],[-109.597589301195,23.6148057676754],[-109.597590385996,23.6148078390579],[-109.597591547472,23.6148098748353],[-109.597592784248,23.6148118725988],[-109.597594094861,23.6148138299845],[-109.59759547776,23.6148157446761],[-109.597596931309,23.6148176144081],[-109.597598453788,23.614819436968],[-109.597600043395,23.6148212101991],[-109.59760169825,23.6148229320034],[-109.597603416393,23.6148246003433],[-109.597605195793,23.6148262132447],[-109.597607034343,23.6148277687991],[-109.597608929868,23.6148292651659],[-109.597610880125,23.6148307005744],[-109.597612882807,23.614832073326],[-109.597614935543,23.6148333817966],[-109.597617035905,23.6148346244376],[-109.597619181407,23.6148357997788],[-109.59762136951,23.6148369064294],[-109.597623597626,23.6148379430798],[-109.597625863118,23.6148389085035],[-109.597628163305,23.614839801558],[-109.597630495465,23.6148406211866],[-109.597632856839,23.6148413664195],[-109.597635244633,23.6148420363748],[-109.597637656021,23.6148426302598],[-109.597640088149,23.6148431473717],[-109.59764253814,23.6148435870986],[-109.597645003095,23.6148439489203],[-109.597647480097,23.6148442324085],[-109.597649966215,23.6148444372279],[-109.597652458508,23.614844563136],[-109.597654954025,23.614844609984],[-109.597657449815,23.6148445777162],[-109.597659942923,23.6148444663711],[-109.5976624304,23.6148442760801],[-109.597664909303,23.6148440070687],[-109.597666977287,23.6148439247279],[-109.597669041132,23.6148437787835],[-109.597671098534,23.6148435693984],[-109.597673147198,23.6148432968063],[-109.597675184838,23.6148429613114],[-109.597677209179,23.6148425632881],[-109.597679217961,23.6148421031806],[-109.597681208944,23.6148415815025],[-109.597683179904,23.6148409988359],[-109.597685128643,23.6148403558312],[-109.597687052986,23.6148396532059],[-109.597688950784,23.6148388917442],[-109.59769081992,23.6148380722959],[-109.597692658308,23.6148371957757],[-109.597694463896,23.6148362631616],[-109.597696234669,23.6148352754945],[-109.59769796865,23.6148342338768],[-109.597699663905,23.6148331394709],[-109.597701318542,23.6148319934982],[-109.597702123636,23.614831350809],[-109.597702904134,23.6148306828558],[-109.597703659104,23.6148299904371],[-109.597704387641,23.614829274381],[-109.597705088876,23.6148285355436],[-109.59770576197,23.6148277748083],[-109.597706406118,23.6148269930847],[-109.59770702055,23.6148261913075],[-109.597707604531,23.6148253704354],[-109.597708157363,23.6148245314498],[-109.597708678385,23.614823675354],[-109.597709166974,23.6148228031715],[-109.597709622545,23.6148219159453],[-109.597710044555,23.6148210147361],[-109.597710432497,23.6148201006215],[-109.59771078591,23.6148191746945],[-109.597711104369,23.6148182380622],[-109.597711387495,23.6148172918446],[-109.597711634949,23.6148163371729],[-109.597711846434,23.6148153751888],[-109.597712021698,23.6148144070424],[-109.597712160532,23.6148134338913],[-109.597712262769,23.6148124568991],[-109.597712328287,23.614811477234],[-109.59771668488,23.61480066293],[-109.597721440607,23.614789992358],[-109.597726589895,23.6147794780212],[-109.597732126712,23.6147691322402],[-109.597738044569,23.6147589671378],[-109.597744336531,23.6147489946253],[-109.597750995225,23.614739226388],[-109.59775801285,23.6147296738722],[-109.597765381181,23.6147203482711],[-109.597773091585,23.6147112605124],[-109.597781135028,23.6147024212446],[-109.597800358854,23.6146827186396],[-109.597818857541,23.6146624352025],[-109.597836610432,23.614641593582],[-109.597853597705,23.61462021705],[-109.597869800393,23.6145983294758],[-109.597885200403,23.6145759552992],[-109.59789978054,23.6145531195035],[-109.597913524524,23.6145298475872],[-109.597926417009,23.6145061655361],[-109.5979384436,23.6144820997935],[-109.597978657848,23.6144125413606],[-109.597984571818,23.6144015570054],[-109.597990873887,23.6143907574401],[-109.597997557264,23.6143801543033],[-109.598004614747,23.6143697590221],[-109.598012038728,23.6143595827995],[-109.598019821208,23.6143496366024],[-109.598027953799,23.6143399311498],[-109.598036427736,23.6143304769013],[-109.598045233887,23.6143212840456],[-109.598054362762,23.61431236249],[-109.598063804522,23.6143037218491],[-109.598073548992,23.6142953714351],[-109.59808358567,23.614287320247],[-109.598093112354,23.6142792418332],[-109.598102932406,23.6142714674072],[-109.598113034408,23.6142640060088],[-109.598123406615,23.6142568663137],[-109.598134036965,23.6142500566238],[-109.598144913098,23.6142435848569],[-109.598156022369,23.6142374585383],[-109.598167351859,23.6142316847912],[-109.598178888395,23.6142262703293],[-109.598190618563,23.6142212214481],[-109.598202528723,23.6142165440184],[-109.598214605027,23.6142122434788],[-109.598226833434,23.6142083248297],[-109.598239199724,23.6142047926278],[-109.598251689518,23.6142016509799],[-109.598264288294,23.6141989035391],[-109.598276981403,23.6141965535001],[-109.598289754085,23.6141946035953],[-109.59830259149,23.6141930560919],[-109.59831547869,23.6141919127895],[-109.5983284007,23.6141911750173],[-109.598341342496,23.6141908436333],[-109.59835428903,23.6141909190226],[-109.598367225247,23.6141914010978],[-109.598380136106,23.6141922892982],[-109.598393006596,23.6141935825911],[-109.59840582175,23.6141952794727],[-109.598414471719,23.6141979174966],[-109.598423214882,23.6142002803135],[-109.598432040928,23.6142023651372],[-109.598440939452,23.6142041695097],[-109.59844989996,23.6142056913034],[-109.598458911888,23.6142069287238],[-109.598467964609,23.6142078803119],[-109.59847704745,23.6142085449457],[-109.5984861497,23.6142089218415],[-109.598495260626,23.6142090105549],[-109.598504369487,23.6142088109812],[-109.598513465541,23.6142083233559],[-109.598525303604,23.6142067788356],[-109.598537190619,23.6142055958653],[-109.598549113587,23.6142047757391],[-109.598561059465,23.6142043193538],[-109.598573015189,23.6142042272087],[-109.598584967681,23.6142044994046],[-109.598596903868,23.6142051356438],[-109.598608810696,23.6142061352303],[-109.59862067514,23.6142074970709],[-109.598632484225,23.6142092196761],[-109.598644225033,23.6142113011618],[-109.598655884724,23.6142137392512],[-109.598660752756,23.6142150049212],[-109.598665570935,23.6142164233442],[-109.598670333617,23.6142179928589],[-109.598675035224,23.6142197116268],[-109.598679670249,23.6142215776348],[-109.598684233264,23.6142235886974],[-109.598688718923,23.6142257424589],[-109.598693121972,23.6142280363967],[-109.598697437255,23.6142304678239],[-109.598701659717,23.6142330338927],[-109.598705784412,23.6142357315974],[-109.598709806509,23.6142385577783],[-109.598713721297,23.614241509125],[-109.59871752419,23.6142445821808],[-109.598721210735,23.6142477733462],[-109.598724776613,23.6142510788833],[-109.598728217648,23.6142544949206],[-109.598731529809,23.6142580174568],[-109.598735022275,23.6142619239718],[-109.598738365025,23.6142659401563],[-109.598741554007,23.6142700611412],[-109.598744585355,23.6142742819299],[-109.598747455393,23.6142785974051],[-109.598750160642,23.6142830023347],[-109.598752697821,23.6142874913778],[-109.598755063855,23.6142920590921],[-109.598757255874,23.6142966999393],[-109.598759271222,23.6143014082928],[-109.598761107454,23.6143061784441],[-109.598762762344,23.6143110046097],[-109.598764233886,23.6143158809383],[-109.598765520296,23.6143208015177],[-109.598768936168,23.6143269290184],[-109.598772579547,23.6143329442189],[-109.598776446093,23.6143388399498],[-109.598780531196,23.614344609184],[-109.598784829987,23.6143502450452],[-109.598789337342,23.6143557408163],[-109.598794047891,23.6143610899467],[-109.598798956017,23.614366286061],[-109.598804055871,23.614371322966],[-109.598809341376,23.6143761946583],[-109.59881480623,23.6143808953314],[-109.598820443921,23.6143854193826],[-109.598826247729,23.6143897614197],[-109.598832210736,23.6143939162676],[-109.598838325836,23.6143978789741],[-109.59884458574,23.6144016448162],[-109.598850982987,23.6144052093053],[-109.598857509952,23.6144085681931],[-109.598864158856,23.6144117174761],[-109.598870921773,23.6144146534006],[-109.598877790644,23.6144173724675],[-109.598884757282,23.6144198714358],[-109.598891813382,23.6144221473272],[-109.598898950535,23.614424197429],[-109.598906160235,23.6144260192976],[-109.598921930256,23.6144288389655],[-109.598937585381,23.6144321580298],[-109.59895310699,23.6144359725428],[-109.598968476621,23.6144402779678],[-109.598983675995,23.6144450691836],[-109.598998687032,23.6144503404919],[-109.599013491879,23.6144560856228],[-109.599028072927,23.6144622977432],[-109.599042412833,23.6144689694644],[-109.599056494541,23.6144760928511],[-109.599070301303,23.6144836594308],[-109.599083816697,23.6144916602038],[-109.599097024648,23.6145000856541],[-109.599109909445,23.6145089257604],[-109.599122455765,23.6145181700083],[-109.599134648684,23.6145278074029],[-109.599146473699,23.6145378264814],[-109.599196478721,23.6145687775829],[-109.599247556576,23.6145982036826],[-109.599299652509,23.6146260732356],[-109.599352710673,23.6146523563655],[-109.599406674191,23.6146770248968],[-109.599417115967,23.6146811917858],[-109.59942739413,23.6146856908216],[-109.599437496241,23.6146905165593],[-109.599447410075,23.6146956631587],[-109.599457123632,23.614701124391],[-109.599466625157,23.6147068936469],[-109.599475903151,23.614712963944],[-109.599484946385,23.614719327936],[-109.599493743915,23.6147259779208],[-109.599502285093,23.6147329058503],[-109.599510559582,23.6147401033401],[-109.599518557369,23.6147475616793],[-109.599526268774,23.6147552718416],[-109.599533684464,23.6147632244958],[-109.599540795464,23.6147714100172],[-109.599547593169,23.6147798184993],[-109.59955406935,23.6147884397658]]},"properties":{"name":"AC-07","stroke-opacity":1,"stroke":"#58f4f9"},"id":"kml_7"},{"type":"Feature","geometry":{"type":"LineString","coordinates":[[-109.59282170227,23.6126213230933],[-109.592799484197,23.612637847738],[-109.592830491521,23.612769547125],[-109.592842549859,23.6128544807883],[-109.59285078346,23.6129334067499],[-109.592880141815,23.6129766824871],[-109.59294961228,23.6130274896886],[-109.59298323489,23.6130462635574],[-109.593041081775,23.6129581914375],[-109.593015204421,23.6129365003819],[-109.593010804816,23.6129243004185],[-109.593007604427,23.6129103006353],[-109.593007804489,23.6128945002167],[-109.593005704535,23.6128863001061],[-109.592997204719,23.6128814999003],[-109.59299500466,23.6128701001446],[-109.592988204319,23.6128618998668],[-109.592982404385,23.6128562002776],[-109.592979104835,23.6128480001285],[-109.592972604077,23.6128423998468],[-109.592967504606,23.6128292001407],[-109.592961804855,23.6128254999926],[-109.59295600419,23.6128184006096],[-109.592951704364,23.6128109003156],[-109.592947804724,23.6128008000471],[-109.592943704865,23.6127899005367],[-109.592939404486,23.6127807999656],[-109.592931804575,23.6127713001179],[-109.592927904528,23.6127639000781],[-109.592921704885,23.6127558000678],[-109.59291600411,23.6127488000257],[-109.592914004466,23.6127390998913],[-109.592910804522,23.6127301998477],[-109.592906604211,23.6127220999013],[-109.592900904819,23.6127124005415],[-109.592897704061,23.6127022000437],[-109.592895404781,23.6126922000766],[-109.59289200498,23.6126820998231],[-109.592890504885,23.6126716004692],[-109.592888604352,23.6126640000094],[-109.592885404289,23.6126530002849],[-109.592883304943,23.6126430003241],[-109.592878004362,23.6126334003066],[-109.592875204729,23.6126239999687],[-109.592866004725,23.6126130000315],[-109.59282170227,23.6126213230933]]},"properties":{"name":"AC-08","stroke-opacity":1,"stroke":"#ffdf7f"},"id":"kml_8"},{"type":"Feature","geometry":{"type":"LineString","coordinates":[[-109.594778665141,23.6117051575174],[-109.594789491964,23.6116672761537],[-109.594789926329,23.6116474040112],[-109.594800942103,23.6115937311447],[-109.594804233944,23.6115585432045],[-109.594806020321,23.6115300741592],[-109.59480385398,23.6115160503521],[-109.594801562281,23.6114878631757],[-109.59478599044,23.6114350802599],[-109.594766466854,23.6113967443954],[-109.594737052036,23.6113628705401],[-109.594716406122,23.6113359494814],[-109.594699226507,23.6113012309303],[-109.594691760537,23.6112724559535],[-109.59469423395,23.6112524424262],[-109.594697422458,23.6112286008594],[-109.594726866518,23.6112123942107],[-109.594741091595,23.611198184667],[-109.594751112299,23.6111700909025],[-109.594758760961,23.6111506660822],[-109.594767479737,23.6111443945011],[-109.594784203156,23.6111356811919],[-109.594798734119,23.6111252285508],[-109.594811889077,23.611097863954],[-109.594810693614,23.6110705455384],[-109.594801160519,23.6110541964118],[-109.594784948673,23.6110439774905],[-109.594771922195,23.6110477112265],[-109.594758589826,23.6110476871496],[-109.5947447229,23.6110410855532],[-109.594742737106,23.6110166561871],[-109.594736110605,23.610998216533],[-109.594718699211,23.610998473409],[-109.594666235143,23.6110342212729],[-109.594645865861,23.6110611394315],[-109.594619327442,23.611075254633],[-109.594603037186,23.6111018909291],[-109.594584756012,23.6111418929675],[-109.594574048285,23.6111615293968],[-109.594558955624,23.6111776898677],[-109.594538788828,23.6112197112894],[-109.594527138283,23.6112403578613],[-109.594504805151,23.6112683563707],[-109.594490197929,23.61127786908],[-109.594472734185,23.611302696684],[-109.594465085471,23.6113221214873],[-109.594465746307,23.6113428632859],[-109.594453866088,23.6113606910383],[-109.59444269901,23.6113746907342],[-109.594435535741,23.6113874686852],[-109.594427963237,23.6114078333881],[-109.594418044838,23.6114245807479],[-109.594416896285,23.6114482818365],[-109.59442008161,23.6114622354038],[-109.594400604959,23.6114749180971],[-109.594379445195,23.6115047252604],[-109.594361032084,23.6116061523382],[-109.594353277673,23.6116747186351],[-109.594351769913,23.6117192317533],[-109.594346286468,23.6117526803496],[-109.59434768531,23.611795102952],[-109.594340927,23.6118380892582],[-109.594335367327,23.6118705979511],[-109.594337201579,23.6118931484244],[-109.594354456404,23.6119288069055],[-109.594369672188,23.6119646067648],[-109.594367629885,23.6120025423635],[-109.594354653358,23.6120195004352],[-109.594340096086,23.6120422384041],[-109.594330254833,23.6120599247622],[-109.594329106253,23.6120836258474],[-109.594331551273,23.6121136928376],[-109.594330019613,23.6121326962],[-109.594325915342,23.6121452634322],[-109.594313575729,23.6121574535429],[-109.594294252381,23.6121720160297],[-109.594272736557,23.6121848400792],[-109.594263329733,23.6121826542959],[-109.594250941045,23.6121816200346],[-109.594233835363,23.6121856355633],[-109.594213186115,23.6121965104608],[-109.594191670279,23.6122093344984],[-109.59417634879,23.6122226752155],[-109.594159166873,23.6122257517364],[-109.59415021933,23.6122292044742],[-109.594142825357,23.6122391635854],[-109.594146240322,23.6122559350657],[-109.594133389983,23.6122870582958],[-109.594123140397,23.6123123322997],[-109.59410820097,23.6123303716257],[-109.59409734062,23.6123481291099],[-109.594099914203,23.6123545652521],[-109.594104195752,23.6123693875907],[-109.594101110484,23.6123818845742],[-109.594093793706,23.6123927826904],[-109.594097387303,23.6123991486006],[-109.594077578408,23.6124203588074],[-109.594068680876,23.6124370359139],[-109.594044105915,23.6124500715355],[-109.594022334183,23.6124723612059],[-109.593992939772,23.6125017920746],[-109.593975731604,23.6125171539477],[-109.593950109422,23.6125425442469],[-109.593930453905,23.6125656333427],[-109.59390470645,23.6125768602698],[-109.593883877482,23.6125981406794],[-109.593875132355,23.6126166966741],[-109.593856419633,23.6126387756176],[-109.593845559223,23.6126565330806],[-109.593842626365,23.6126709089585],[-109.593820778336,23.6126922595974],[-109.59380945864,23.6127043794324],[-109.593775400528,23.6127142901956],[-109.593745063187,23.6127447311522],[-109.593685868291,23.6127733844029],[-109.593638859688,23.6127879686702],[-109.593571534768,23.6128049001753],[-109.593532786804,23.612807575288],[-109.593478667246,23.6128103666603],[-109.593426918846,23.6128044908933],[-109.593394239075,23.6127935193147],[-109.593367550322,23.6127679602615],[-109.59335215603,23.6127425667856],[-109.593327430125,23.6127159282639],[-109.593304133571,23.6126816309611],[-109.593280963178,23.6126614988308],[-109.593258915307,23.6126299500993],[-109.593221584731,23.6125933157255],[-109.593182126262,23.6125620245919],[-109.593157275268,23.6125212208793],[-109.593154638996,23.6124888050228],[-109.593143972668,23.6124711161834],[-109.59312470074,23.6124611086685],[-109.59311674954,23.6124389804753],[-109.59311571771,23.612426295379],[-109.593114726776,23.612395183143],[-109.593114462667,23.6123541001792],[-109.593127390297,23.6123050189359],[-109.593135118286,23.6122676352181],[-109.593146362614,23.6122356784212],[-109.593145336203,23.6121663011203],[-109.593141055602,23.6121325807479],[-109.593133986453,23.6120834636371],[-109.593126188528,23.6120443172365],[-109.593124241136,23.6120203578174],[-109.593134757643,23.611998371739],[-109.59313556257,23.6119798910169],[-109.593136653298,23.6119649340256],[-109.593135449982,23.6119501350515],[-109.593132067912,23.6119369048599],[-109.593141627959,23.6119220715989],[-109.5931418975,23.611906462359],[-109.593142166051,23.6118908540132],[-109.59315289221,23.6118809007721],[-109.593153333234,23.6118674054094],[-109.593160199093,23.6118477983857],[-109.593166127488,23.6118261292419],[-109.593163452295,23.6118121405425],[-109.593156359508,23.6118005835528],[-109.593161159967,23.6117839533505],[-109.593157682567,23.6117600983671],[-109.593150475466,23.6117471315237],[-109.593144034353,23.6117341120192],[-109.593136311829,23.6117148026311],[-109.593124879565,23.6116971673554],[-109.593126449495,23.6116786339632],[-109.59312463541,23.6116468694583],[-109.593122344081,23.6116186813715],[-109.593111851026,23.6115747611991],[-109.593103862674,23.6115427140518],[-109.593093866082,23.6115143495552],[-109.593075379261,23.6114950753437],[-109.593069587875,23.611480593305],[-109.593058994644,23.6114606555314],[-109.593050536442,23.6114393888003],[-109.593042618842,23.6114287156772],[-109.593027556401,23.6114129250081],[-109.59301924812,23.6114013922147],[-109.593012064281,23.6113918491833],[-109.593013355604,23.6113840825917],[-109.593002459295,23.6113682998847],[-109.592989889624,23.6113555851502],[-109.592974930133,23.6113371294936],[-109.59296674241,23.6113270653088],[-109.592945807543,23.6113178807678],[-109.592929621016,23.611311910916],[-109.592910813502,23.6113052372762],[-109.592901421082,23.6113079526028],[-109.592898130628,23.6113108370373],[-109.592886428973,23.6113048536548],[-109.59287693428,23.6112984224801],[-109.592865956744,23.6112974090328],[-109.592858620402,23.6112899426178],[-109.592837742808,23.6112775065619],[-109.592821380427,23.611273321413],[-109.59280676336,23.6112669485513],[-109.592786090981,23.6112609940059],[-109.592777679127,23.6112639367627],[-109.592766637644,23.6112700137759],[-109.592752839964,23.6112697848214],[-109.592736262752,23.6112629570865],[-109.592722219909,23.6112518202157],[-109.592704973892,23.6112367710219],[-109.592700825758,23.6112172736701],[-109.592699385199,23.611203495741],[-109.592701783359,23.6111935862263],[-109.592705344548,23.6111853561636],[-109.592698778214,23.611175534245],[-109.592689582517,23.6111712081592],[-109.592687043431,23.6111573281546],[-109.592677772918,23.6111378900181],[-109.59265543683,23.6111311644864],[-109.592624941725,23.6111344506564],[-109.592603336064,23.6111524772546],[-109.59259858638,23.6111728837104],[-109.592603236107,23.6111985464789],[-109.592606420292,23.6112219490753],[-109.592618397702,23.6112589163151],[-109.5926375459,23.6112894842714],[-109.592655323841,23.6113189651263],[-109.592672242453,23.6113378756705],[-109.592684382421,23.6113453052747],[-109.592707611514,23.6113472453093],[-109.592725517394,23.61136254432],[-109.59272959458,23.611381160517],[-109.592716720491,23.611396221988],[-109.592707287422,23.6114063223874],[-109.592719331159,23.6114125771022],[-109.592735328815,23.6114043866498],[-109.592755946276,23.6113899706518],[-109.592775065534,23.6113886511957],[-109.592788479541,23.6113959930037],[-109.592812567993,23.6114085033319],[-109.592835095648,23.6114175777055],[-109.592852300093,23.6114400119629],[-109.592870111721,23.6114541360887],[-109.592895059546,23.6114772167135],[-109.592921759697,23.6115060821471],[-109.592943074999,23.6115317758812],[-109.59294673657,23.6115610501631],[-109.592932396943,23.6115738505799],[-109.592898617625,23.6115998043376],[-109.592886316101,23.6116219132934],[-109.592881885854,23.6116304867822],[-109.5928847843,23.6116503656433],[-109.592879333187,23.6116779064652],[-109.592875156091,23.6117053604004],[-109.592870917353,23.6117162827507],[-109.592863140357,23.6117309921816],[-109.592842747009,23.6117324003381],[-109.592834302161,23.611738889224],[-109.592813015844,23.6117450828716],[-109.592795745099,23.6117533611273],[-109.59277430089,23.6117418501042],[-109.59276324439,23.6117319829611],[-109.592738454417,23.6117266078825],[-109.592717965809,23.6117268411445],[-109.592682754503,23.611735177974],[-109.592669592613,23.6117467165926],[-109.59266258064,23.6117708223545],[-109.592638935788,23.6117795412996],[-109.592613157579,23.6117777768164],[-109.592600091918,23.6117904903155],[-109.592588396545,23.6118042891075],[-109.592589542643,23.6118183831563],[-109.592588074745,23.6118397441302],[-109.592583532869,23.6118548215392],[-109.592589680816,23.6118673895717],[-109.592603143478,23.611875317942],[-109.592616622473,23.6118755684058],[-109.59263142313,23.6118763185204],[-109.592658666909,23.6118803431732],[-109.592686756033,23.6118789948885],[-109.592722349409,23.611875356678],[-109.592742456989,23.6118704248073],[-109.592750262005,23.6118876027702],[-109.592766719728,23.6118929619048],[-109.592791398142,23.6119048409111],[-109.592807631698,23.6119232087974],[-109.59282606359,23.6119449669375],[-109.59283393356,23.6119550535357],[-109.592844256336,23.6119637896778],[-109.592848971059,23.6119823619819],[-109.592850642133,23.6120029151589],[-109.592846928319,23.6120202975396],[-109.592845253608,23.6120469875701],[-109.592847960542,23.6120645175691],[-109.592847528552,23.6120828544658],[-109.592835211988,23.6120890192601],[-109.592815456091,23.6120903835203],[-109.592800559167,23.6120884585352],[-109.592788658267,23.6120839652382],[-109.592772820723,23.6120862401119],[-109.592762447983,23.6121005385758],[-109.59275624906,23.6121110060541],[-109.592755545268,23.61214176246],[-109.592755304775,23.6121624482176],[-109.592764337192,23.6121789509618],[-109.592776620143,23.612188141976],[-109.592780682379,23.6121908140182],[-109.592798730037,23.612204686527],[-109.59282339121,23.6122242434273],[-109.592839296329,23.6122496018465],[-109.592842251883,23.6122607366244],[-109.592844060443,23.6122766744619],[-109.592852610584,23.6123124618841],[-109.592854557928,23.6123364213036],[-109.592857002611,23.6123664883003],[-109.592865439312,23.6123819687613],[-109.592877456885,23.6124099578467],[-109.592891526176,23.612431663785],[-109.59289733762,23.6124463799112],[-109.592900432946,23.6124655362793],[-109.592903070016,23.6124790550302],[-109.592912219075,23.6125096036476],[-109.592923112286,23.6125679064226],[-109.592925329206,23.6125762575073],[-109.592928528046,23.6125840675136],[-109.592926947245,23.612589846491],[-109.592920025063,23.6125993004748],[-109.592918812665,23.6126159198471],[-109.592922316354,23.6126274885599],[-109.592927401817,23.612633279207],[-109.592931224981,23.6126424639546],[-109.592934576242,23.6126521537654],[-109.592937060898,23.6126637927111],[-109.592936538226,23.6126699705124],[-109.592936448372,23.6126751732904],[-109.592941342323,23.6126786150754],[-109.592940118128,23.6126824791272],[-109.592943011132,23.6126865313209],[-109.592944757132,23.6126953874776],[-109.592948541214,23.6127041022647],[-109.592949548566,23.6127101747295],[-109.592952275507,23.6127184897987],[-109.592959628667,23.6127269587913],[-109.59296078845,23.6127349101577],[-109.592966459166,23.6127416046821],[-109.592971302352,23.6127507192043],[-109.592972933059,23.6127581654984],[-109.592982007762,23.612768878015],[-109.592990329205,23.6127829486079],[-109.592997963738,23.6127885636826],[-109.592998918377,23.6128003079646],[-109.593005214401,23.6128083772376],[-109.5930083996,23.6128223308258],[-109.593022406384,23.6128369541715],[-109.593026331225,23.6128536905569],[-109.593049614093,23.6128941305791],[-109.593075153013,23.6129433898353],[-109.593092855036,23.61297193165],[-109.593104006935,23.6129829727492],[-109.593126986815,23.6130007560537],[-109.593146487464,23.6130135823753],[-109.593157767323,23.6130198906439],[-109.593186763714,23.6130296991225],[-109.593233934897,23.6130486472242],[-109.593276364555,23.6130660324384],[-109.593310752302,23.6130853902466],[-109.593348452276,23.6131139678909],[-109.593383794711,23.6131450708679],[-109.593423178165,23.6131754220652],[-109.593436431769,23.6131934043591],[-109.593458098682,23.6132202553647],[-109.593476159201,23.61322798421],[-109.593492537245,23.6132339403965],[-109.59351974955,23.6132344236159],[-109.593540640502,23.6132391229575],[-109.593563251052,23.6132460657977],[-109.593577398525,23.6132498126765],[-109.59359934761,23.6132549117333],[-109.593612742797,23.6132620185039],[-109.593615903586,23.6132693585469],[-109.593624060818,23.6132687957885],[-109.593637406039,23.6132626772832],[-109.59364342251,23.6132547033494],[-109.593643831811,23.6132471157003],[-109.593641651963,23.6132392345661],[-109.593639154604,23.6132337383194],[-109.593639652752,23.6132209478821],[-109.593641757144,23.6132089920038],[-109.593642598269,23.6132004302233],[-109.593641605475,23.613188215089],[-109.593646601923,23.6131803113836],[-109.593667251372,23.6131694365724],[-109.593700609052,23.6131572121016],[-109.593723783052,23.6131395499708],[-109.593736402217,23.6131245050766],[-109.593747517802,23.6131161790789],[-109.593765170765,23.6131125975352],[-109.593784545276,23.6131112604091],[-109.593813453635,23.6131073744506],[-109.593833797194,23.6130927418043],[-109.593845371808,23.6130711554001],[-109.593858794934,23.61304707877],[-109.593879814523,23.613028148124],[-109.593895709764,23.6130218531155],[-109.593918232182,23.6130151015795],[-109.5939362944,23.6130039332674],[-109.593955617913,23.6129893708344],[-109.593979236568,23.6129834880574],[-109.594015639654,23.6129771954954],[-109.594067504173,23.6129655829158],[-109.59409799324,23.6129559188142],[-109.594120553757,23.6129496362959],[-109.59413363214,23.6129402298935],[-109.594139190256,23.6129266183223],[-109.594143091408,23.6129178449377],[-109.594149069724,23.6129094010307],[-109.594163792474,23.6129012973243],[-109.594183854623,23.612889518548],[-109.594206352481,23.6128761543342],[-109.594222732183,23.6128632124341],[-109.59423930244,23.6128526193844],[-109.594262080648,23.6128364012332],[-109.594285088498,23.6128230018906],[-109.594302628714,23.6127991142258],[-109.594313145098,23.6127771280632],[-109.594318040731,23.6127616726995],[-109.594316219398,23.6127518766607],[-109.594321993556,23.612747226577],[-109.59432855809,23.6127396865444],[-109.594337175254,23.6127258633521],[-109.594348761685,23.6127170322309],[-109.59436300056,23.6126966791476],[-109.594376869275,23.6126843827734],[-109.594386148879,23.6126724042651],[-109.594394982117,23.612667541662],[-109.594407092123,23.6126525327353],[-109.594423637793,23.6126353279319],[-109.594444885918,23.6126192151017],[-109.594458486845,23.612603630859],[-109.59446878646,23.6125915812077],[-109.594475606794,23.6125745746035],[-109.594481242069,23.612561902025],[-109.594494065215,23.6125430641325],[-109.594505054412,23.6125205737972],[-109.594505386448,23.6125120471347],[-109.594512499077,23.6125049419267],[-109.594513341118,23.6124963801467],[-109.594517470905,23.6124904255537],[-109.594529133535,23.6124825334163],[-109.594535775245,23.6124759332845],[-109.594543206334,23.6124664440963],[-109.594548369701,23.6124542765832],[-109.594560976108,23.612445375209],[-109.594570293798,23.6124338657359],[-109.594591084522,23.6124121152761],[-109.594604327857,23.6123984450373],[-109.594623984214,23.6123753558577],[-109.594624710934,23.6123653842145],[-109.594619090841,23.6123530170049],[-109.594615777571,23.6123437971757],[-109.594619232303,23.6123421414893],[-109.594623272294,23.6123413896753],[-109.594625720577,23.6123336615398],[-109.594630832255,23.6123271667566],[-109.594636096377,23.6123225517774],[-109.594639283342,23.6123176073272],[-109.594646447628,23.6123048293786],[-109.594665912417,23.6122793913312],[-109.594683566832,23.6122569125652],[-109.594693956181,23.6122396601136],[-109.594694314344,23.6122188480716],[-109.594689484605,23.6122035918159],[-109.594690454537,23.6121902962995],[-109.594694431851,23.6121824627995],[-109.594697134945,23.6121652680874],[-109.594707586948,23.6121550982212],[-109.594713426306,23.6121386317992],[-109.594714880698,23.6121186894225],[-109.59471467718,23.6121035852317],[-109.594713990168,23.6120951288127],[-109.594719904755,23.6120796031864],[-109.594722913724,23.6120661671878],[-109.594732450035,23.6120447211938],[-109.594736146014,23.6120397416139],[-109.594746571877,23.6120418562202],[-109.594755214483,23.6120346456441],[-109.594763321548,23.6120208575407],[-109.594768931224,23.6120015732066],[-109.594769366576,23.611981701074],[-109.594768628491,23.6119600193649],[-109.594767482149,23.6119459262243],[-109.594770338663,23.61193061042],[-109.59478127609,23.6119137927928],[-109.594781454668,23.6119033872179],[-109.594777555168,23.6118932626078],[-109.594771310739,23.6118795206686],[-109.594762083486,23.6118669293501],[-109.594758821884,23.6118520367894],[-109.594761678387,23.6118367218878],[-109.594767669188,23.6118221352577],[-109.594778836264,23.6118081364422],[-109.59479298519,23.6117929860925],[-109.59479512756,23.6117815001414],[-109.594796886845,23.6117653155649],[-109.594792605233,23.6117504932415],[-109.594787610475,23.6117394998783],[-109.59478106017,23.6117219992249],[-109.594778665141,23.6117051575174]]},"properties":{"name":"AC-09","stroke-opacity":1,"stroke":"#58f4f9"},"id":"kml_9"},{"type":"Feature","geometry":{"type":"LineString","coordinates":[[-109.594727404772,23.6131861006736],[-109.59472820449,23.6131883999529],[-109.594729604167,23.6131905005665],[-109.594730404053,23.6131926002648],[-109.594731204652,23.6131950006979],[-109.594732304013,23.6131975998065],[-109.594733604882,23.6131994999429],[-109.594735304926,23.6132022002176],[-109.59473730496,23.6132048002566],[-109.594738904927,23.6132064999062],[-109.594741904044,23.6132075005909],[-109.59474350418,23.6132090006596],[-109.59474540399,23.6132119005193],[-109.59481500409,23.6132919004209],[-109.59482010446,23.6132952004271],[-109.594827303995,23.6132963998905],[-109.594833627061,23.6132990968664],[-109.594834341271,23.6132998565085],[-109.59483610433,23.6133040004879],[-109.594840404908,23.6133085006813],[-109.594843404679,23.6133133006627],[-109.594844304405,23.6133201000331],[-109.594842604747,23.6133248999117],[-109.594841604512,23.6133300998693],[-109.5948408047,23.6133370003506],[-109.594843204606,23.6133396003963],[-109.594842804351,23.6133445998819],[-109.594840704197,23.6133523998062],[-109.594841404645,23.6133607001113],[-109.594843404004,23.6133709005343],[-109.594845504048,23.6133780006635],[-109.594848204328,23.6133846004977],[-109.594846204166,23.6133901002583],[-109.594848804159,23.6133947999897],[-109.594842704133,23.6134017003472],[-109.594839404404,23.6134106002093],[-109.594836804896,23.6134167005155],[-109.594828004031,23.6134222001126],[-109.594819904221,23.6134262006082],[-109.59481240439,23.6134300006315],[-109.594803804432,23.6134321001124],[-109.594796404327,23.6134339006972],[-109.594785404663,23.6134343005115],[-109.594782904164,23.6134381006441],[-109.594782204356,23.6134461001858],[-109.594781904144,23.6134510003341],[-109.594777904415,23.613461299965],[-109.594774504562,23.6134681001415],[-109.594770804373,23.613475400619],[-109.594766604864,23.6134753002819],[-109.594764404549,23.6134765004316],[-109.594761804318,23.613478899874],[-109.594758004153,23.6134794000938],[-109.594751704207,23.6134806001499],[-109.594746304133,23.6134816006435],[-109.594739104718,23.6134813999927],[-109.594735804207,23.6134787005789],[-109.594731604817,23.6134795999607],[-109.594729704857,23.6134780005466],[-109.594724904561,23.6134745000595],[-109.594722504367,23.6134710998732],[-109.594716804359,23.6134676002702],[-109.594711504112,23.61346650018],[-109.59470550423,23.6134607004047],[-109.594701204485,23.6134575006623],[-109.594695204359,23.613455399934],[-109.59469070456,23.6134512004674],[-109.594689104677,23.6134460004476],[-109.594687204171,23.6134405005897],[-109.594684404574,23.6134342999218],[-109.594679404424,23.6134272999629],[-109.594671404107,23.6134239005429],[-109.594665704312,23.6134247005434],[-109.594657904917,23.6134179001055],[-109.594652904938,23.6134107005648],[-109.594649804146,23.6134059999079],[-109.594647703995,23.6134013001841],[-109.594648904428,23.6133924002821],[-109.594647604903,23.6133844006988],[-109.594646204957,23.613379200683],[-109.594641804474,23.6133701001511],[-109.594638204649,23.6133621998488],[-109.594637904567,23.6133521999442],[-109.594635504337,23.6133443005704],[-109.594629904015,23.6133366007005],[-109.594628804901,23.6133291998731],[-109.594626404475,23.6133238002459],[-109.594622004946,23.613316999888],[-109.594623504182,23.6133105003913],[-109.594619104307,23.6133041000983],[-109.59461800458,23.6132939999345],[-109.594613804402,23.6132890003335],[-109.594611104917,23.6132815001239],[-109.594604904392,23.613275400509],[-109.594599704922,23.6132643005281],[-109.594592204174,23.6132601000735],[-109.594590804231,23.6132549000573],[-109.594585204717,23.6132474006787],[-109.594582304004,23.6132414004823],[-109.594575004568,23.6132356006744],[-109.594572604294,23.6132289006006],[-109.594569504201,23.6132233998125],[-109.594567404769,23.6132156006953],[-109.594564304411,23.6132070005056],[-109.594560304529,23.6132015999397],[-109.594559404501,23.6131963005951],[-109.594555404936,23.6131894000023],[-109.594551304762,23.6131821002364],[-109.594548704645,23.613175299916],[-109.594549004221,23.6131700005975],[-109.594551604054,23.6131624002695],[-109.594550204887,23.6131529006566],[-109.594545504142,23.6131431002191],[-109.594543404406,23.613133400098],[-109.594537604015,23.6131270006665],[-109.59453130461,23.6131242000382],[-109.594521704046,23.6131171999561],[-109.594515204093,23.6131185002411],[-109.594506604492,23.613116800417],[-109.594502904166,23.6131152000487],[-109.594497204209,23.6131094002729],[-109.594492304708,23.6131073004739],[-109.594487204789,23.6131035001507],[-109.594480404881,23.6130992003766],[-109.594471804451,23.613096200096],[-109.594465804486,23.613092799817],[-109.594460804615,23.6130889001562],[-109.594449604059,23.6130961001892],[-109.594448704758,23.613101300155],[-109.594441404494,23.6131044002686],[-109.594437804212,23.6131061006893],[-109.594432304449,23.6131102005716],[-109.594429104788,23.6131099006676],[-109.594422904193,23.6131174999911],[-109.594418204041,23.6131240002985],[-109.594417804775,23.6131334998801],[-109.594414804373,23.6131419003264],[-109.594414704196,23.613151200325],[-109.594416904241,23.6131571002575],[-109.594413604951,23.6131632005403],[-109.594409204871,23.6131729004974],[-109.594406704256,23.6131791001282],[-109.594400204153,23.613185100078],[-109.5943950046,23.6131911000661],[-109.59438760433,23.61319650034],[-109.594384804159,23.6132022998986],[-109.594380104668,23.6132069001129],[-109.594374404876,23.6132111002302],[-109.594367404164,23.6132112002846],[-109.59436010442,23.6132069004938],[-109.594350504434,23.613204899903],[-109.594338304437,23.6132038998652],[-109.594332704875,23.6132044000332],[-109.594321904067,23.6132038000915],[-109.594313004624,23.6132009000459],[-109.594306504611,23.6132000003984],[-109.594297904268,23.6131968998661],[-109.594290904518,23.6131924998372],[-109.594287804161,23.6131873006729],[-109.594287204499,23.6131780999974],[-109.594287004866,23.6131720998773],[-109.594284804433,23.6131609999577],[-109.594285904831,23.6131522002989],[-109.594283204182,23.6131438005979],[-109.594282504082,23.6131374003922],[-109.594286804605,23.6131295002952],[-109.594294404066,23.6131193001102],[-109.594303204367,23.6131088001387],[-109.594308204396,23.6131011998803],[-109.594312404967,23.6130944006449],[-109.594320004098,23.6130891006122],[-109.594327304369,23.6130826003772],[-109.59433270459,23.6130700999734],[-109.594333504334,23.6130599005135],[-109.594336204866,23.6130526000236],[-109.594342004939,23.613046899883],[-109.594344404955,23.6130403001769],[-109.594347104149,23.6130334006459],[-109.594349100824,23.613030893695],[-109.594344104799,23.6130338006416],[-109.594337604776,23.613031800131],[-109.594330604455,23.6130291999538],[-109.594324104198,23.6130252000032],[-109.594315104969,23.6130221003749],[-109.594305704467,23.6130195001319],[-109.594296903997,23.6130155001176],[-109.594288404283,23.6130139005262],[-109.594277104164,23.6130081999327],[-109.594269104757,23.6130037998797],[-109.594260004753,23.6130005006561],[-109.594254904818,23.612995600364],[-109.594247904528,23.6129941001449],[-109.594240004359,23.6129928003881],[-109.594230304414,23.6129908006913],[-109.594223104493,23.6129946006938],[-109.594216304048,23.6129965999441],[-109.594212404214,23.6129979002876],[-109.594205504897,23.6129975000396],[-109.594196404022,23.6129986006502],[-109.594188704276,23.6129990005121],[-109.5941800044,23.6129988006946],[-109.594171204798,23.6129972001867],[-109.594161604205,23.6129993005028],[-109.594155404461,23.6129946006649],[-109.594148304358,23.6129917999933],[-109.594141104009,23.6129927001719],[-109.594133304751,23.6129937005863],[-109.594124204388,23.6129897005552],[-109.594116604736,23.6129877000087],[-109.594105604388,23.6129877999447],[-109.594094404429,23.6129863998483],[-109.594089204614,23.6129893004252],[-109.594079004542,23.6129899006948],[-109.594072804774,23.612987500116],[-109.594068304028,23.6129866998477],[-109.594057204205,23.6129851001702],[-109.594047504752,23.6129848000784],[-109.594040604885,23.6129839004105],[-109.594034104546,23.612983399914],[-109.594024904634,23.6129823005977],[-109.594017404679,23.6129839999986],[-109.5940124049,23.612983400209],[-109.594006004026,23.6129846002244],[-109.59399930463,23.6129876000991],[-109.593996004117,23.6129871999329],[-109.593988704781,23.6129881001107],[-109.593982204636,23.6129884999927],[-109.593975204658,23.6129888998618],[-109.593967204679,23.6129908006345],[-109.59395960474,23.6129959001567],[-109.593953304302,23.6130021999155],[-109.593948004656,23.6130072001659],[-109.593941004353,23.6130091000599],[-109.593933504807,23.6130137001795],[-109.593928004246,23.6130187004152],[-109.59392150401,23.6130192005366],[-109.593916104244,23.6130210002375],[-109.593908504267,23.6130250006985],[-109.593898404272,23.6130266006783],[-109.593890603998,23.6130299003336],[-109.593885204406,23.6130360005406],[-109.593877004402,23.6130413998658],[-109.593872704052,23.6130502003311],[-109.593868804835,23.613055299963],[-109.593866803998,23.6130604005387],[-109.593863004122,23.6130696001875],[-109.593863604799,23.6130776006688],[-109.593862104945,23.613085900006],[-109.593856904373,23.6130953000929],[-109.593851304518,23.6131029003196],[-109.593849904596,23.6131101006008],[-109.593851604437,23.6131209006799],[-109.593850804538,23.6131256003278],[-109.593849004207,23.6131323002827],[-109.593845704943,23.6131451005633],[-109.593846004244,23.6131548006351],[-109.593848604898,23.6131632003398],[-109.5938542043,23.6131718999463],[-109.593855804254,23.6131826006837],[-109.593856204447,23.6131935000674],[-109.593855604914,23.6132022004048],[-109.593856504413,23.6132137003505],[-109.593859604098,23.6132264005664],[-109.593860504054,23.6132340000787],[-109.593864004342,23.6132390999223],[-109.593867104098,23.613242700623],[-109.593871504184,23.6132522003362],[-109.593876804904,23.6132595001586],[-109.593880404463,23.6132654001342],[-109.593885804761,23.6132754001889],[-109.593889204039,23.6132817002239],[-109.593892204193,23.6132894000418],[-109.593898004686,23.6132979000802],[-109.593903804848,23.6133034000567],[-109.593906304966,23.6133102003837],[-109.59391050454,23.6133136006284],[-109.593917104059,23.6133217999521],[-109.593920904795,23.6133274001181],[-109.593926004127,23.6133375003968],[-109.593932804943,23.6133430004071],[-109.593937804434,23.6133462001879],[-109.593942904175,23.6133502001097],[-109.593951604899,23.6133517003959],[-109.593957104032,23.6133539998083],[-109.593968504586,23.6133557999947],[-109.593976204401,23.613357600068],[-109.593984604732,23.613360799952],[-109.593995404674,23.6133624005314],[-109.594004204664,23.6133681001706],[-109.594010904926,23.6133708999363],[-109.594018604007,23.6133758003024],[-109.594024604345,23.6133799004953],[-109.59402600464,23.6133858004122],[-109.594027604391,23.613389999815],[-109.594030404532,23.6133977998675],[-109.594034304197,23.6134046002281],[-109.594039904306,23.613412500602],[-109.594045604369,23.6134193001137],[-109.594049804054,23.6134191999862],[-109.594052304633,23.6134220998777],[-109.594053504045,23.6134257005184],[-109.594057004668,23.6134293003317],[-109.594059504408,23.6134342998954],[-109.59406280466,23.6134384000105],[-109.594066204014,23.6134434998386],[-109.594069804969,23.6134478004538],[-109.59407190422,23.6134569000217],[-109.594071004862,23.6134644001492],[-109.594074004748,23.6134712998255],[-109.594075204831,23.6134730003747],[-109.594077604863,23.6134777001128],[-109.594084304181,23.6134782006047],[-109.594092304548,23.6134803998507],[-109.59409680473,23.6134829999685],[-109.594102204064,23.6134851006957],[-109.594109004533,23.6134865006755],[-109.594116404212,23.613485200431],[-109.594125504157,23.6134852006824],[-109.594133804944,23.613486800288],[-109.594143204237,23.6134897003568],[-109.594150104416,23.6134914001602],[-109.594158604301,23.6134917002179],[-109.59416580495,23.6134950003053],[-109.59417260403,23.613498000542],[-109.594179104172,23.6134998999154],[-109.594187704505,23.6135019004933],[-109.594194004276,23.6135043001681],[-109.594198204096,23.613506300621],[-109.594204404517,23.6135046002783],[-109.594214504947,23.6135048001386],[-109.594220004234,23.6135057999996],[-109.594228304729,23.6135066003645],[-109.594237504617,23.6135055006503],[-109.594244004556,23.6135065005433],[-109.594250104715,23.6135074001845],[-109.594260104884,23.6135102000276],[-109.594269704864,23.6135144998872],[-109.594278404178,23.6135199005807],[-109.59428470478,23.6135236007063],[-109.594294404962,23.6135299000062],[-109.59430040422,23.6135330004605],[-109.594305304359,23.6135389004668],[-109.594308704678,23.6135429003374],[-109.594317504835,23.6135473004173],[-109.594325504366,23.6135516002272],[-109.594334004276,23.6135564003642],[-109.594342104088,23.613562600276],[-109.594344604064,23.613569600178],[-109.594353104155,23.61357419983],[-109.594359804597,23.6135802001275],[-109.594367704618,23.6135851004908],[-109.594374504377,23.6135895998515],[-109.594383704517,23.6135950005598],[-109.594391304967,23.6135983999855],[-109.594398104057,23.6136014002127],[-109.59440550434,23.6136028001938],[-109.594412204594,23.6136044999814],[-109.594418204553,23.6136068003015],[-109.594423904352,23.6136094004376],[-109.594430204884,23.6136131998968],[-109.594438904591,23.6136159003515],[-109.594442204892,23.6136177002937],[-109.594443604368,23.6136223006562],[-109.594453604231,23.6136266005141],[-109.594461504409,23.6136302004272],[-109.594464904617,23.6136332005749],[-109.594473104068,23.6136330002933],[-109.594476604425,23.613632399832],[-109.594484004478,23.6136284002428],[-109.594494704697,23.6136241000099],[-109.594495104912,23.6136236999539],[-109.594497204854,23.6136275002018],[-109.594504804291,23.6136298005545],[-109.594512704622,23.6136286998922],[-109.594522804769,23.61362470037],[-109.594526304543,23.613622500533],[-109.594533104741,23.6136197002288],[-109.594543704759,23.6136201999021],[-109.59454810401,23.6136193998691],[-109.594559904496,23.6136188998568],[-109.594565204084,23.6136219000441],[-109.594570004558,23.6136252000521],[-109.594576104924,23.6136270000616],[-109.594582404382,23.6136309006509],[-109.594591704599,23.6136362002046],[-109.594598904951,23.6136410002995],[-109.59460430434,23.6136442000686],[-109.594610704034,23.613647799933],[-109.594615804125,23.6136536999346],[-109.594622004945,23.6136572004642],[-109.594630204883,23.6136587006939],[-109.594638604963,23.6136611004053],[-109.594643104588,23.6136621002303],[-109.594649804789,23.6136616000844],[-109.594661304853,23.6136617006071],[-109.594667704441,23.6136642998465],[-109.594676604812,23.613663899997],[-109.594687404384,23.6136637006711],[-109.594696104166,23.6136617998777],[-109.594703204606,23.613665400665],[-109.594714204844,23.6136655002703],[-109.594726004037,23.6136631001361],[-109.594733304963,23.6136638002117],[-109.594743004469,23.6136641002631],[-109.594740904204,23.6136618000449],[-109.594744504869,23.613664200545],[-109.594752804323,23.6136685003401],[-109.594762304389,23.6136670998753],[-109.594770904544,23.6136682000409],[-109.594774404324,23.6136728004532],[-109.594778304209,23.6136760001856],[-109.594785104173,23.6136780006856],[-109.594791904245,23.6136867002951],[-109.594801604659,23.6136904998182],[-109.594808304941,23.6136899003265],[-109.594817104838,23.6136935002404],[-109.594824004089,23.6136962999677],[-109.594835104032,23.6136967002926],[-109.594843404722,23.6136973001413],[-109.594847104707,23.61370159983],[-109.594853404009,23.6137056999898],[-109.59486160453,23.6137088004853],[-109.594869804427,23.6137115000035],[-109.59487660474,23.6137131004345],[-109.594887204744,23.6137159002505],[-109.594895704134,23.6137167999146],[-109.594903504698,23.6137200006421],[-109.594907804322,23.6137244999223],[-109.594915704084,23.6137286001201],[-109.594921604099,23.6137343005471],[-109.594926503992,23.6137428005241],[-109.594933304382,23.6137465999735],[-109.594940804413,23.6137494006194],[-109.594947804827,23.6137530998302],[-109.594957204013,23.6137573002972],[-109.59496710413,23.6137591003745],[-109.594975504456,23.613763500411],[-109.594986404681,23.6137648001993],[-109.594995504481,23.6137649999817],[-109.595002704912,23.6137685998549],[-109.595009204259,23.6137703005077],[-109.595013704914,23.6137758004208],[-109.595019604313,23.613775400477],[-109.595027603993,23.6137772998445],[-109.595035904668,23.613780199849],[-109.5950430048,23.6137819005207],[-109.595051304573,23.6137813001458],[-109.595063104674,23.6137824003649],[-109.595073004773,23.6137865006015],[-109.595082604958,23.6137872007039],[-109.595090404259,23.6137862002438],[-109.595098404676,23.6137861001767],[-109.595109404203,23.6137858999227],[-109.595117704421,23.6137824999744],[-109.595127604184,23.6137812999788],[-109.595133404481,23.6137742000239],[-109.595140404689,23.6137713003576],[-109.595147504351,23.6137690003388],[-109.595155804055,23.6137662000344],[-109.595163704042,23.6137598000133],[-109.595170704146,23.6137536004596],[-109.595178504238,23.613743700066],[-109.595181104527,23.6137344001188],[-109.595182166461,23.6137274568537],[-109.595182404551,23.6137259002783],[-109.595180304328,23.6137167004709],[-109.59517920416,23.6137138999693],[-109.595178804493,23.613714800343],[-109.595177315336,23.6137141050317],[-109.595180604939,23.6137136001803],[-109.595188404802,23.6137107998649],[-109.595196604953,23.6137132004461],[-109.595206704044,23.6137127003368],[-109.595216804239,23.6137131999557],[-109.595223304876,23.6137134005815],[-109.595230004222,23.6137139001216],[-109.595240404743,23.6137139003402],[-109.595249404952,23.6137148000027],[-109.595256804547,23.6137135999459],[-109.59526160409,23.6137123004955],[-109.595262804934,23.6137120007023],[-109.59526930469,23.6137121001722],[-109.595275404206,23.6137092004749],[-109.595284604007,23.6137047999098],[-109.595289904455,23.613703400234],[-109.595290804575,23.6137052001085],[-109.595297804211,23.6137041002848],[-109.595304604839,23.6137042006702],[-109.595310104383,23.6137015005422],[-109.595317204817,23.6137040004374],[-109.595328004534,23.6137025006209],[-109.595333804156,23.6136996000131],[-109.595338703993,23.6137002006631],[-109.595345804461,23.6136981002247],[-109.595351504706,23.6136945006294],[-109.595358404154,23.6136948005863],[-109.595366804763,23.6136966006129],[-109.595377104328,23.6136989000749],[-109.595389704404,23.6137020006253],[-109.59539720402,23.6137053006536],[-109.595405604751,23.6137024001039],[-109.595412104752,23.6137102002052],[-109.595417404312,23.6137144005685],[-109.595426004951,23.6137218006477],[-109.595433904168,23.6137277006701],[-109.595442804816,23.6137327003451],[-109.59544950403,23.6137402006164],[-109.595456804827,23.6137502006621],[-109.595462304487,23.6137565007093],[-109.595468704703,23.613764100323],[-109.595473804823,23.6137723004645],[-109.595482104514,23.613777500603],[-109.595492604715,23.6137767006675],[-109.5955006049,23.6137803005311],[-109.595510004657,23.613779300084],[-109.595517804797,23.6137796000572],[-109.595528104427,23.6137784000422],[-109.595538004011,23.6137774005043],[-109.595548104417,23.613778800483],[-109.595557304443,23.6137787004109],[-109.595565604583,23.6137811000717],[-109.595574704809,23.6137808004161],[-109.595583504853,23.61377740045],[-109.595593004208,23.613773399936],[-109.595597604884,23.613772000239],[-109.595606404404,23.6137715000839],[-109.595613403979,23.6137739006165],[-109.595622404553,23.6137721000263],[-109.595632804609,23.6137715005638],[-109.595641904856,23.6137688998348],[-109.595651204368,23.61377050027],[-109.595659104335,23.6137743999471],[-109.595667304714,23.6137776999822],[-109.595678404365,23.6137796002744],[-109.595685204615,23.6137813000097],[-109.595693704312,23.6137807005063],[-109.595703404939,23.6137820002271],[-109.5957152045,23.6137826000807],[-109.595726004544,23.6137853005044],[-109.595733904103,23.6137851001522],[-109.595739504364,23.6137838007073],[-109.595747704228,23.613779699923],[-109.595756404604,23.6137747999181],[-109.595765104461,23.6137705004619],[-109.595774304506,23.6137658000441],[-109.595779604021,23.6137632001384],[-109.595787804176,23.6137576002274],[-109.595793204519,23.6137517004449],[-109.595800104411,23.6137469006453],[-109.595807904893,23.6137468005387],[-109.595815504087,23.6137437003565],[-109.595820304369,23.6137381003876],[-109.595821704892,23.6137381004159],[-109.595827404322,23.6137343003097],[-109.595837004391,23.6137317004788],[-109.595846604419,23.6137280006852],[-109.595853004098,23.6137225000761],[-109.595860604141,23.6137184001803],[-109.595868104733,23.6137114004699],[-109.595873504857,23.6137069004696],[-109.595881504863,23.6137004001694],[-109.595889104657,23.6136942999286],[-109.595897504138,23.6136871006388],[-109.595903204894,23.6136806003068],[-109.59590490474,23.6136721004632],[-109.595904003995,23.6136630000181],[-109.59589940462,23.6136560001093],[-109.595896304069,23.6136498003507],[-109.595889704583,23.6136414006208],[-109.595883004193,23.6136364001062],[-109.595877004888,23.6136310004475],[-109.595873104824,23.6136233999894],[-109.595870104633,23.6136155999622],[-109.595864404808,23.6136084004478],[-109.595858904108,23.613605599873],[-109.595854004006,23.6136030007022],[-109.595847104951,23.613601100498],[-109.595840504404,23.6135951002629],[-109.595835104316,23.6135881003326],[-109.595828404528,23.6135823999277],[-109.595821804373,23.6135725001589],[-109.595815904618,23.6135653006401],[-109.595813004184,23.6135589003987],[-109.595811304385,23.6135512999785],[-109.595807604762,23.613545400042],[-109.595804404331,23.6135414002049],[-109.595799404666,23.6135371998587],[-109.595795004293,23.6135290006398],[-109.595795104296,23.613519799975],[-109.595797204437,23.6135130999976],[-109.595798304573,23.6135044999049],[-109.595798004306,23.613496900407],[-109.595799704873,23.6134932998266],[-109.595801004779,23.6134929006827],[-109.595800704473,23.613486500486],[-109.595804604022,23.6134798005334],[-109.595804804294,23.613466800579],[-109.595807304175,23.6134614001503],[-109.595810704239,23.6134519999589],[-109.595811304457,23.6134411999345],[-109.595811604129,23.6134322999985],[-109.595814904733,23.6134223001592],[-109.595813604166,23.6134120004069],[-109.59581130486,23.6134052001176],[-109.595809204507,23.6133961005585],[-109.595805804544,23.6133882002828],[-109.595799204686,23.6133837000826],[-109.595786604237,23.6133799005722],[-109.595777204019,23.6133769003506],[-109.59577140429,23.6133707998911],[-109.595764104313,23.6133689999114],[-109.595756504306,23.613366200207],[-109.595754204367,23.6133589998429],[-109.595744404626,23.6133533002851],[-109.595732804587,23.6133475004502],[-109.595727204913,23.6133424006153],[-109.595725295497,23.6133408598281],[-109.595726204861,23.6133439999674],[-109.595727604928,23.6133513999],[-109.595728104234,23.6133565998864],[-109.595727804734,23.6133630000744],[-109.595726404106,23.6133699998841],[-109.595725204599,23.6133779000866],[-109.595723304518,23.6133833005227],[-109.595722704685,23.6133925002771],[-109.595717604001,23.6133986998855],[-109.595711604798,23.6134057998707],[-109.595707504892,23.6134106999587],[-109.595696603979,23.6134148006852],[-109.595690004257,23.6134193006623],[-109.595684304543,23.6134245998884],[-109.59568000479,23.6134271004672],[-109.595673304524,23.6134276999974],[-109.595665704865,23.6134325006848],[-109.595657104027,23.6134344999628],[-109.595649404793,23.6134377003785],[-109.595640104058,23.6134386999249],[-109.595631204875,23.613442300387],[-109.595624304318,23.6134456001436],[-109.595617004289,23.6134450003611],[-109.595609504757,23.6134439002681],[-109.595600704392,23.6134396998407],[-109.595594704253,23.6134352998832],[-109.595592904772,23.6134308006681],[-109.595591704251,23.6134170005457],[-109.595585804399,23.6134088003958],[-109.595581204284,23.6134026999478],[-109.59557670411,23.6134011998341],[-109.595573704351,23.6133952005643],[-109.595569404506,23.613392100184],[-109.595564704491,23.6133882005615],[-109.595557604908,23.6133812999353],[-109.595552704424,23.613374599827],[-109.595546904111,23.6133668999844],[-109.595541404847,23.6133590005741],[-109.59553360416,23.6133548001588],[-109.595527804765,23.613350600695],[-109.595522604022,23.6133489000759],[-109.59551820406,23.6133494003053],[-109.595511104263,23.6133496006603],[-109.595507304767,23.6133459006402],[-109.595500104558,23.6133432002688],[-109.595491104622,23.6133443000622],[-109.59548340435,23.6133430003703],[-109.595474404084,23.6133422000614],[-109.595466804834,23.6133431003036],[-109.595456604838,23.6133413002544],[-109.595450204812,23.6133415006179],[-109.595443404713,23.6133408005935],[-109.595435104457,23.613342000637],[-109.595425504061,23.6133393002144],[-109.595419503991,23.6133394003411],[-109.59541290477,23.6133376003654],[-109.595404204391,23.6133391002237],[-109.59539670458,23.6133429002764],[-109.595386904651,23.6133442998736],[-109.595380804365,23.6133424005569],[-109.595374304803,23.6133421006085],[-109.595370504164,23.6133386001574],[-109.59536840408,23.6133395004947],[-109.595362904258,23.6133357001921],[-109.595357104102,23.6133324001914],[-109.5953524044,23.6133350000933],[-109.595344404665,23.613338900377],[-109.595337904355,23.6133429000245],[-109.595329804219,23.6133473006128],[-109.595321604795,23.6133475000376],[-109.595311904152,23.6133474004987],[-109.595302204807,23.6133458000379],[-109.595294204565,23.6133423004075],[-109.595290204577,23.6133346999347],[-109.59528580465,23.6133305998252],[-109.595280204236,23.6133298004754],[-109.595275004133,23.6133284999221],[-109.595269604642,23.6133333999755],[-109.595270004236,23.613341700266],[-109.595266904092,23.6133499002451],[-109.595258904548,23.6133570001684],[-109.595252104448,23.61336200043],[-109.595246704548,23.6133708000147],[-109.595247004103,23.6133769003792],[-109.595250904847,23.6133848006832],[-109.595254404489,23.6133873005],[-109.59526470461,23.6133912002463],[-109.595271404107,23.6133915002029],[-109.595278004441,23.6133920006503],[-109.595286504087,23.6133960005974],[-109.595290604548,23.613405300689],[-109.595293004077,23.6134095000943],[-109.595298204546,23.6134138007103],[-109.595300304209,23.6134191000724],[-109.595306304831,23.6134252005608],[-109.595311804488,23.6134292004466],[-109.595319704864,23.6134303005694],[-109.595332004534,23.613429400432],[-109.595338704141,23.613433000272],[-109.595346504586,23.6134352003539],[-109.595351504065,23.613439600295],[-109.595354604932,23.6134511002926],[-109.595359104632,23.6134600003154],[-109.595362104134,23.6134640001488],[-109.595359904152,23.6134671004083],[-109.595358004724,23.6134683005806],[-109.595356304788,23.6134666000321],[-109.595356004887,23.6134666000271],[-109.595357904026,23.6134703000102],[-109.595359004287,23.6134787005632],[-109.595362004038,23.6134846998367],[-109.595360504897,23.6134934001692],[-109.595358904281,23.6135050003034],[-109.595357104252,23.6135159998851],[-109.595355304026,23.6135237998226],[-109.59535440496,23.6135299001758],[-109.59534860451,23.6135372006242],[-109.595341604187,23.613541399844],[-109.595333304174,23.6135423000582],[-109.595327804495,23.6135406003392],[-109.5953211043,23.6135354002205],[-109.595313804321,23.6135336002195],[-109.595304604127,23.6135362000251],[-109.595296004195,23.6135337001041],[-109.595292804804,23.6135421999136],[-109.595286604631,23.6135459006434],[-109.59528640445,23.6135518998542],[-109.59528840428,23.613561599966],[-109.595290404206,23.6135689005726],[-109.595291504348,23.6135763005027],[-109.595293804786,23.6135829003233],[-109.595295504335,23.6135919005329],[-109.595297404613,23.6135977002076],[-109.595300204331,23.6136038006238],[-109.595302504081,23.6136112005744],[-109.595299604211,23.6136190004921],[-109.595299504748,23.6136264004016],[-109.595298304824,23.6136358999653],[-109.595293304227,23.6136442001449],[-109.595288404233,23.6136529004],[-109.595281604454,23.61365979986],[-109.595279004182,23.6136668005463],[-109.595273304794,23.6136694004278],[-109.595268804174,23.6136706998749],[-109.595267804272,23.6136664002515],[-109.595265104034,23.6136677006417],[-109.595261204111,23.6136634000559],[-109.595260804234,23.6136577006579],[-109.595261104261,23.613653000089],[-109.595257904038,23.6136521998854],[-109.595259604814,23.6136495005958],[-109.595255104505,23.6136493000155],[-109.595249804208,23.6136528002752],[-109.59524540413,23.6136500006104],[-109.595241803984,23.6136504006034],[-109.595240704088,23.6136507004072],[-109.595238104525,23.6136489005026],[-109.595235504024,23.6136538999421],[-109.595231804732,23.61365220026],[-109.59522780424,23.6136542998538],[-109.595223104641,23.61365220008],[-109.595219504542,23.6136457004775],[-109.595214604329,23.613644399927],[-109.595207904746,23.6136476003374],[-109.59520300408,23.6136491002596],[-109.595197204054,23.6136502001005],[-109.595192204893,23.6136534005494],[-109.595187404332,23.6136479006359],[-109.595187504679,23.6136486005346],[-109.595184604683,23.6136497004358],[-109.595180404049,23.6136452002528],[-109.595177804487,23.6136434003472],[-109.595176504607,23.613639200057],[-109.595173804788,23.6136366000106],[-109.595167904514,23.6136346004467],[-109.59516260496,23.6136361003693],[-109.595157804626,23.6136349000609],[-109.595153104738,23.6136320001461],[-109.595146904598,23.613631100538],[-109.59513980466,23.6136269001244],[-109.595132704357,23.6136253999415],[-109.59512830485,23.6136208004234],[-109.595124704913,23.6136164005009],[-109.595121304109,23.6136118000891],[-109.595123504353,23.6136027006194],[-109.595124804611,23.6135928000914],[-109.595123204187,23.6135882006243],[-109.595121004247,23.6135810002544],[-109.595116404817,23.6135763998294],[-109.595108704882,23.6135747000534],[-109.595103904285,23.6135738004694],[-109.595096403995,23.6135769999485],[-109.59509080415,23.6135743998384],[-109.595082404856,23.6135688005163],[-109.595074404495,23.6135643002513],[-109.595066604593,23.6135626004716],[-109.595058404467,23.613557900621],[-109.59505390494,23.6135511002723],[-109.595050504253,23.613547500482],[-109.595051104958,23.6135419004504],[-109.595047704503,23.6135368999721],[-109.595041004443,23.6135270001711],[-109.59504050462,23.6135156004772],[-109.595045504402,23.6135093999791],[-109.59504850463,23.6135022999656],[-109.595051904759,23.6134962999213],[-109.595050904598,23.6134888999919],[-109.595051404734,23.6134839998464],[-109.595050304729,23.613481000666],[-109.59505150469,23.6134749003296],[-109.595054304826,23.6134714000209],[-109.595058804248,23.613465800062],[-109.595064904346,23.6134588003566],[-109.59506790437,23.6134507999616],[-109.595071204799,23.6134479002198],[-109.595070704649,23.6134402998157],[-109.5950654044,23.6134335003466],[-109.595062604195,23.6134257003099],[-109.595060804376,23.6134239004175],[-109.595056204108,23.6134180004391],[-109.595049103985,23.6134163006719],[-109.595045404879,23.6134144005017],[-109.595043404635,23.6134109000855],[-109.595044004003,23.6134022999821],[-109.59503860429,23.6133972001272],[-109.595030204875,23.6133929003458],[-109.595024604136,23.6133867998549],[-109.595017704317,23.6133823998591],[-109.595014404749,23.613378600498],[-109.59500760473,23.6133744000847],[-109.59500280492,23.6133726001259],[-109.594996704849,23.6133716002723],[-109.594987604964,23.6133703998684],[-109.594980604756,23.613369900304],[-109.594975104063,23.6133693998651],[-109.59496640456,23.6133675998216],[-109.594959404519,23.6133669006752],[-109.594952704945,23.6133667000443],[-109.594947304812,23.6133655006213],[-109.594939304822,23.6133640004128],[-109.59493400419,23.6133588003056],[-109.594927804836,23.6133536001896],[-109.594919904307,23.6133470002375],[-109.594916304474,23.6133425000687],[-109.594918004264,23.6133364006463],[-109.594916504583,23.6133332000702],[-109.594913504407,23.613330000359],[-109.594908604064,23.6133300002454],[-109.594903704418,23.613323500611],[-109.594898504776,23.6133228006033],[-109.594893675542,23.6133247716718],[-109.594893604675,23.613324799929],[-109.594890004819,23.6133225999255],[-109.594884358273,23.6133143623081],[-109.594883904704,23.6133136998502],[-109.594880004353,23.613306500338],[-109.594877904227,23.6133029005789],[-109.594872957692,23.6133016257883],[-109.594871304937,23.6133011999196],[-109.594864804914,23.6133003002951],[-109.594861204738,23.6132962001902],[-109.594857904488,23.6132897999253],[-109.59485330478,23.6132844002574],[-109.594846604785,23.6132790005385],[-109.594839704752,23.6132760003203],[-109.594836404504,23.613269600055],[-109.594832504477,23.6132643006425],[-109.59483010443,23.6132596000119],[-109.594828504204,23.613258200186],[-109.594824904031,23.6132541000803],[-109.594826004609,23.6132496000217],[-109.594825004762,23.6132498004856],[-109.594825402845,23.613248497321],[-109.59482610457,23.613246199896],[-109.594825704173,23.6132434003093],[-109.594825604745,23.6132405004955],[-109.594820004197,23.6132376005445],[-109.59481630412,23.6132357003604],[-109.59481090492,23.613232300115],[-109.594788405135,23.6132058643922],[-109.594757792719,23.6131888611196],[-109.594727404772,23.6131861006736]]},"properties":{"name":"AC-10","stroke-opacity":1,"stroke":"#ffdf7f"},"id":"kml_10"},{"type":"Feature","geometry":{"type":"LineString","coordinates":[[-109.600938676828,23.6159833621876],[-109.601477815625,23.6162061141653]]},"properties":{"name":"AC-11","stroke-opacity":1,"stroke":"#407e35"},"id":"kml_11"},{"type":"Feature","geometry":{"type":"LineString","coordinates":[[-109.604836731933,23.617687675846],[-109.605256588908,23.617887175924],[-109.605257003823,23.6178817745646],[-109.605257219826,23.617876363351],[-109.605257236668,23.6178709485005],[-109.605257054331,23.617865536235],[-109.605256673024,23.6178601327729],[-109.605256093184,23.6178547443228],[-109.605255315479,23.617849377076],[-109.605254340801,23.6178440371995],[-109.605253170271,23.6178387308286],[-109.605251805234,23.6178334640604],[-109.605250247258,23.6178282429463],[-109.605248498133,23.6178230734854],[-109.605246559869,23.6178179616172],[-109.605244434693,23.6178129132154],[-109.605242125047,23.6178079340804],[-109.605239633584,23.6178030299332],[-109.605236963168,23.6177982064087],[-109.605234116866,23.617793469049],[-109.60523218508,23.6177901086773],[-109.605230129845,23.6177868110696],[-109.60522795356,23.6177835800748],[-109.605225658765,23.617780419464],[-109.605223248139,23.6177773329264],[-109.605220724495,23.6177743240643],[-109.605218090779,23.6177713963899],[-109.605215350065,23.6177685533201],[-109.605212505551,23.6177657981733],[-109.605209560559,23.6177631341654],[-109.605206518525,23.6177605644057],[-109.605203383,23.6177580918935],[-109.605200157643,23.6177557195149],[-109.60519684622,23.6177534500387],[-109.605193452595,23.6177512861138],[-109.605189980729,23.617749230266],[-109.605186434675,23.6177472848949],[-109.605182818571,23.6177454522709],[-109.605179136638,23.6177437345331],[-109.605175393174,23.6177421336865],[-109.605171592548,23.6177406515995],[-109.605167739196,23.617739290002],[-109.605163837615,23.6177380504833],[-109.60515989236,23.6177369344899],[-109.605155908035,23.6177359433246],[-109.605151889291,23.6177350781442],[-109.605147840817,23.6177343399586],[-109.605143767341,23.6177337296292],[-109.605142524471,23.6177330929809],[-109.605141306284,23.6177324170407],[-109.605140114242,23.6177317026203],[-109.605138949776,23.6177309505771],[-109.605137814284,23.6177301618142],[-109.605136709129,23.6177293372784],[-109.605135635639,23.6177284779596],[-109.605134595101,23.6177275848895],[-109.605133588766,23.6177266591401],[-109.605132617841,23.617725701823],[-109.605131683491,23.6177247140874],[-109.60513078684,23.617723697119],[-109.605129928962,23.6177226521388],[-109.605129110888,23.6177215804014],[-109.6051283336,23.6177204831933],[-109.605127598031,23.6177193618318],[-109.605126905064,23.6177182176632],[-109.605126255532,23.617717052061],[-109.605125650214,23.6177158664245],[-109.605125089836,23.6177146621773],[-109.605124575072,23.6177134407649],[-109.605124106539,23.6177122036538],[-109.6051236848,23.6177109523291],[-109.605123310361,23.617709688293],[-109.605122983672,23.6177084130632],[-109.605122705124,23.6177071281705],[-109.605122475053,23.6177058351576],[-109.605122293735,23.6177045355766],[-109.605122161387,23.6177032309878],[-109.605122078167,23.6177019229573],[-109.605122044177,23.6177006130556],[-109.605122059457,23.6176993028551],[-109.605122123988,23.6176979939289],[-109.605122237693,23.6176966878483],[-109.605122400435,23.6176953861812],[-109.60512261202,23.6176940904905],[-109.605122872193,23.6176928023316],[-109.605123180641,23.6176915232509],[-109.605123536995,23.6176902547841],[-109.605123940826,23.6176889984539],[-109.60512439165,23.6176877557688],[-109.605124888926,23.6176865282204],[-109.605125432056,23.6176853172825],[-109.605126020389,23.6176841244089],[-109.605126653218,23.6176829510317],[-109.605127329784,23.6176817985596],[-109.605128049274,23.617680668376],[-109.605128810824,23.6176795618379],[-109.605129613521,23.6176784802737],[-109.6051304564,23.6176774249817],[-109.605131338449,23.617676397229],[-109.605132258611,23.6176753982494],[-109.605133215779,23.6176744292421],[-109.605134208806,23.6176734913705],[-109.605135236498,23.6176725857605],[-109.605136297622,23.6176717134994],[-109.605137390904,23.6176708756342],[-109.605138515032,23.617670073171],[-109.605139668656,23.6176693070731],[-109.605140850391,23.6176685782601],[-109.605142058819,23.6176678876071],[-109.605143292488,23.6176672359432],[-109.605144549917,23.6176666240507],[-109.605145829598,23.6176660526643],[-109.605147129993,23.6176655224699],[-109.60514801117,23.6176650986919],[-109.605148875831,23.6176646469528],[-109.605149722931,23.6176641677983],[-109.605150551448,23.6176636618073],[-109.60515136038,23.6176631295911],[-109.605152148751,23.6176625717927],[-109.605152915606,23.617661989086],[-109.605153660021,23.6176613821749],[-109.605154381096,23.6176607517928],[-109.605155077959,23.6176600987011],[-109.605155749769,23.6176594236889],[-109.605156395714,23.6176587275717],[-109.605157015014,23.6176580111905],[-109.60515760692,23.6176572754107],[-109.605158170718,23.6176565211214],[-109.605158705726,23.6176557492337],[-109.605159211297,23.6176549606801],[-109.605159686822,23.6176541564135],[-109.605160131726,23.6176533374054],[-109.605160545471,23.6176525046453],[-109.605160927557,23.6176516591392],[-109.605161277522,23.6176508019087],[-109.605161594945,23.6176499339894],[-109.605161879441,23.6176490564298],[-109.605162130666,23.6176481702901],[-109.605162348318,23.617647276641],[-109.605162532133,23.6176463765621],[-109.605162681889,23.6176454711407],[-109.605162797405,23.6176445614707],[-109.605162878542,23.6176436486512],[-109.605162925202,23.6176427337849],[-109.605162937328,23.6176418179771],[-109.605162914905,23.6176409023342],[-109.605162857961,23.6176399879624],[-109.605162766565,23.6176390759664],[-109.605162640826,23.617638167448],[-109.605162480898,23.6176372635049],[-109.605162286972,23.617636365229],[-109.605162059284,23.6176354737056],[-109.605161798108,23.6176345900119],[-109.60516150376,23.6176337152153],[-109.605161176596,23.6176328503728],[-109.60516081701,23.6176319965292],[-109.605160425438,23.6176311547161],[-109.605160002352,23.6176303259504],[-109.605159548264,23.6176295112335],[-109.605159063721,23.6176287115495],[-109.60515854931,23.6176279278647],[-109.605158005652,23.6176271611258],[-109.605157433403,23.6176264122592],[-109.605156833256,23.6176256821694],[-109.605156205935,23.6176249717387],[-109.605155552197,23.6176242818253],[-109.605154872834,23.6176236132627],[-109.605154168665,23.6176229668585],[-109.605153440541,23.6176223433938],[-109.605152689342,23.6176217436217],[-109.605151915976,23.6176211682669],[-109.605151121377,23.6176206180244],[-109.605150306504,23.6176200935591],[-109.605149472343,23.6176195955045],[-109.6051486199,23.6176191244623],[-109.605147750207,23.6176186810017],[-109.605146864313,23.6176182656584],[-109.605145963289,23.6176178789341],[-109.605145048223,23.6176175212961],[-109.605144120221,23.6176171931765],[-109.605143180404,23.6176168949716],[-109.605142229908,23.6176166270418],[-109.605141269881,23.6176163897107],[-109.605140301482,23.617616183265],[-109.605139325882,23.6176160079542],[-109.605138344258,23.61761586399],[-109.605134086014,23.6176146756408],[-109.605129873469,23.6176133562305],[-109.605125711374,23.617611907247],[-109.605121604422,23.617610330324],[-109.605117557243,23.6176086272393],[-109.6051135744,23.6176067999133],[-109.605109660384,23.6176048504063],[-109.605105819609,23.6176027809164],[-109.605102056404,23.6176005937768],[-109.605098375012,23.6175982914537],[-109.605094779585,23.6175958765429],[-109.605091274176,23.6175933517672],[-109.605087862738,23.6175907199733],[-109.605084549116,23.6175879841286],[-109.605081337048,23.6175851473177],[-109.605078380402,23.6175821200098],[-109.605075318738,23.6175791826658],[-109.60507215528,23.6175763383771],[-109.605068893357,23.6175735901373],[-109.605065536402,23.617570940839],[-109.605062087948,23.6175683932704],[-109.605058551624,23.6175659501127],[-109.605054931152,23.6175636139375],[-109.605051230344,23.6175613872034],[-109.605047453093,23.617559272254],[-109.605043603376,23.6175572713153],[-109.605039685244,23.6175553864932],[-109.605037383406,23.6175536604245],[-109.605035018886,23.6175520078574],[-109.605032594447,23.6175504307232],[-109.605030112922,23.6175489308647],[-109.605027577212,23.6175475100347],[-109.605024990279,23.6175461698935],[-109.605022355146,23.6175449120071],[-109.605019674893,23.6175437378455],[-109.605016952652,23.6175426487807],[-109.605014191604,23.6175416460854],[-109.605011394975,23.6175407309312],[-109.605008566033,23.6175399043877],[-109.605005708085,23.6175391674206],[-109.605002824469,23.6175385208912],[-109.604999918556,23.617537965555],[-109.604996993742,23.6175375020608],[-109.604994053443,23.6175371309504],[-109.604991101096,23.6175368526574],[-109.604988140152,23.617536667507],[-109.604985174069,23.6175365757156],[-109.604982206315,23.6175365773904],[-109.604979240356,23.6175366725294],[-109.60497627966,23.6175368610216],[-109.604973327685,23.6175371426466],[-109.604970387882,23.6175375170753],[-109.604967463686,23.6175379838702],[-109.604964558513,23.6175385424858],[-109.604961675759,23.6175391922693],[-109.604958818793,23.6175399324614],[-109.604955990952,23.6175407621972],[-109.604953195542,23.6175416805071],[-109.604950435829,23.6175426863179],[-109.604947715038,23.6175437784543],[-109.604945036348,23.6175449556401],[-109.604942402889,23.6175462164996],[-109.60493981774,23.6175475595595],[-109.60493728392,23.6175489832503],[-109.604934804392,23.6175504859084],[-109.604895445679,23.6175745010985],[-109.604890757294,23.6175788111388],[-109.604886230934,23.6175832658058],[-109.604881871851,23.6175878599309],[-109.604877685103,23.6175925881839],[-109.604873675548,23.6175974450789],[-109.604869847836,23.6176024249808],[-109.60486620641,23.6176075221119],[-109.604862755494,23.6176127305581],[-109.604859499092,23.6176180442765],[-109.604856440983,23.617623457102],[-109.604853584714,23.6176289627544],[-109.604850933599,23.6176345548459],[-109.604848490715,23.6176402268884],[-109.604846258895,23.6176459723009],[-109.60484424073,23.6176517844175],[-109.60484243856,23.6176576564948],[-109.604840854477,23.6176635817197],[-109.604839490319,23.6176695532176],[-109.604838347668,23.6176755640602],[-109.60483742785,23.6176816072735],[-109.604836731933,23.617687675846]]},"properties":{"name":"AC-12","stroke-opacity":1,"stroke":"#58f4f9"},"id":"kml_12"}]}