{"type":"FeatureCollection","features":[{"type":"Feature","properties":{"Name":"MIA-3a-Modif-Marina","description":"null","timestamp":"null","begin":"null","end":"null","altitudeMode":"null","tessellate":1,"extrude":0,"visibility":-1,"drawOrder":"null","icon":"null"},"geometry":{"type":"Polygon","coordinates":[[[-109.574542169836,23.5994235440957,0],[-109.574340030955,23.5997611829735,0],[-109.574433782121,23.5997954560466,0],[-109.575869032926,23.5972487190629,0],[-109.576216873587,23.5966260708379,0],[-109.576242880971,23.5965795163294,0],[-109.576123931924,23.596563835928,0],[-109.57614145209,23.5965857248094,0],[-109.574542169836,23.5994235440957,0]]]},"id":0},{"type":"Feature","properties":{"Name":"MIA-3a-Modif-Marina","description":"null","timestamp":"null","begin":"null","end":"null","altitudeMode":"null","tessellate":1,"extrude":0,"visibility":-1,"drawOrder":"null","icon":"null"},"geometry":{"type":"Polygon","coordinates":[[[-109.586662677684,23.5991882699644,0],[-109.586667212097,23.59927356271921,0],[-109.586430113776,23.599373796441,0],[-109.586348644632,23.5993815618097,0],[-109.586183185231,23.5994402912325,0],[-109.586086414808,23.5994264958965,0],[-109.585805253997,23.5995735769184,0],[-109.58573957048,23.5995028990682,0],[-109.585606812313,23.5992993982036,0],[-109.585409422562,23.5994113890073,0],[-109.58536597295,23.5994239976075,0],[-109.585027520042,23.59941242461681,0],[-109.585179420824,23.598725882041,0],[-109.584884514932,23.59862520061341,0],[-109.584148905244,23.5984632359769,0],[-109.584062851855,23.5985658944234,0],[-109.583950918565,23.5984563219309,0],[-109.583833974535,23.5983512879926,0],[-109.583712236254,23.5982509870378,0],[-109.583563995544,23.5981431909025,0],[-109.583406889979,23.5980466450105,0],[-109.583241922442,23.5979619656476,0],[-109.583070145992,23.5978896933499,0],[-109.582892657149,23.5978302894538,0],[-109.582710588889,23.5977841331513,0],[-109.582525103416,23.5977515190703,0],[-109.582378707892,23.5977329138121,0],[-109.582230938981,23.5977346573479,0],[-109.582050965728,23.5977649275111,0],[-109.58188014422,23.5978252832559,0],[-109.581724341442,23.5979136516204,0],[-109.58158890858,23.5980269975281,0],[-109.58147849723,23.5981614280245,0],[-109.581396899641,23.5983123259779,0],[-109.58134691846,23.5984745086531,0],[-109.581321615817,23.5986008591674,0],[-109.58127474373,23.5987749490481,0],[-109.58121509392,23.5989456866993,0],[-109.581142944253,23.5991122766401,0],[-109.581058630836,23.5992739427118,0],[-109.580962546452,23.5994299316935,0],[-109.580855138732,23.59957951681231,0],[-109.580736908068,23.5997220011298,0],[-109.580608405284,23.5998567207891,0],[-109.580470229068,23.5999830481086,0],[-109.580323023186,23.6001003945065,0],[-109.580167473476,23.6002082132438,0],[-109.580004304661,23.6003060019716,0],[-109.579834276967,23.6003933050722,0],[-109.579658182582,23.6004697157823,0],[-109.579476841962,23.6005348780881,0],[-109.579307194423,23.6006106487791,0],[-109.579160437024,23.6007196988518,0],[-109.579044118476,23.6008564191748,0],[-109.57896422188,23.6010137773465,0],[-109.578924856973,23.6011836794055,0],[-109.578928048712,23.6013573861461,0],[-109.57897363309,23.6015259626293,0],[-109.579059265535,23.6016807377672,0],[-109.579180541479,23.6018137503433,0],[-109.579331222895,23.6019181585242,0],[-109.57936850888,23.6018756550276,0],[-109.579405994401,23.6018329309199,0],[-109.579433081741,23.6018020581114,0],[-109.579434524692,23.6017855549113,0],[-109.579308270493,23.6017014640287,0],[-109.579207134258,23.6015922774597,0],[-109.579136836122,23.6014641707328,0],[-109.579101351997,23.6013243894682,0],[-109.57910268872,23.6011808395647,0],[-109.579140770569,23.6010416400461,0],[-109.579213443574,23.6009146638592,0],[-109.579316597366,23.6008070925951,0],[-109.579444397667,23.6007250103169,0],[-109.57953535682,23.6006882204037,0],[-109.579716124357,23.6006236644512,0],[-109.579892038394,23.6005485803751,0],[-109.580062377779,23.6004632759801,0],[-109.580226444219,23.6003681009688,0],[-109.580383565139,23.6002634455074,0],[-109.580533096441,23.6001497386267,0],[-109.580674425145,23.6000274464622,0],[-109.580806971904,23.5998970703437,0],[-109.580930193375,23.5997591447392,0],[-109.581043584448,23.5996142350642,0],[-109.581146680318,23.5994629353631,0],[-109.581239058387,23.599305865874,0],[-109.58132034,23.5991436704853,0],[-109.581390191993,23.5989770140968,0],[-109.58144832806,23.5988065798929,0],[-109.581494509926,23.5986330665423,0],[-109.581520303806,23.5985043501159,0],[-109.581571121114,23.5983489040026,0],[-109.581657172186,23.5982072425754,0],[-109.581774394372,23.5980860537973,0],[-109.581917253452,23.5979910590848,0],[-109.582079004913,23.5979267432041,0],[-109.58225201236,23.5978961425504,0],[-109.58225384286,23.5978416693634,0],[-109.582378578764,23.5978415083411,0],[-109.582502056351,23.5978577959331,0],[-109.582686423803,23.5978901371069,0],[-109.582867220649,23.597936540903,0],[-109.58287357464,23.5979390855567,0],[-109.582879147205,23.59794287901361,0],[-109.582883654255,23.5979477278847,0],[-109.582886866022,23.597953384976,0],[-109.582888618773,23.5979595618911,0],[-109.582884375454,23.5981089893287,0],[-109.58299932569,23.5981512748789,0],[-109.583006821568,23.5980220350769,0],[-109.583008005567,23.5980156378977,0],[-109.583010806464,23.5980096837511,0],[-109.583015063538,23.5980045142952,0],[-109.583020532511,23.5980004261614,0],[-109.583026899565,23.5979976539329,0],[-109.58303379935,23.5979963566845,0],[-109.583040835945,23.5979966088543,0],[-109.583047605579,23.5979983959725,0],[-109.583204879383,23.5980662208354,0],[-109.583356002097,23.598145032602,0],[-109.583500071688,23.5982343608611,0],[-109.58363622821,23.5983336724293,0],[-109.583762338417,23.5984397563217,0],[-109.583883551709,23.5985505822576,0],[-109.583999658291,23.5986659584334,0],[-109.584110457206,23.5987856851695,0],[-109.584134890814,23.5988208561376,0],[-109.584149905765,23.5988602584798,0],[-109.584154699273,23.5989017855385,0],[-109.584139120176,23.5990298353302,0],[-109.584263881605,23.5991664739026,0],[-109.584281596286,23.5991492614661,0],[-109.58430322543,23.5991363978375,0],[-109.584327542046,23.5991286127514,0],[-109.58435316669,23.5991263478444,0],[-109.584378645714,23.5991297316012,0],[-109.584484657784,23.5992371497741,0],[-109.584591105305,23.5993442016809,0],[-109.584697986787,23.59945088582271,0],[-109.584833660254,23.5995545516952,0],[-109.584984583388,23.5996384263444,0],[-109.585147385275,23.5997006363874,0],[-109.585318429669,23.5997397923273,0],[-109.585493896206,23.599755019591,0],[-109.585498945789,23.5997554190495,0],[-109.585503715374,23.599756998435,0],[-109.585507885999,23.599759652127,0],[-109.585511178754,23.5997632026612,0],[-109.585513373439,23.5997674125974,0],[-109.585514323284,23.5997720003982,0],[-109.58551396477,23.5997766592567,0],[-109.585482084603,23.5999212484819,0],[-109.585518587013,23.5999230531869,0],[-109.585575248253,23.5999258545417,0],[-109.585591534758,23.5998204049838,0],[-109.58560249326,23.5997945632083,0],[-109.585628627998,23.5997672501306,0],[-109.585673448008,23.5997483480286,0],[-109.585721235469,23.5997470542176,0],[-109.585795096607,23.5997424531764,0],[-109.585872248073,23.5997375114433,0],[-109.585982836546,23.5997227302576,0],[-109.586069921454,23.5997087873112,0],[-109.586150257325,23.5996927369885,0],[-109.586219718739,23.5996768242449,0],[-109.58632160319,23.5996481933392,0],[-109.586418411195,23.5996222657654,0],[-109.586575771074,23.5995672075858,0],[-109.586721738243,23.5994899665314,0],[-109.586835048032,23.5994250819879,0],[-109.586945525568,23.5993561742651,0],[-109.587044794841,23.599303254004,0],[-109.587150257373,23.5992617362731,0],[-109.587327193965,23.5992161659342,0],[-109.587509339943,23.59919407485332,0],[-109.587693045808,23.5991959056548,0],[-109.587874630808,23.5992216216613,0],[-109.587895411181,23.5992306798378,0],[-109.587913587558,23.5992436491278,0],[-109.58792830716,23.5992599210523,0],[-109.587938879387,23.5992787321826,0],[-109.587944808219,23.5992991999582,0],[-109.588030455153,23.599299429459,0],[-109.588218726668,23.5993074494484,0],[-109.588381298494,23.5993210823276,0],[-109.588537331356,23.5993652996345,0],[-109.588680125745,23.5994382028387,0],[-109.588803550536,23.5995366617335,0],[-109.588919168229,23.5996574255364,0],[-109.589026563984,23.5997844732307,0],[-109.589125336546,23.5999173301681,0],[-109.589215116873,23.6000554999953,0],[-109.589295569515,23.6001984665085,0],[-109.589386531217,23.6003501606647,0],[-109.589495624706,23.6004913364877,0],[-109.589499141967,23.6004964654135,0],[-109.589501332412,23.6005021870636,0],[-109.589502086177,23.6005082144589,0],[-109.589501365454,23.6005142452856,0],[-109.589499206393,23.6005199770574,0],[-109.589495717284,23.6005251222876,0],[-109.589491073129,23.6005294229085,0],[-109.589354873136,23.6006482307981,0],[-109.589241652203,23.6007860086661,0],[-109.589154474291,23.60093902808291,0],[-109.589095698633,23.6011031481534,0],[-109.589066915881,23.6012739275703,0],[-109.589020685172,23.6013009447971,0],[-109.5889833292,23.601337821646,0],[-109.588957256659,23.6013821803226,0],[-109.588944148704,23.601431160607,0],[-109.588944850542,23.6014816042779,0],[-109.588959316934,23.6015302587523,0],[-109.588986615108,23.60157398681,0],[-109.589024984899,23.6016099688812,0],[-109.589071952243,23.6016358848523,0],[-109.589124488702,23.6016500636673,0],[-109.58913689291,23.6016923744845,0],[-109.589186892616,23.60180755217001,0],[-109.589264439725,23.6019089527162,0],[-109.589365330369,23.6019910790698,0],[-109.589753918548,23.6022396805512,0],[-109.589810365509,23.6022853830062,0],[-109.589854139413,23.60234166192861,0],[-109.589882973719,23.6024056033111,0],[-109.58989537542,23.6024738963954,0],[-109.589895001011,23.6025274532877,0],[-109.589907241888,23.6026889662347,0],[-109.589931995912,23.6028492575647,0],[-109.589969136154,23.6030075050723,0],[-109.59001847215,23.6031628970326,0],[-109.590079750874,23.6033146363655,0],[-109.590152658039,23.6034619447238,0],[-109.590236819705,23.6036040664866,0],[-109.590331804198,23.6037402726351,0],[-109.590450615526,23.6038698607221,0],[-109.590579452319,23.6039910412185,0],[-109.590717616084,23.6041031571134,0],[-109.590864357755,23.6042056005404,0],[-109.591018881752,23.6042978160731,0],[-109.591180350295,23.6043793037368,0],[-109.591347887948,23.6044496217204,0],[-109.591522343779,23.6045186914818,0],[-109.591689657197,23.6046014174894,0],[-109.591848572272,23.6046971787746,0],[-109.591997896108,23.6048052565196,0],[-109.592136507795,23.6049248394521,0],[-109.592263366825,23.6050550299349,0],[-109.592377520902,23.6051948507031,0],[-109.592472053938,23.6053328669657,0],[-109.592493543321,23.6053460848828,0],[-109.592563863768,23.6054588111884,0],[-109.592636841154,23.6055700942342,0],[-109.592733228594,23.6057092219873,0],[-109.592798602105,23.6057989750267,0],[-109.592865729359,23.6058876220151,0],[-109.592939237078,23.6059735355032,0],[-109.593073559595,23.6058952500976,0],[-109.592993494797,23.6058038687822,0],[-109.592920787708,23.6057076461375,0],[-109.592850198128,23.605610093803,0],[-109.592772105995,23.6054969568523,0],[-109.592696650953,23.6053818609033,0],[-109.592624018937,23.6052652329817,0],[-109.592631821439,23.6052596525307,0],[-109.592535399296,23.6051173083438,0],[-109.592427470305,23.6049821601216,0],[-109.592308663979,23.6048549960947,0],[-109.592179673268,23.6047365579243,0],[-109.592041250513,23.6046275363778,0],[-109.59189420306,23.6045285672996,0],[-109.591739388551,23.6044402279036,0],[-109.59157770992,23.6043630334073,0],[-109.591410110131,23.6042974340268,0],[-109.591230833733,23.6042261205901,0],[-109.591059656947,23.6041395408853,0],[-109.590898106399,23.6040384670785,0],[-109.590747622853,23.6039238005993,0],[-109.590609548363,23.6037965641008,0],[-109.590485114302,23.603657892338,0],[-109.590375430378,23.6035090220465,0],[-109.590281474745,23.6033512809122,0],[-109.590204085274,23.6031860757292,0],[-109.590143952085,23.6030148798532,0],[-109.590101611396,23.6028392200608,0],[-109.590077440739,23.6026606629327,0],[-109.590071655599,23.6024808008825,0],[-109.590056055484,23.6023752306042,0],[-109.590015095607,23.6022755962513,0],[-109.589950873799,23.6021870006314,0],[-109.589866679237,23.6021139811892,0],[-109.589465896427,23.6018575382122,0],[-109.589395797069,23.6018004694093,0],[-109.589341916768,23.6017300101902,0],[-109.589307175801,23.6016499794365,0],[-109.589299517325,23.6016238564556,0],[-109.589298536321,23.6016181402509,0],[-109.589298895184,23.6016123624567,0],[-109.589300577538,23.6016067867344,0],[-109.589303506611,23.6016016675235,0],[-109.589307548739,23.6015972384318,0],[-109.589340947324,23.601559431516,0],[-109.589363349199,23.6015152673988,0],[-109.589373405453,23.60146740541141,0],[-109.589370510564,23.6014187275483,0],[-109.589354838861,23.6013721649286,0],[-109.589327334023,23.6013305213001,0],[-109.589289652249,23.6012963042128,0],[-109.589244062534,23.60127157402931,0],[-109.589279772755,23.6010978891896,0],[-109.589352106393,23.60093416368551,0],[-109.589458197121,23.6007868850985,0],[-109.589593841035,23.6006618892867,0],[-109.589710110872,23.6005654092913,0],[-109.589820650888,23.6004633699062,0],[-109.589925148506,23.6003560596823,0],[-109.590023308238,23.6002437820751,0],[-109.590056005043,23.6002719818143,0],[-109.590075857785,23.6002898191664,0],[-109.590094973072,23.600307769036,0],[-109.590114165678,23.600326588216,0],[-109.590133249206,23.6003460663138,0],[-109.590152305368,23.60036625016,0],[-109.590171329884,23.600387095294,0],[-109.590190338918,23.6004085773936,0],[-109.590209302963,23.6004306184424,0],[-109.590228327892,23.600453290389,0],[-109.590247399163,23.6004765158408,0],[-109.590261949963,23.6004945665923,0],[-109.590271557505,23.6005065816073,0],[-109.590281189549,23.6005187155686,0],[-109.590290848501,23.6005309634264,0],[-109.590300536585,23.6005433198543,0],[-109.590310189504,23.6005556942078,0],[-109.590320010866,23.6005683376468,0],[-109.590329808775,23.6005809943385,0],[-109.590339623718,23.6005937090068,0],[-109.590347176421,23.6006035150742,0],[-109.590352107019,23.60060992299231,0],[-109.590357037076,23.6006163363958,0],[-109.590361966864,23.6006227553485,0],[-109.590366896652,23.6006291799145,0],[-109.590371826712,23.6006356101574,0],[-109.590376757314,23.6006420461408,0],[-109.590381688729,23.60064848792801,0],[-109.590386621228,23.6006549355825,0],[-109.59039155508,23.6006613891671,0],[-109.590396490558,23.6006678487475,0],[-109.590401428012,23.6006743144882,0],[-109.590406367492,23.6006807861227,0],[-109.59041130906,23.6006872633995,0],[-109.590416252904,23.6006937462454,0],[-109.59042119921,23.6007002345872,0],[-109.590426148165,23.6007067283517,0],[-109.590431099957,23.6007132274654,0],[-109.590436054773,23.6007197318551,0],[-109.5904410128,23.6007262414472,0],[-109.590445974224,23.6007327561682,0],[-109.590450939234,23.60073927594461,0],[-109.590455907986,23.6007458006626,0],[-109.59046088059,23.6007523301616,0],[-109.590465857337,23.6007588645556,0],[-109.590470838431,23.60076540378021,0],[-109.590475824062,23.6007719477517,0],[-109.590480814423,23.6007784963861,0],[-109.590485809707,23.6007850495997,0],[-109.590490810106,23.6007916073084,0],[-109.590495815812,23.6007981694282,0],[-109.590500827017,23.6008047358749,0],[-109.590505843915,23.6008113065645,0],[-109.590510866696,23.6008178814127,0],[-109.590515895555,23.6008244603353,0],[-109.590520930684,23.6008310432477,0],[-109.590525972275,23.6008376300659,0],[-109.590531020522,23.600844220705,0],[-109.590536075616,23.6008508150808,0],[-109.590541137751,23.6008574131086,0],[-109.590546207119,23.6008640147038,0],[-109.590551283914,23.6008706197816,0],[-109.590556368358,23.600877228296,0],[-109.590564065058,23.6008872217546,0],[-109.590574277214,23.6009004519781,0],[-109.590584524041,23.6009136952085,0],[-109.590594806924,23.6009269505522,0],[-109.590605127302,23.60094021718721,0],[-109.590615486639,23.6009534943207,0],[-109.590625888269,23.6009667835496,0],[-109.590636332661,23.6009800827667,0],[-109.590646817747,23.6009933862685,0],[-109.590657348599,23.6010066975507,0],[-109.590667922032,23.6010200096692,0],[-109.59067853558,23.6010333167273,0],[-109.59068920863,23.6010466400167,0],[-109.590699931837,23.6010599648935,0],[-109.590710705525,23.60107328884901,0],[-109.590721534334,23.6010866147357,0],[-109.590732415887,23.6010999367119,0],[-109.590743353118,23.6011132554254,0],[-109.590754343462,23.6011265648343,0],[-109.590765401302,23.6011398797895,0],[-109.590776510248,23.6011531773698,0],[-109.590787688049,23.6011664754848,0],[-109.590798918072,23.6011797509483,0],[-109.590810228336,23.6011930313767,0],[-109.590821612334,23.6012063078057,0],[-109.590833036345,23.6012195399612,0],[-109.590844468833,23.6012326907969,0],[-109.590855968098,23.6012458301122,0],[-109.590867486587,23.6012589072936,0],[-109.590874224623,23.6012665102933,0],[-109.59097698187,23.6014111538725,0],[-109.591085341013,23.6015522830307,0],[-109.591199160677,23.6016897136136,0],[-109.59131829236,23.6018232662926,0],[-109.591442580627,23.6019527667983,0],[-109.591571863313,23.6020780461485,0],[-109.591705971735,23.6021989408687,0],[-109.59184473091,23.6023152932048,0],[-109.591987959788,23.60242695133,0],[-109.59213547148,23.6025337695422,0],[-109.592287073512,23.60263560845461,0],[-109.592442568069,23.6027323351771,0],[-109.592601752254,23.6028238234906,0],[-109.592764418357,23.602909954011,0],[-109.593638423842,23.6033535755038,0],[-109.593780949816,23.6034433009828,0],[-109.593902307854,23.6035564126706,0],[-109.593998049442,23.6036887643931,0],[-109.594064665021,23.6038355047062,0],[-109.594121680581,23.6039455163134,0],[-109.594164037947,23.6038979103663,0],[-109.594500622196,23.604156098681,0],[-109.594919969883,23.6042680332051,0],[-109.595302318073,23.6038840293346,0],[-109.594787074189,23.603615018741,0],[-109.59452927564,23.6040986103492,0],[-109.594359517716,23.6040087512776,0],[-109.594617128264,23.6035262871233,0],[-109.593426382784,23.6029045816769,0],[-109.592496896222,23.6024239867918,0],[-109.591998393896,23.6021848071703,0],[-109.591837837115,23.6020219338214,0],[-109.591607272432,23.6017397314092,0],[-109.590089551654,23.6000126348915,0],[-109.588475061406,23.5990423722266,0],[-109.587807235979,23.5988192696491,0],[-109.587687627683,23.5986869992007,0],[-109.587704345627,23.5986208573731,0],[-109.586097953147,23.598837525971,0],[-109.586222461853,23.5988882482377,0],[-109.586662677684,23.5991882699644,0]]]},"id":1},{"type":"Feature","properties":{"Name":"MIA-3a-Modif-Marina","description":"null","timestamp":"null","begin":"null","end":"null","altitudeMode":"null","tessellate":1,"extrude":0,"visibility":-1,"drawOrder":"null","icon":"null"},"geometry":{"type":"Polygon","coordinates":[[[-109.574696255286,23.5993297274265,0],[-109.574433782121,23.5997954560467,0],[-109.574757471943,23.5999143041942,0],[-109.57499116491,23.5999847485519,0],[-109.575071860449,23.600025145579,0],[-109.575181236912,23.6000799004709,0],[-109.575287378706,23.6001274755215,0],[-109.575359189864,23.600159662778,0],[-109.575593528047,23.6002520204186,0],[-109.575861326814,23.6003343485424,0],[-109.576129613242,23.6004597768952,0],[-109.576271031996,23.600575884592,0],[-109.576605993795,23.6007612840888,0],[-109.576725033173,23.6008446179216,0],[-109.576951747018,23.6009152444974,0],[-109.577188110087,23.6010155406038,0],[-109.577384220007,23.6011252212307,0],[-109.577626005417,23.6012578880864,0],[-109.577856507916,23.6014036892723,0],[-109.57806319347,23.6015644413459,0],[-109.578288677448,23.6017700333481,0],[-109.578403194703,23.6018309911818,0],[-109.579026182905,23.6022658190244,0],[-109.579331208679,23.6019181677602,0],[-109.579180528251,23.6018137590891,0],[-109.579059253308,23.6016807463045,0],[-109.578973621794,23.6015259712162,0],[-109.578928038206,23.6013573949984,0],[-109.578924847064,23.6011836886821,0],[-109.578964212345,23.60101378714001,0],[-109.579044109081,23.6008564295074,0],[-109.579160427549,23.6007197096777,0],[-109.579307184682,23.6006106599919,0],[-109.579476831821,23.6005348895337,0],[-109.57965817244,23.600469727228,0],[-109.579834266825,23.6003933165182,0],[-109.580004294518,23.6003060134179,0],[-109.580167463332,23.6002082246905,0],[-109.580323013041,23.6001004059537,0],[-109.580470218923,23.5999830595563,0],[-109.580608395139,23.5998567322374,0],[-109.580736897922,23.5997220125788,0],[-109.580855128586,23.599579528262,0],[-109.580962536306,23.5994299431439,0],[-109.581058620689,23.599273954163,0],[-109.581142934107,23.5991122880922,0],[-109.581215083774,23.5989456981521,0],[-109.581274733584,23.5987749605018,0],[-109.581321605672,23.5986008706219,0],[-109.581346908318,23.5984745200914,0],[-109.5813968895,23.5983123374166,0],[-109.581478487089,23.5981614394638,0],[-109.581588898439,23.598027008968,0],[-109.581724331301,23.5979136630607,0],[-109.581880134078,23.5978252946965,0],[-109.582050955586,23.597764938952,0],[-109.582230928839,23.597734668789,0],[-109.582233682014,23.5976709597244,0],[-109.582248341092,23.5975882357121,0],[-109.582017209719,23.5975582103618,0],[-109.582097167073,23.5973511383796,0],[-109.576242880972,23.5965795163296,0],[-109.576216873587,23.5966260708381,0],[-109.576553451633,23.5967015839966,0],[-109.577121021725,23.5968479380423,0],[-109.576958293458,23.5973709588156,0],[-109.576816980628,23.5978351963221,0],[-109.57667027172,23.5977951978548,0],[-109.57655429115,23.5977705700082,0],[-109.576437016772,23.5977404960097,0],[-109.576337854497,23.5977150666241,0],[-109.576085749197,23.5976941224655,0],[-109.575652688358,23.5976326126821,0],[-109.574696255286,23.5993297274265,0]]]},"id":2},{"type":"Feature","properties":{"Name":"MIA-3a-Modif-Marina","description":"null","timestamp":"null","begin":"null","end":"null","altitudeMode":"null","tessellate":1,"extrude":0,"visibility":-1,"drawOrder":"null","icon":"null"},"geometry":{"type":"Polygon","coordinates":[[[-109.582999838858,23.6062656929343,0],[-109.58305225419,23.6063242077125,0],[-109.583094489582,23.6063984944835,0],[-109.58312214947,23.6064398214133,0],[-109.583172412004,23.6065035781578,0],[-109.583235360681,23.6066015851416,0],[-109.583274207199,23.6066626115387,0],[-109.583329307242,23.6067215615002,0],[-109.583413558332,23.6067971213446,0],[-109.583475930747,23.6068417011211,0],[-109.583581269789,23.6070012616849,0],[-109.58348564556,23.6070985512162,0],[-109.583501572139,23.6071703439459,0],[-109.58355265824,23.6072512088989,0],[-109.58359485489,23.6072989384709,0],[-109.583635419663,23.6073424912095,0],[-109.583708459357,23.6074158529931,0],[-109.583743570287,23.6074434478487,0],[-109.583800303465,23.6074897090913,0],[-109.583875685646,23.6075670058128,0],[-109.583935022998,23.6076264356901,0],[-109.583981673895,23.60769548118,0],[-109.584047478656,23.60777676035641,0],[-109.584083407089,23.6078265722718,0],[-109.584120571533,23.6078790124701,0],[-109.58416423613,23.6079284873661,0],[-109.584207826218,23.60798203036631,0],[-109.584251767058,23.608036890986,0],[-109.584302887651,23.6080880422385,0],[-109.584397085231,23.60819861661,0],[-109.584439035058,23.6082454641733,0],[-109.584660627045,23.6078464099814,0],[-109.584722557191,23.6077013089391,0],[-109.584772110658,23.6075522251894,0],[-109.584805090596,23.6074191938583,0],[-109.584828211363,23.607284408816,0],[-109.584721850037,23.6071367052975,0],[-109.584614310652,23.6069897279914,0],[-109.58450559905,23.6068434848771,0],[-109.584395721137,23.6066979838942,0],[-109.584284682884,23.6065532329417,0],[-109.58417249032,23.6064092398782,0],[-109.584059149543,23.606266012521,0],[-109.583944666708,23.6061235586457,0],[-109.583829048035,23.6059818859861,0],[-109.583712299804,23.60584100223331,0],[-109.583594428357,23.6057009150357,0],[-109.583475440097,23.6055616319985,0],[-109.583355341488,23.6054231606829,0],[-109.583234139052,23.6052855086065,0],[-109.583111839375,23.6051486832419,0],[-109.582988449097,23.6050126920171,0],[-109.582863974922,23.6048775423147,0],[-109.58273842361,23.6047432414716,0],[-109.582611801982,23.6046097967786,0],[-109.582484116913,23.60447721548,0],[-109.582355375339,23.6043455047731,0],[-109.582225584252,23.604214671808,0],[-109.582094750702,23.6040847236873,0],[-109.581962881795,23.6039556674652,0],[-109.581829984691,23.6038275101476,0],[-109.58169606661,23.6037002586918,0],[-109.581561134823,23.6035739200055,0],[-109.581425196659,23.6034485009472,0],[-109.5812882595,23.6033240083252,0],[-109.581150330783,23.6032004488975,0],[-109.581011417998,23.6030778293716,0],[-109.58087152869,23.6029561564039,0],[-109.580730670455,23.6028354365992,0],[-109.580588850942,23.6027156765107,0],[-109.580446077853,23.6025968826395,0],[-109.580063680544,23.6022871159681,0],[-109.579861837629,23.6021284729146,0],[-109.579673251265,23.6019831631838,0],[-109.579433071598,23.6018020695521,0],[-109.57902618289,23.6022658190418,0],[-109.579208654391,23.60239317788,0],[-109.579209584716,23.602426784595,0],[-109.579243249162,23.6024988771885,0],[-109.579278318295,23.6025512566127,0],[-109.579310717798,23.6025961501296,0],[-109.579369411268,23.6026581803452,0],[-109.579446484582,23.6027182365387,0],[-109.579549898613,23.6027863113373,0],[-109.579648123191,23.6028591631241,0],[-109.579694732618,23.6028821342274,0],[-109.57981711346,23.6029712227976,0],[-109.579881575359,23.6030165448015,0],[-109.579944011374,23.6030859865814,0],[-109.579969013299,23.603097791311,0],[-109.58002811225,23.6031587443316,0],[-109.580074708504,23.6031973547754,0],[-109.580123499593,23.6032482480737,0],[-109.580157773978,23.6032832338053,0],[-109.580206217351,23.6033291798252,0],[-109.580256057437,23.6033867681911,0],[-109.580306274206,23.6034529590565,0],[-109.580352594904,23.6035158212048,0],[-109.580387990096,23.6035604896752,0],[-109.58043217483,23.6035943312691,0],[-109.580490554627,23.6036489168034,0],[-109.580539934291,23.6037007818042,0],[-109.580580270169,23.6037415431334,0],[-109.580626892898,23.6037849005217,0],[-109.580678735238,23.6038287477018,0],[-109.58071511842,23.603874285798,0],[-109.580759734099,23.6039112738003,0],[-109.580798588072,23.6039520826308,0],[-109.580880535053,23.6040197276583,0],[-109.580930859825,23.6040584460969,0],[-109.581000204677,23.6041131704254,0],[-109.58102922194,23.6041529423849,0],[-109.581062505902,23.6041779429886,0],[-109.581110125477,23.6042210892797,0],[-109.58115160543,23.6042604140844,0],[-109.581219900826,23.6043176844598,0],[-109.581240033766,23.6043429326232,0],[-109.581273027132,23.6043650606828,0],[-109.581313079698,23.6044030162734,0],[-109.581357849427,23.6044437991228,0],[-109.581415828539,23.6044994843853,0],[-109.581468839783,23.6045517783697,0],[-109.581511979526,23.6045925405345,0],[-109.581575114191,23.6046461350933,0],[-109.581636306699,23.604708712682,0],[-109.581672126659,23.6047547445803,0],[-109.581698491176,23.60477429274591,0],[-109.581769699244,23.6048210660365,0],[-109.581818621068,23.6048760042685,0],[-109.5818845482,23.60492797295,0],[-109.581935665638,23.6049889134354,0],[-109.582029591312,23.6050944548377,0],[-109.582050822211,23.6051257548149,0],[-109.582076041634,23.6051551480972,0],[-109.58211958473,23.6051914711781,0],[-109.582190846414,23.6052541814348,0],[-109.582249313877,23.6053319566258,0],[-109.582336237952,23.605443061573,0],[-109.582426086965,23.6055498097848,0],[-109.582456668711,23.6055778567832,0],[-109.582547950886,23.6056450336919,0],[-109.582644108841,23.6058336921454,0],[-109.582667948274,23.6058613781791,0],[-109.582733277799,23.6059261277338,0],[-109.582775308348,23.6059908577243,0],[-109.582802966462,23.6060242458981,0],[-109.582857161657,23.60607287727,0],[-109.582922355626,23.6061578993611,0],[-109.582954496475,23.6062059368685,0],[-109.582999838858,23.6062656929343,0]]]},"id":3},{"type":"Feature","properties":{"Name":"MIA-3a-Modif-Marina","description":"null","timestamp":"null","begin":"null","end":"null","altitudeMode":"null","tessellate":1,"extrude":0,"visibility":-1,"drawOrder":"null","icon":"null"},"geometry":{"type":"Polygon","coordinates":[[[-109.579434514549,23.601785566352,0],[-109.579433071598,23.6018020695521,0],[-109.5796085806,23.6016106976723,0],[-109.579715519328,23.6015763431225,0],[-109.579800171557,23.6015517651498,0],[-109.579881189205,23.6015536032384,0],[-109.580140707646,23.6016163426273,0],[-109.581561191877,23.602672593317,0],[-109.581702941013,23.6026535587136,0],[-109.582119582725,23.5998659468935,0],[-109.582249963622,23.5979810477531,0],[-109.582254023875,23.5979456603686,0],[-109.582252132244,23.5978961443017,0],[-109.582079118681,23.5979267195219,0],[-109.581917355357,23.597991011936,0],[-109.581774479297,23.5980859862289,0],[-109.581657235878,23.5982071585574,0],[-109.581571160373,23.5983488082291,0],[-109.581520316621,23.598504247775,0],[-109.581494499803,23.5986330778864,0],[-109.581448317942,23.5988065912444,0],[-109.581390181879,23.5989770254558,0],[-109.581320329889,23.599143681852,0],[-109.581239048278,23.5993058772482,0],[-109.58114667021,23.599462946745,0],[-109.581043574341,23.5996142464535,0],[-109.580930183267,23.5997591561357,0],[-109.580806961795,23.599897081747,0],[-109.580674415034,23.6000274578721,0],[-109.580533086326,23.6001497500427,0],[-109.580383555021,23.6002634569291,0],[-109.580226434098,23.6003681123955,0],[-109.580062367653,23.6004632874114,0],[-109.579892028262,23.6005485918102,0],[-109.579716114219,23.6006236758896,0],[-109.579535346677,23.6006882318446,0],[-109.579444387524,23.6007250217576,0],[-109.579316587223,23.6008071040358,0],[-109.579213433431,23.60091467529981,0],[-109.579140760426,23.6010416514868,0],[-109.579102678577,23.6011808510054,0],[-109.579101341854,23.6013244009089,0],[-109.579136825979,23.6014641821735,0],[-109.579207124115,23.6015922889004,0],[-109.57930826035,23.6017014754694,0],[-109.579434514549,23.601785566352,0]]]},"id":4},{"type":"Feature","properties":{"Name":"MIA-3a-Modif-Marina","description":"null","timestamp":"null","begin":"null","end":"null","altitudeMode":"null","tessellate":1,"extrude":0,"visibility":-1,"drawOrder":"null","icon":"null"},"geometry":{"type":"Polygon","coordinates":[[[-109.575652688358,23.597632612682,0],[-109.576085749196,23.5976941224654,0],[-109.576337854497,23.597715066624,0],[-109.576437016772,23.5977404960096,0],[-109.57655429115,23.59777057000811,0],[-109.57667027172,23.5977951978547,0],[-109.576816980628,23.597835196322,0],[-109.576958293458,23.5973709588155,0],[-109.576395122874,23.5972253669057,0],[-109.57635012524,23.5973632167,0],[-109.575869032926,23.5972487190631,0],[-109.575652688358,23.597632612682,0]]]},"id":5},{"type":"Feature","properties":{"Name":"MIA-3a-Modif-Marina","description":"null","timestamp":"null","begin":"null","end":"null","altitudeMode":"null","tessellate":1,"extrude":0,"visibility":-1,"drawOrder":"null","icon":"null"},"geometry":{"type":"Polygon","coordinates":[[[-109.582230928838,23.5977346687889,0],[-109.58223378734,23.5976685224662,0],[-109.582248421649,23.597587781114,0],[-109.582504739022,23.5976215429238,0],[-109.582593833239,23.5974184753392,0],[-109.584751462235,23.5977444014611,0],[-109.584062841713,23.5985659058645,0],[-109.58395090842,23.5984563333702,0],[-109.583833964388,23.5983512994303,0],[-109.583712226106,23.598250998474,0],[-109.583563985393,23.5981432023376,0],[-109.583406879826,23.5980466564447,0],[-109.583241912286,23.5979619770814,0],[-109.583070135833,23.5978897047837,0],[-109.582892646987,23.5978303008878,0],[-109.582710578724,23.5977841445861,0],[-109.582525093248,23.5977515305062,0],[-109.582378697737,23.5977329252523,0],[-109.582230928838,23.5977346687889,0]]]},"id":6},{"type":"Feature","properties":{"Name":"MIA-3a-Modif-Marina","description":"null","timestamp":"null","begin":"null","end":"null","altitudeMode":"null","tessellate":1,"extrude":0,"visibility":-1,"drawOrder":"null","icon":"null"},"geometry":{"type":"Polygon","coordinates":[[[-109.583664211544,23.6048640182114,0],[-109.583821780446,23.6050341785171,0],[-109.583979349752,23.6052043386788,0],[-109.584136919461,23.6053744986964,0],[-109.584393457319,23.6056403438458,0],[-109.584412525093,23.6056549261545,0],[-109.584434954241,23.6056646315524,0],[-109.584459308863,23.6056688387045,0],[-109.584484029786,23.60566727827071,0],[-109.584507534388,23.6056600501491,0],[-109.584528317917,23.6056476170806,0],[-109.584744355871,23.60547903172961,0],[-109.584976877918,23.6052975821593,0],[-109.584992335336,23.6052820853913,0],[-109.585003516096,23.6052637308087,0],[-109.585009822143,23.6052435001949,0],[-109.585010916171,23.6052224756813,0],[-109.585006739662,23.6052017818645,0],[-109.58499751602,23.6051825256515,0],[-109.584983738616,23.6051657370519,0],[-109.584733969799,23.6049082751269,0],[-109.584576399808,23.60473811569541,0],[-109.584418830221,23.6045679561198,0],[-109.584261261037,23.6043977964001,0],[-109.584103692257,23.6042276365364,0],[-109.58394612388,23.6040574765286,0],[-109.583788555906,23.6038873163768,0],[-109.583630988336,23.6037171560808,0],[-109.58347342117,23.6035469956409,0],[-109.583315854407,23.6033768350569,0],[-109.583160481504,23.6032051598894,0],[-109.583102340675,23.6031316799878,0],[-109.583074632581,23.6030936968214,0],[-109.583056978696,23.6030509179955,0],[-109.583008445119,23.6028751599477,0],[-109.583022084899,23.6026521700042,0],[-109.583035693031,23.6024291783397,0],[-109.583049301096,23.6022061866654,0],[-109.583062909093,23.6019831949816,0],[-109.583081442384,23.601774376553,0],[-109.582750372337,23.6017486454688,0],[-109.582771140044,23.6015239806565,0],[-109.583103146049,23.6015495002843,0],[-109.58312350886,23.6013245209469,0],[-109.583143871581,23.6010995415972,0],[-109.583164234211,23.60087456223521,0],[-109.583184596749,23.600649582861,0],[-109.583204959196,23.6004246034743,0],[-109.583221867187,23.6001925495703,0],[-109.583238220824,23.5999672925427,0],[-109.583254574383,23.5997420355044,0],[-109.583270927864,23.5995167784554,0],[-109.583281700038,23.5992829474933,0],[-109.583291919786,23.59906008181,0],[-109.583302092342,23.5988372143463,0],[-109.583312264842,23.5986143468742,0],[-109.583326429674,23.5983041363878,0],[-109.583165962743,23.5982227782152,0],[-109.582999939136,23.5981515155601,0],[-109.58288436405,23.5981090284039,0],[-109.582721284415,23.5980583509833,0],[-109.582555110437,23.5980170845543,0],[-109.582539856677,23.5983512372514,0],[-109.582529682919,23.5985741046185,0],[-109.582519509105,23.598796971977,0],[-109.582509335236,23.5990198393271,0],[-109.582499161311,23.5992427066687,0],[-109.582488914223,23.5994667791175,0],[-109.582472559394,23.5996920360201,0],[-109.582456204488,23.5999172929118,0],[-109.582439849557,23.6001425497961,0],[-109.582423775428,23.6003645569929,0],[-109.582403411668,23.6005895362151,0],[-109.582383047817,23.600814515425,0],[-109.582362683875,23.6010394946226,0],[-109.582342319842,23.6012644738078,0],[-109.582321955718,23.6014894529807,0],[-109.582653960604,23.6015149834005,0],[-109.582634059894,23.6017398035089,0],[-109.582302028219,23.6017145622968,0],[-109.582281723331,23.6019388850223,0],[-109.582268114025,23.6021618765756,0],[-109.582254504651,23.6023848681192,0],[-109.58224089521,23.6026078596533,0],[-109.582227285702,23.6028308511777,0],[-109.582258139276,23.6031796028053,0],[-109.582311993671,23.6033289133235,0],[-109.582389187594,23.6034692566368,0],[-109.582468917232,23.6035756994938,0],[-109.582562092013,23.60367242552,0],[-109.582718914239,23.603843234137,0],[-109.582875841651,23.6040138940031,0],[-109.583032769466,23.6041845537265,0],[-109.583191507259,23.6043535364299,0],[-109.58334907495,23.6045236971678,0],[-109.583506643045,23.6046938577616,0],[-109.583664211544,23.6048640182114,0]]]},"id":7},{"type":"Feature","properties":{"Name":"Poligono C11B4D","description":null,"timestamp":null,"begin":null,"end":null,"altitudeMode":null,"tessellate":1,"extrude":0,"visibility":-1,"drawOrder":null,"icon":null},"geometry":{"type":"Polygon","coordinates":[[[-109.588580782923,23.6043530710763,0],[-109.588744296992,23.6043418636019,0],[-109.588907065803,23.6043600873745,0],[-109.589062910486,23.6044070506064,0],[-109.589108646248,23.6044350471884,0],[-109.589146236581,23.6044719278079,0],[-109.589173695323,23.6045157438108,0],[-109.589189571631,23.6045641800976,0],[-109.589193026635,23.6046146774446,0],[-109.58918387777,23.604664567725,0],[-109.58916260842,23.604711214885,0],[-109.589115647632,23.6047877269915,0],[-109.589087016542,23.6048403379989,0],[-109.589064265427,23.6048958593638,0],[-109.589067007928,23.6048961510779,0],[-109.589094010192,23.6048993859318,0],[-109.589113630485,23.6048518675554,0],[-109.589141586429,23.6048004971445,0],[-109.589188223295,23.6047245102683,0],[-109.589214163803,23.6046652350414,0],[-109.589222746732,23.6046018124561,0],[-109.589213398404,23.6045384818196,0],[-109.589186743705,23.6044794762869,0],[-109.589156695879,23.604440735762,0],[-109.589119145302,23.6044080227873,0],[-109.589075485234,23.6043825511259,0],[-109.588913976987,23.6043337505487,0],[-109.58874525896,23.6043147856399,0],[-109.588575756623,23.6043263786549,0],[-109.588479519263,23.6043308536173,0],[-109.58838493712,23.6043138759707,0],[-109.588297558507,23.6042764416487,0],[-109.588222509158,23.6042207465985,0],[-109.58816419154,23.6041500579611,0],[-109.588126026601,23.604068522413,0],[-109.588110253096,23.6039809229143,0],[-109.588117796269,23.6038923981326,0],[-109.588148213586,23.6038081410033,0],[-109.588199720705,23.6037330941089,0],[-109.589017409918,23.6028480325697,0],[-109.589055441563,23.6028064206702,0],[-109.589033039445,23.6027888450215,0],[-109.588994971382,23.6028305289644,0],[-109.588994971105,23.6028305292646,0],[-109.588177149489,23.603715733965,0],[-109.588121762468,23.6037963155282,0],[-109.588089029847,23.6038868066911,0],[-109.588080872891,23.6039818961401,0],[-109.588097770418,23.6040760026577,0],[-109.58813873069,23.6041636027072,0],[-109.588201349604,23.6042395546353,0],[-109.588281951792,23.6042994004619,0],[-109.588375806344,23.6043396275447,0],[-109.588477404487,23.6043578747567,0],[-109.588580782923,23.6043530710763,0]]]}},{"type":"Feature","properties":{"Name":"MIA-3a-Modif-Marina","description":"null","timestamp":"null","begin":"null","end":"null","altitudeMode":"null","tessellate":1,"extrude":0,"visibility":-1,"drawOrder":"null","icon":"null"},"geometry":{"type":"Polygon","coordinates":[[[-109.59285002267,23.6056099592105,0],[-109.592920612249,23.6057075115451,0],[-109.592993319338,23.6058037341897,0],[-109.593073384137,23.6058951155053,0],[-109.593125643969,23.6058646951087,0],[-109.593321116225,23.6057286009723,0],[-109.593516587746,23.6055925061566,0],[-109.593712058868,23.605456411073,0],[-109.593907525743,23.6053203110264,0],[-109.594097994485,23.6051877065813,0],[-109.594165794327,23.60511612403,0],[-109.594322246258,23.6049438342722,0],[-109.594476980447,23.6047688022161,0],[-109.594919629107,23.604267752583,0],[-109.594500446738,23.6041559640904,0],[-109.59416403797,23.6038979103838,0],[-109.593514120885,23.6046283546409,0],[-109.592648085224,23.6052477603746,0],[-109.592621135109,23.6052606296277,0],[-109.592695066705,23.6053795207852,0],[-109.592771930537,23.6054968222597,0],[-109.59285002267,23.6056099592105,0]]]},"id":9},{"type":"Feature","properties":{"Name":"MIA-3a-Modif-Marina","description":"null","timestamp":"null","begin":"null","end":"null","altitudeMode":"null","tessellate":1,"extrude":0,"visibility":-1,"drawOrder":"null","icon":"null"},"geometry":{"type":"Polygon","coordinates":[[[-109.592939002719,23.6059733386456,0],[-109.592865553901,23.6058874874226,0],[-109.592798426647,23.6057988404342,0],[-109.592733053136,23.6057090873947,0],[-109.592636665697,23.6055699596415,0],[-109.59256368831,23.6054586765956,0],[-109.592493367863,23.6053459502899,0],[-109.59247187848,23.6053327323728,0],[-109.592463953057,23.6053356872538,0],[-109.592223689703,23.6053800386345,0],[-109.591983426242,23.6054243898085,0],[-109.591825780832,23.6054534895837,0],[-109.591777687713,23.6054499357277,0],[-109.591533057557,23.6054367579807,0],[-109.591288487659,23.60542288823,0],[-109.591092106098,23.6054121089397,0],[-109.589645408788,23.6049698105573,0],[-109.589409041097,23.6049383306254,0],[-109.589166282339,23.6049079199715,0],[-109.589066841244,23.6048960070161,0],[-109.588765556583,23.60486395970741,0],[-109.588462275735,23.6048655119514,0],[-109.588217335378,23.6048700063139,0],[-109.587972473653,23.6048744988465,0],[-109.587727454669,23.6048789947798,0],[-109.587482513054,23.6048834757365,0],[-109.587237563394,23.604887963538,0],[-109.586992503182,23.6048934916165,0],[-109.586772805001,23.605034908325,0],[-109.586662455459,23.6052599590606,0],[-109.586670507582,23.6056670555033,0],[-109.586915472647,23.6056637218453,0],[-109.587256425869,23.6056590671132,0],[-109.587501389655,23.6056557315644,0],[-109.587746353389,23.6056523956292,0],[-109.587991317133,23.6056490593068,0],[-109.588236280812,23.60564571794441,0],[-109.588481244499,23.6056423761946,0],[-109.588718202815,23.6056391524398,0],[-109.588968613525,23.6056695067092,0],[-109.58905605678,23.6056801063022,0],[-109.589438837252,23.6057265051364,0],[-109.589539109718,23.6057565212688,0],[-109.589773298732,23.6058266244439,0],[-109.590007488014,23.6058967272768,0],[-109.590241677562,23.6059668297677,0],[-109.590475867377,23.6060369319165,0],[-109.590710057459,23.6061070337231,0],[-109.590964498723,23.606175445168,0],[-109.591208879942,23.6061915106753,0],[-109.591453261242,23.6062075758005,0],[-109.591697642131,23.6062236405115,0],[-109.591795698478,23.6062311615402,0],[-109.591894050938,23.6062284820751,0],[-109.592028233267,23.60620805680101,0],[-109.592280788117,23.6061537919506,0],[-109.592531970102,23.6061005683351,0],[-109.59277007204,23.6060501157082,0],[-109.592848368796,23.6060260963399,0],[-109.592939002719,23.6059733386456,0]]]},"id":10},{"type":"Feature","properties":{"Name":"MIA-3a-Modif-Marina","description":"null","timestamp":"null","begin":"null","end":"null","altitudeMode":"null","tessellate":1,"extrude":0,"visibility":-1,"drawOrder":"null","icon":"null"},"geometry":{"type":"Polygon","coordinates":[[[-109.589307000352,23.6016498448403,0],[-109.589299341876,23.6016237218595,0],[-109.589298360872,23.6016180056547,0],[-109.589298719735,23.6016122278606,0],[-109.589300402089,23.6016066521382,0],[-109.589303331162,23.6016015329274,0],[-109.58930737329,23.6015971038357,0],[-109.589340771875,23.6015592969199,0],[-109.58936317375,23.6015151328027,0],[-109.589373230004,23.6014672708153,0],[-109.589370335115,23.6014185929522,0],[-109.589354663412,23.6013720303326,0],[-109.589327158574,23.601330386704,0],[-109.5892894768,23.6012961696166,0],[-109.589243887085,23.6012714394332,0],[-109.589279597306,23.6010977545935,0],[-109.589351930945,23.6009340290895,0],[-109.589458021673,23.6007867505026,0],[-109.589593665587,23.6006617546909,0],[-109.589709935423,23.6005652746956,0],[-109.589820475439,23.6004632353106,0],[-109.589924973058,23.6003559250869,0],[-109.59002313279,23.6002436474798,0],[-109.590050585679,23.6002673245448,0],[-109.590060744009,23.6002762627381,0],[-109.590070696688,23.6002852050516,0],[-109.590080439076,23.6002941513035,0],[-109.59009004237,23.6003031691056,0],[-109.590099651597,23.600312393972,0],[-109.590109239884,23.6003217957021,0],[-109.590118810528,23.6003313735845,0],[-109.590128361783,23.6003411223207,0],[-109.59013790379,23.6003510475783,0],[-109.590147435336,23.6003611431709,0],[-109.590156958257,23.6003714059673,0],[-109.590166474417,23.6003818328105,0],[-109.590175985706,23.6003924205169,0],[-109.590185494042,23.6004031658823,0],[-109.590195002211,23.6004140666497,0],[-109.590204502042,23.6004251078714,0],[-109.59021401573,23.6004363091196,0],[-109.590223538826,23.6004476577618,0],[-109.590233073694,23.6004591490129,0],[-109.590242622889,23.6004707782512,0],[-109.590252188973,23.6004825408158,0],[-109.590261774514,23.6004944319973,0],[-109.590271382056,23.6005064470123,0],[-109.5902810141,23.6005185809735,0],[-109.590290673052,23.6005308288314,0],[-109.590300361136,23.6005431852593,0],[-109.590310014055,23.6005555596128,0],[-109.590319835417,23.6005682030518,0],[-109.590329633326,23.6005808597435,0],[-109.590339448269,23.6005935744119,0],[-109.590347000972,23.6006033804793,0],[-109.59035193157,23.6006097883974,0],[-109.590356861627,23.6006162018008,0],[-109.590361791415,23.6006226207536,0],[-109.590366721203,23.6006290453196,0],[-109.590371651263,23.6006354755625,0],[-109.590376581865,23.6006419115459,0],[-109.59038151328,23.6006483533331,0],[-109.590386445779,23.6006548009875,0],[-109.590391379631,23.6006612545722,0],[-109.590396315109,23.6006677141526,0],[-109.590401252563,23.6006741798933,0],[-109.590406192043,23.6006806515278,0],[-109.590411133611,23.6006871288046,0],[-109.590416077455,23.6006936116505,0],[-109.590421023761,23.6007000999924,0],[-109.590425972716,23.6007065937568,0],[-109.590430924508,23.6007130928705,0],[-109.590435879324,23.6007195972602,0],[-109.59044083735,23.6007261068523,0],[-109.590445798775,23.6007326215734,0],[-109.590450763785,23.6007391413497,0],[-109.590455732537,23.6007456660677,0],[-109.590460705141,23.6007521955668,0],[-109.590465681888,23.6007587299608,0],[-109.590470662981,23.6007652691854,0],[-109.590475648613,23.6007718131569,0],[-109.590480638974,23.6007783617913,0],[-109.590485634258,23.6007849150049,0],[-109.590490634657,23.6007914727136,0],[-109.590495640362,23.6007980348334,0],[-109.590500651568,23.6008046012801,0],[-109.590505668465,23.6008111719697,0],[-109.590510691247,23.6008177468179,0],[-109.590515720106,23.6008243257405,0],[-109.590520755235,23.600830908653,0],[-109.590525796826,23.6008374954711,0],[-109.590530845072,23.6008440861103,0],[-109.590535900166,23.600850680486,0],[-109.590540962301,23.6008572785139,0],[-109.590546031669,23.600863880109,0],[-109.590551108464,23.6008704851868,0],[-109.590556192908,23.6008770937013,0],[-109.590563889609,23.6008870871599,0],[-109.590574101764,23.6009003173834,0],[-109.590584348591,23.6009135606138,0],[-109.590594631474,23.6009268159575,0],[-109.590604951853,23.6009400825925,0],[-109.590615311189,23.600953359726,0],[-109.590625712819,23.6009666489549,0],[-109.590636157211,23.600979948172,0],[-109.590646642297,23.6009932516739,0],[-109.590657173149,23.6010065629561,0],[-109.590667746582,23.6010198750746,0],[-109.59067836013,23.6010331821326,0],[-109.59068903318,23.601046505422,0],[-109.590699756387,23.6010598302989,0],[-109.590710530075,23.6010731542544,0],[-109.590721358884,23.6010864801411,0],[-109.590732240437,23.6010998021173,0],[-109.590743177668,23.6011131208308,0],[-109.590754168011,23.6011264302398,0],[-109.590765225852,23.601139745195,0],[-109.590776334798,23.6011530427753,0],[-109.590787512599,23.6011663408903,0],[-109.590798742621,23.6011796163538,0],[-109.590810052886,23.6011928967822,0],[-109.590821436883,23.6012061732113,0],[-109.590832860895,23.6012194053667,0],[-109.590844293383,23.6012325562024,0],[-109.590855792647,23.6012456955178,0],[-109.590867311136,23.6012587726992,0],[-109.590874049172,23.6012663756989,0],[-109.590976806419,23.6014110192782,0],[-109.591085165562,23.6015521484365,0],[-109.591198985226,23.6016895790195,0],[-109.591318116909,23.6018231316986,0],[-109.591442405175,23.6019526322044,0],[-109.591571687861,23.60207791155481,0],[-109.591705796282,23.6021988062751,0],[-109.591844555458,23.6023151586114,0],[-109.591987784334,23.6024268167368,0],[-109.592135296027,23.6025336349491,0],[-109.592286898059,23.6026354738616,0],[-109.592442392615,23.6027322005843,0],[-109.5926015768,23.602823688898,0],[-109.592764242902,23.6029098194186,0],[-109.593638248386,23.6033534409123,0],[-109.593780774359,23.6034431663914,0],[-109.593902132397,23.6035562780794,0],[-109.593997873985,23.603688629802,0],[-109.594064489564,23.6038353701151,0],[-109.594121633125,23.6039455693017,0],[-109.593514120508,23.6046283546733,0],[-109.592648084847,23.605247760407,0],[-109.592629771471,23.6052565054347,0],[-109.592533340952,23.6051146208041,0],[-109.592425467337,23.6049799139283,0],[-109.592306776926,23.6048531668574,0],[-109.592177958817,23.60473511542761,0],[-109.592039760894,23.60462644499,0],[-109.591892985492,23.6045277864321,0],[-109.591738484736,23.6044397125157,0],[-109.591577155596,23.6043627345517,0],[-109.591409934676,23.6042972994328,0],[-109.591230658278,23.6042259859959,0],[-109.591059481493,23.604139406291,0],[-109.590897930945,23.604038332484,0],[-109.5907474474,23.6039236660046,0],[-109.59060937291,23.603796429506,0],[-109.590484938849,23.6036577577431,0],[-109.590375254925,23.6035088874515,0],[-109.590281299292,23.603351146317,0],[-109.590203909822,23.603185941134,0],[-109.590143776633,23.6030147452579,0],[-109.590101435944,23.6028390854655,0],[-109.590077265288,23.6026605283374,0],[-109.590071480148,23.6024806662872,0],[-109.590055880033,23.6023750960088,0],[-109.590014920156,23.6022754616559,0],[-109.589950698348,23.602186866036,0],[-109.589866503787,23.6021138465936,0],[-109.589465720976,23.6018574036158,0],[-109.589395621619,23.6018003348129,0],[-109.589341741319,23.6017298755939,0],[-109.589307000352,23.6016498448403,0]]]},"id":11},{"type":"Feature","properties":{"Name":"Poligono C08F25","description":null,"timestamp":null,"begin":null,"end":null,"altitudeMode":null,"tessellate":1,"extrude":0,"visibility":-1,"drawOrder":null,"icon":null},"geometry":{"type":"Polygon","coordinates":[[[-109.589032872762,23.6027887009609,0],[-109.588760617868,23.6025750985951,0],[-109.588912547753,23.6024106493193,0],[-109.589185060247,23.6026244535721,0],[-109.589032872762,23.6027887009609,0]]]}},{"type":"Feature","properties":{"Name":"MIA-3a-Modif-Marina","description":"null","timestamp":"null","begin":"null","end":"null","altitudeMode":"null","tessellate":1,"extrude":0,"visibility":-1,"drawOrder":"null","icon":"null"},"geometry":{"type":"Polygon","coordinates":[[[-109.589093986464,23.604899369056,0],[-109.589645411846,23.6049698109647,0],[-109.591092106098,23.6054121089397,0],[-109.591336739457,23.60542553697,0],[-109.591825780475,23.6054534898013,0],[-109.592065998821,23.6054091473734,0],[-109.592306217025,23.6053648045659,0],[-109.592463953057,23.6053356872538,0],[-109.59247187848,23.6053327323728,0],[-109.592377345445,23.6051947161101,0],[-109.592263191368,23.6050548953418,0],[-109.592136332339,23.6049247048588,0],[-109.591997720652,23.6048051219262,0],[-109.591848396817,23.60469704418111,0],[-109.591689481742,23.6046012828957,0],[-109.591522168324,23.6045185568879,0],[-109.591347712493,23.6044494871264,0],[-109.591180275228,23.6043792154596,0],[-109.591018899135,23.6042977874717,0],[-109.590864458081,23.6042056441124,0],[-109.590717788378,23.6041032843563,0],[-109.590579684246,23.6039912624998,0],[-109.590450893516,23.6038701851596,0],[-109.59033211358,23.6037407079874,0],[-109.589225184002,23.6044508180528,0],[-109.58918335199,23.6044743275008,0],[-109.58918335199,23.6044743275008,0],[-109.5892076253,23.6045216474601,0],[-109.589220543841,23.6045726160491,0],[-109.589221528522,23.6046249485847,0],[-109.589210535189,23.6046762992421,0],[-109.58918805661,23.6047243662067,0],[-109.589141419744,23.6048003530827,0],[-109.589113463801,23.6048517234937,0],[-109.589093986464,23.604899369056,0],[-109.589093986464,23.604899369056,0]]]},"id":13},{"type":"Feature","properties":{"Name":"MIA-3a-Modif-Marina","description":"null","timestamp":"null","begin":"null","end":"null","altitudeMode":"null","tessellate":1,"extrude":0,"visibility":-1,"drawOrder":"null","icon":"null"},"geometry":{"type":"Polygon","coordinates":[[[-109.588199554022,23.6037329500475,0],[-109.588148045817,23.6038079990542,0],[-109.58811762858,23.6038922586531,0],[-109.588110086741,23.6039807858587,0],[-109.588125862779,23.6040683873218,0],[-109.588164031254,23.604149923991,0],[-109.588222353086,23.6042206125908,0],[-109.588297406901,23.60427630623,0],[-109.588384789739,23.6043137376797,0],[-109.588479375351,23.6043307110463,0],[-109.588575614932,23.6043262305955,0],[-109.588745394138,23.604314643348,0],[-109.588914373416,23.6043337322329,0],[-109.589076088328,23.6043827669949,0],[-109.589117768043,23.6044070164852,0],[-109.589153929544,23.6044378840246,0],[-109.589183351989,23.6044743275021,0],[-109.589225184001,23.6044508180541,0],[-109.590332076389,23.6037407318465,0],[-109.590236994567,23.6036044759808,0],[-109.590152745853,23.6034622951047,0],[-109.590079762849,23.6033149193542,0],[-109.590018420301,23.6031631055398,0],[-109.589969033175,23.6030076332595,0],[-109.589931855041,23.6028493008957,0],[-109.589907076771,23.6026889215149,0],[-109.58989482556,23.6025273186921,0],[-109.589895199969,23.6024737617998,0],[-109.589882798271,23.6024054687253,0],[-109.589853963973,23.6023415273507,0],[-109.589810190081,23.6022852484331,0],[-109.589753743134,23.60223954597871,0],[-109.589753743097,23.6022395459549,0],[-109.589810190925,23.6022852492926,0],[-109.589853965219,23.6023415294136,0],[-109.589882799339,23.602405472149,0],[-109.589895200237,23.602473766557,0],[-109.589895200271,23.6024737617607,0],[-109.589882769316,23.6024053749251,0],[-109.589853861244,23.6023413568493,0],[-109.589809977073,23.6022850315482,0],[-109.58975339542,23.6022393236002,0],[-109.589365154855,23.6019909444344,0],[-109.589325769725,23.6019633741604,0],[-109.589222457895,23.6020752002141,0],[-109.588912547752,23.6024106493205,0],[-109.589185060246,23.6026244535734,0],[-109.589032872761,23.6027887009622,0],[-109.589055375538,23.6028061664758,0],[-109.588199554022,23.6037329500475,0]]]},"id":14},{"type":"Feature","properties":{"Name":"MIA-3a-Modif-Marina","description":"null","timestamp":"null","begin":"null","end":"null","altitudeMode":"null","tessellate":1,"extrude":0,"visibility":-1,"drawOrder":"null","icon":"null"},"geometry":{"type":"Polygon","coordinates":[[[-109.586418959047,23.5996223503932,0],[-109.586322151042,23.5996482779674,0],[-109.58622026659,23.5996769088735,0],[-109.586150805176,23.5996928216173,0],[-109.586128027012,23.599697372477,0],[-109.586070469305,23.5997088719403,0],[-109.585983384397,23.599722814887,0],[-109.585872795924,23.5997375960731,0],[-109.58579564446,23.5997425378063,0],[-109.58572178332,23.5997471388479,0],[-109.58570814235,23.5997475081689,0],[-109.585673995859,23.599748432659,0],[-109.585629175849,23.5997673347613,0],[-109.585603041111,23.599794647839,0],[-109.585592082609,23.5998204896145,0],[-109.58558858427,23.5998431401858,0],[-109.585590826214,23.59983681953271,0],[-109.585594611989,23.5998311584654,0],[-109.585599731056,23.5998264718142,0],[-109.585605898727,23.599823020219,0],[-109.585612771996,23.5998209956342,0],[-109.58561996862,23.5998205106535,0],[-109.585805030797,23.5998097388864,0],[-109.585984733649,23.5997675935825,0],[-109.585988537177,23.5997661962497,0],[-109.586029421422,23.5997557332039,0],[-109.586071791149,23.5997536246805,0],[-109.586113660306,23.5997599695156,0],[-109.586153066302,23.5997744702994,0],[-109.586188162007,23.5997964473175,0],[-109.58665674538,23.6001640999774,0],[-109.586734288508,23.6000840075583,0],[-109.586786342769,23.6001065351081,0],[-109.586842661597,23.6001172588197,0],[-109.586900141451,23.600115587745,0],[-109.586955614812,23.6001016139707,0],[-109.58700602473,23.6000761075433,0],[-109.58704859329,23.6000404740346,0],[-109.587080974692,23.5999966770842,0],[-109.587101384519,23.5999471301892,0],[-109.587108698073,23.59989456370331,0],[-109.587103040817,23.5998440473066,0],[-109.587085273964,23.5997959743431,0],[-109.587056296567,23.599752777401,0],[-109.587192842699,23.5996413990555,0],[-109.587346306031,23.5995506326923,0],[-109.587513056906,23.5994826250709,0],[-109.587689151418,23.5994389846716,0],[-109.587854558311,23.5994145579217,0],[-109.587879637953,23.5994081607409,0],[-109.587902342205,23.5993964424049,0],[-109.587921364056,23.5993800775017,0],[-109.587935608478,23.5993600081076,0],[-109.587944255466,23.5993373895545,0],[-109.587946807245,23.5993135239204,0],[-109.587943116918,23.5992897850737,0],[-109.587933396931,23.5992675395828,0],[-109.587918206834,23.5992480680482,0],[-109.587898421072,23.5992324913819,0],[-109.587875178649,23.5992217062809,0],[-109.58769359365,23.59919599027671,0],[-109.587509887786,23.5991941594772,0],[-109.587327741809,23.5992162505598,0],[-109.587150805218,23.5992618209001,0],[-109.587045342619,23.5993033386631,0],[-109.586946073288,23.5993562589709,0],[-109.586835595799,23.5994251666623,0],[-109.586722286058,23.5994900511779,0],[-109.586576318905,23.5995672922202,0],[-109.586418959047,23.5996223503932,0]]]},"id":15},{"type":"Feature","properties":{"Name":"MIA-3a-Modif-Marina","description":"null","timestamp":"null","begin":"null","end":"null","altitudeMode":"null","tessellate":1,"extrude":0,"visibility":-1,"drawOrder":"null","icon":"null"},"geometry":{"type":"Polygon","coordinates":[[[-109.584139110034,23.5990298467712,0],[-109.584263406142,23.59916598630271,0],[-109.584361350812,23.5992693559507,0],[-109.584461073881,23.5993712713838,0],[-109.584562549932,23.5994717066222,0],[-109.584548707272,23.5997008123807,0],[-109.584548707272,23.5997008123807,0],[-109.584535904797,23.5999127013073,0],[-109.584523102262,23.6001245902252,0],[-109.584523102262,23.6001245902252,0],[-109.584510299666,23.6003364791346,0],[-109.58449749701,23.6005483680352,0],[-109.58449749701,23.6005483680352,0],[-109.584484694294,23.6007602569273,0],[-109.584471891517,23.6009721458107,0],[-109.58445908868,23.6011840346855,0],[-109.584446285782,23.6013959235516,0],[-109.584433482824,23.6016078124092,0],[-109.584420679806,23.60181970125801,0],[-109.584407876728,23.6020315900983,0],[-109.584407876728,23.6020315900983,0],[-109.584391413665,23.6023020799083,0],[-109.584375089652,23.6025725774103,0],[-109.584524953338,23.6027481570893,0],[-109.584684353821,23.602919504233,0],[-109.584876135445,23.6031248321239,0],[-109.585087058609,23.6033609814861,0],[-109.585100753538,23.6033807782602,0],[-109.585108511185,23.6034031406368,0],[-109.585109817571,23.6034265870188,0],[-109.585104586139,23.6034495639882,0],[-109.58509316349,23.6034705492271,0],[-109.585076306419,23.6034881523771,0],[-109.584857547791,23.603659951382,0],[-109.584857547791,23.603659951382,0],[-109.584630075891,23.6038385924017,0],[-109.584611909311,23.6038498816592,0],[-109.584591467881,23.6038571524332,0],[-109.584569781571,23.6038600383754,0],[-109.584547943076,23.60385839407361,0],[-109.584527052762,23.6038523023784,0],[-109.584508163215,23.6038420702288,0],[-109.584492226212,23.6038282131861,0],[-109.584284465122,23.6035940200368,0],[-109.584284465122,23.6035940200368,0],[-109.58409268382,23.6033886914382,0],[-109.583933306172,23.6032173258087,0],[-109.583933306172,23.6032173258087,0],[-109.583773910604,23.6030459747364,0],[-109.583698703381,23.6029335651739,0],[-109.583642868589,23.6028119439653,0],[-109.583642868589,23.6028119439653,0],[-109.583605679632,23.6026727758414,0],[-109.583593845717,23.6025298656499,0],[-109.583593845717,23.6025298656499,0],[-109.58360726554,23.6023072828995,0],[-109.583620726354,23.6020847024137,0],[-109.583634166573,23.6018621207812,0],[-109.58364761699,23.6016395397078,0],[-109.58366106734,23.6014169586248,0],[-109.583674548086,23.60119424032411,0],[-109.583688028766,23.600971522014,0],[-109.583701509379,23.6007488036941,0],[-109.583714989925,23.60052608536491,0],[-109.583728470405,23.6003033670261,0],[-109.583741950817,23.6000806486777,0],[-109.583755431163,23.5998579303197,0],[-109.583768911442,23.5996352119523,0],[-109.583782391654,23.5994124935752,0],[-109.583795871799,23.5991897751885,0],[-109.583825759558,23.5986959669436,0],[-109.58383577149,23.5986956839594,0],[-109.583845608926,23.598697422242,0],[-109.58385479721,23.5987010979192,0],[-109.583862893007,23.5987065336393,0],[-109.583869505692,23.5987134671285,0],[-109.583957584583,23.5988202149087,0],[-109.584047459988,23.5989256833475,0],[-109.584139110034,23.5990298467712,0]]]},"id":16},{"type":"Feature","properties":{"Name":"MIA-3a-Modif-Marina","description":"null","timestamp":"null","begin":"null","end":"null","altitudeMode":"null","tessellate":1,"extrude":0,"visibility":-1,"drawOrder":"null","icon":"null"},"geometry":{"type":"Polygon","coordinates":[[[-109.588803540394,23.5995366731749,0],[-109.588919158086,23.5996574369767,0],[-109.58902655384,23.5997844846697,0],[-109.589125326401,23.5999173416058,0],[-109.589215106728,23.6000555114316,0],[-109.58929555937,23.6001984779433,0],[-109.589386449395,23.6003500931584,0],[-109.589495451742,23.6004912047478,0],[-109.589498968004,23.6004963336409,0],[-109.589501157603,23.6005020550152,0],[-109.589501910735,23.6005080819547,0],[-109.589501189632,23.60051411222,0],[-109.589499030455,23.6005198434049,0],[-109.589495541483,23.6005249881013,0],[-109.589490897681,23.6005292883126,0],[-109.589356860802,23.6006458772976,0],[-109.589244962691,23.6007808472477,0],[-109.589158128231,23.6009306702936,0],[-109.589098627206,23.6010914303222,0],[-109.589068014976,23.6012589253332,0],[-109.589066538616,23.6012653751122,0],[-109.58906341567,23.60127130539521,0],[-109.58905883102,23.6012763650977,0],[-109.589053056088,23.6012802546753,0],[-109.589011393263,23.6013081876219,0],[-109.588978112369,23.6013444328493,0],[-109.588955114277,23.6013869201838,0],[-109.588943712551,23.6014332229273,0],[-109.588944558422,23.601480696459,0],[-109.588957603592,23.6015266292847,0],[-109.588982102984,23.6015683979064,0],[-109.589016657302,23.6016036166663,0],[-109.589059292944,23.6016302740066,0],[-109.589107574734,23.6016468473631,0],[-109.589113487236,23.6016487980649,0],[-109.58911881523,23.6016518615288,0],[-109.589123315582,23.601655897958,0],[-109.589126782923,23.6016607231554,0],[-109.589129059026,23.6016661169298,0],[-109.589136717461,23.6016922398882,0],[-109.589179058594,23.6017939587083,0],[-109.589242966711,23.6018856142346,0],[-109.589325769726,23.6019633741591,0],[-109.588912547753,23.6024106493193,0],[-109.588760617704,23.6025750987058,0],[-109.589032872762,23.602788700961,0],[-109.588994804423,23.6028303852028,0],[-109.588722711613,23.6026161270449,0],[-109.587542377832,23.6038937028442,0],[-109.5871638935,23.6035967519941,0],[-109.587215176443,23.6035412450381,0],[-109.587559464944,23.6031685968645,0],[-109.587052294241,23.6027706789931,0],[-109.587061266774,23.6027552198657,0],[-109.587014339456,23.6027184012574,0],[-109.58700536692,23.602733860382,0],[-109.586763114864,23.6025437917957,0],[-109.58675232689,23.6025376741562,0],[-109.586738774865,23.6025331613184,0],[-109.586724509946,23.6025312837521,0],[-109.586710128861,23.6025321199994,0],[-109.586696233196,23.6025356350783,0],[-109.586683404232,23.6025416819469,0],[-109.58667260662,23.602549690224,0],[-109.585942811594,23.6033395904759,0],[-109.585188177623,23.6027477441267,0],[-109.585700523524,23.6021932052062,0],[-109.585862167237,23.6023200313101,0],[-109.58691329524,23.6011823205568,0],[-109.586948049446,23.6011659261162,0],[-109.586976062456,23.6011543108363,0],[-109.587005866656,23.6011433066729,0],[-109.587026458334,23.6011367918471,0],[-109.587066386936,23.6011262539905,0],[-109.587094752276,23.6011206513032,0],[-109.587120709735,23.601116575956,0],[-109.587149337668,23.6011129891224,0],[-109.587171354615,23.6011106583014,0],[-109.587196886607,23.6011075148741,0],[-109.587213346613,23.6011045821165,0],[-109.587231416477,23.6011001424077,0],[-109.587243427606,23.6010940023398,0],[-109.587251398666,23.601086049907,0],[-109.587256087498,23.6010752880823,0],[-109.587262214346,23.6010482385422,0],[-109.587268271958,23.601035348745,0],[-109.587276456327,23.6010248248224,0],[-109.587283740789,23.6010156279892,0],[-109.587288725649,23.6010078279318,0],[-109.587290827184,23.6009520006611,0],[-109.587279676804,23.6009198697654,0],[-109.587261187187,23.6008907552502,0],[-109.587236249402,23.6008660602216,0],[-109.58720414858,23.6008454293869,0],[-109.58716816688,23.6008312433136,0],[-109.58710663434,23.6008056800666,0],[-109.58705359506,23.6007672110538,0],[-109.587017093817,23.6007268538293,0],[-109.58698877917,23.6006812541455,0],[-109.58692901499,23.60052997846771,0],[-109.586918290378,23.6005074131247,0],[-109.586902294907,23.6004876751203,0],[-109.58688186114,23.6004717918115,0],[-109.586858052647,23.6004605899193,0],[-109.586832108656,23.6004546524985,0],[-109.586784551963,23.6004452766488,0],[-109.586740857311,23.6004255993933,0],[-109.586703608746,23.6003967844215,0],[-109.586645461931,23.6003397465557,0],[-109.586554873733,23.6002686709948,0],[-109.586733730512,23.6000839343727,0],[-109.586785784773,23.6001064619226,0],[-109.586842103601,23.6001171856344,0],[-109.586899583455,23.60011551456,0],[-109.586955056816,23.6001015407858,0],[-109.587005466734,23.6000760343586,0],[-109.587048035294,23.6000404008501,0],[-109.587080416696,23.5999966038998,0],[-109.587100826524,23.5999470570049,0],[-109.587108140078,23.5998944905191,0],[-109.587102482822,23.5998439741223,0],[-109.58708471597,23.5997959011588,0],[-109.587055738573,23.5997527042166,0],[-109.587192284705,23.5996413258716,0],[-109.587345748037,23.599550559509,0],[-109.587512498913,23.59948255188822,0],[-109.587688593424,23.5994389114896,0],[-109.587860616869,23.5994135525691,0],[-109.58788667821,23.5994052171185,0],[-109.58790961465,23.5993910922252,0],[-109.587927942355,23.5993720916741,0],[-109.587940475651,23.5993494446721,0],[-109.58794640372,23.599324616326,0],[-109.587945343062,23.59929921286,0],[-109.588030279708,23.5992992948616,0],[-109.588218662496,23.599307461541,0],[-109.588381248591,23.5993210865504,0],[-109.588537296352,23.599365301332,0],[-109.588680104529,23.5994382071516,0],[-109.588803540394,23.5995366731749,0]]]},"id":17},{"type":"Feature","properties":{"Name":"MIA-3a-Modif-Marina","description":"null","timestamp":"null","begin":"null","end":"null","altitudeMode":"null","tessellate":1,"extrude":0,"visibility":-1,"drawOrder":"null","icon":"null"},"geometry":{"type":"LineString","coordinates":[[-109.584439035945,23.6082454625757,0],[-109.584660627045,23.6078464099814,0],[-109.584722557191,23.6077013089391,0],[-109.584772110658,23.6075522251894,0],[-109.584805090534,23.6074191941545,0],[-109.584828211282,23.6072844094149,0],[-109.584721940742,23.6071368333387,0],[-109.584614494238,23.6069899821839,0],[-109.584505877598,23.6068438639086,0],[-109.584396096712,23.6066984864308,0],[-109.584285157533,23.6065538576285,0],[-109.584173066077,23.6064099853391,0],[-109.584059828421,23.60626687735901,0],[-109.583945450707,23.6061245414431,0],[-109.583829939135,23.6059829853045,0],[-109.583713299969,23.6058422166139,0],[-109.583595539534,23.6057022429994,0],[-109.583476664214,23.605563072046,0],[-109.583356680455,23.6054247112951,0],[-109.583235594762,23.6052871682443,0],[-109.5831134137,23.6051504503466,0],[-109.582990143894,23.6050145650106,0],[-109.582865792027,23.6048795195995,0],[-109.58274036484,23.6047453214311,0],[-109.582613869134,23.6046119777772,0],[-109.582486311767,23.6044794958632,0],[-109.582357699653,23.6043478828681,0],[-109.582228039766,23.6042171459233,0],[-109.582097339134,23.6040872921132,0],[-109.581965604843,23.6039583284739,0],[-109.581832844034,23.6038302619936,0],[-109.581699063905,23.6037030996115,0],[-109.581564271707,23.6035768482181,0],[-109.581428474747,23.6034515146544,0],[-109.581291680387,23.6033271057116,0],[-109.581153896042,23.6032036281308,0],[-109.581015129181,23.6030810886026,0],[-109.580875387325,23.6029594937669,0],[-109.580734678051,23.6028388502122,0],[-109.580593008984,23.6027191644754,0],[-109.580450387804,23.6026004430417,0],[-109.580063680544,23.6022871159681,0],[-109.579861837629,23.6021284729146,0],[-109.579673251265,23.6019831631838,0],[-109.579433071598,23.6018020695521,0],[-109.579607780027,23.6016111949179,0],[-109.579715519328,23.6015763431225,0],[-109.579800171557,23.6015517651498,0],[-109.579881189205,23.6015536032384,0],[-109.580140707646,23.6016163426273,0],[-109.581561191877,23.602672593317,0],[-109.581702941013,23.6026535587136,0],[-109.582119582725,23.5998659468935,0],[-109.582249963622,23.5979810477531,0],[-109.582254023875,23.5979456603686,0],[-109.582252038486,23.5978950747096,0],[-109.582253832717,23.5978416808044,0],[-109.582378568679,23.5978415197821,0],[-109.582502046321,23.5978578073892,0],[-109.582686915342,23.5978902567803,0],[-109.582868190631,23.5979368452706,0],[-109.582874990412,23.5979398119229,0],[-109.582880750446,23.5979442719442,0],[-109.582885093481,23.5979499332258,0],[-109.582887735068,23.5979564249829,0],[-109.582888502197,23.5979633220382,0],[-109.58288436405,23.5981090284039,0],[-109.582721284415,23.5980583509833,0],[-109.582555110437,23.5980170845543,0],[-109.582499161356,23.5992427056634,0],[-109.582488889993,23.5994671128429,0],[-109.58245620493,23.5999172868187,0],[-109.582439925499,23.6001425544679,0],[-109.582439849557,23.6001425497961,0],[-109.582423755151,23.6003647810133,0],[-109.582321955718,23.6014894529807,0],[-109.582653960604,23.6015149834007,0],[-109.582634059894,23.6017398035089,0],[-109.582302028219,23.6017145622968,0],[-109.582277900665,23.6019948088367,0],[-109.582227285702,23.6028308511777,0],[-109.582257886746,23.6031773936019,0],[-109.582305670488,23.6033143627603,0],[-109.582373198865,23.6034440820035,0],[-109.582459235899,23.6035641613495,0],[-109.582562092013,23.6036724255202,0],[-109.582718899821,23.6038432184567,0],[-109.582840677246,23.60397178806061,0],[-109.583032769466,23.6041845537265,0],[-109.583236198931,23.6043968052587,0],[-109.584136919461,23.6053744986964,0],[-109.584393457319,23.6056403438457,0],[-109.584412524656,23.60565492589871,0],[-109.584434953256,23.60566463125941,0],[-109.584459307313,23.6056688386209,0],[-109.584484027755,23.6056672786408,0],[-109.584507532057,23.6056600511841,0],[-109.584528315547,23.60564761892981,0],[-109.584528316259,23.6056476183747,0],[-109.584975529613,23.605298634317,0],[-109.584993003402,23.6052812221083,0],[-109.58500500375,23.6052602416576,0],[-109.585010716243,23.6052371168283,0],[-109.585009753199,23.6052134170141,0],[-109.585002179979,23.6051907506299,0],[-109.584988510552,23.6051706559549,0],[-109.58473373345,23.6049080198941,0],[-109.583315937122,23.6033769243841,0],[-109.583160009886,23.6032055223598,0],[-109.583102337126,23.6031316761527,0],[-109.583074615583,23.6030937020915,0],[-109.583056978696,23.6030509179955,0],[-109.583008445119,23.602875159948,0],[-109.583022084899,23.6026521700042,0],[-109.583022084899,23.6026521700042,0],[-109.583062939566,23.6019828516364,0],[-109.583081442384,23.6017743765529,0],[-109.582750372337,23.6017486454688,0],[-109.582771140044,23.6015239806565,0],[-109.583102029424,23.60154941445611,0],[-109.583204943274,23.6004248220065,0],[-109.583221867661,23.6001925430708,0],[-109.583221867661,23.6001925430708,0],[-109.583270951783,23.59951644899621,0],[-109.583281734889,23.5992829488554,0],[-109.583281734889,23.5992829488554,0],[-109.583291920027,23.5990600765348,0],[-109.583291920027,23.5990600765348,0],[-109.583312264853,23.5986143466428,0],[-109.583326429674,23.5983041363878,0],[-109.583179981005,23.5982293780577,0],[-109.583028836668,23.5981630304133,0],[-109.582999315548,23.5981512863198,0],[-109.583006811425,23.5980220465177,0],[-109.583007995425,23.5980156493384,0],[-109.583010796322,23.5980096951918,0],[-109.583015053396,23.5980045257359,0],[-109.583020522369,23.5980004376021,0],[-109.583026889424,23.5979976653737,0],[-109.583033789209,23.5979963681255,0],[-109.583040825803,23.5979966202955,0],[-109.583047595438,23.5979984074138,0],[-109.583204869703,23.5980662325024,0],[-109.58335599284,23.5981450445593,0],[-109.583500062803,23.5982343731686,0],[-109.583636219644,23.5983336851417,0],[-109.583762329412,23.5984397687606,0],[-109.583883542294,23.5985505943924,0],[-109.583999648497,23.5986659702349,0],[-109.584110447064,23.5987856966106,0],[-109.584132191911,23.5988159747942,0],[-109.584146925665,23.5988496493079,0],[-109.584154052847,23.598885359178,0],[-109.584153285401,23.5989216611694,0],[-109.584139110034,23.5990298467712,0],[-109.58404754406,23.5989257804357,0],[-109.583957749421,23.5988204114779,0],[-109.583869747931,23.5987137654998,0],[-109.583863137198,23.598706731493,0],[-109.583855010188,23.5987012088979,0],[-109.583845764555,23.5986974679335,0],[-109.583835852683,23.5986956916443,0],[-109.583825759558,23.5986959669436,0],[-109.58366106734,23.6014169586248,0],[-109.583634166573,23.6018621207812,0],[-109.583634166504,23.601862121931,0],[-109.583620726285,23.6020847035635,0],[-109.583607265262,23.6023072874987,0],[-109.583593845717,23.6025298656499,0],[-109.583604795679,23.6026672105623,0],[-109.583639056372,23.6028012577239,0],[-109.583695774608,23.6029286687115,0],[-109.583773537888,23.6030462703653,0],[-109.583933305223,23.6032173247882,0],[-109.584092663614,23.6033886698051,0],[-109.584284465122,23.6035940200368,0],[-109.584492226212,23.6038282131861,0],[-109.584508163215,23.6038420702288,0],[-109.584527052762,23.6038523023784,0],[-109.584547943076,23.60385839407361,0],[-109.584569781571,23.6038600383754,0],[-109.584591467881,23.6038571524332,0],[-109.584611909311,23.6038498816592,0],[-109.584630075891,23.6038385924017,0],[-109.585076306419,23.6034881523771,0],[-109.585093173588,23.603470535257,0],[-109.585104598036,23.6034495322439,0],[-109.585109821802,23.6034265368008,0],[-109.585108498313,23.603403074579,0],[-109.585100715381,23.6033807021983,0],[-109.585086989374,23.6033609039712,0],[-109.584875929625,23.6031246016877,0],[-109.584684372861,23.602919524618,0],[-109.584524569686,23.6027477076053,0],[-109.584375089652,23.6025725774103,0],[-109.584391414055,23.6023020734954,0],[-109.584407876728,23.6020315900983,0],[-109.584562549932,23.5994717066222,0],[-109.584461234668,23.5993714330863,0],[-109.584361666746,23.5992696840419,0],[-109.584263871462,23.5991664853437,0],[-109.584263871462,23.5991664853437,0],[-109.584281586251,23.5991492729272,0],[-109.584303215501,23.5991364093522,0],[-109.584327532213,23.5991286243536,0],[-109.584353156927,23.5991263595649,0],[-109.584378635987,23.5991297434649,0],[-109.584697976628,23.59945089724861,0],[-109.584834046755,23.5995548225683,0],[-109.584985441695,23.5996388417496,0],[-109.58514876136,23.5997010678377,0],[-109.58532033783,23.5997401033165,0],[-109.585496317734,23.5997550714975,0],[-109.585500945918,23.5997559402391,0],[-109.585505214162,23.5997578041552,0],[-109.58550887456,23.599760554987,0],[-109.585511714512,23.5997640329625,0],[-109.585513569069,23.5997680360764,0],[-109.585514330517,23.5997723318224,0],[-109.585513954628,23.5997766706978,0],[-109.585482074461,23.5999212599231,0],[-109.585482074461,23.5999212599231,0],[-109.585482074461,23.5999212599231,0],[-109.585459408701,23.5999201393075,0],[-109.585079112101,23.5998460572469,0],[-109.585069924844,23.5998454913016,0],[-109.585060750046,23.5998462086477,0],[-109.585047915111,23.6000734392733,0],[-109.58503529197,23.6003019278976,0],[-109.585022788793,23.6005304120127,0],[-109.585005611747,23.6008385339285,0],[-109.584940255463,23.6018169474359,0],[-109.584939291833,23.6018355741982,0],[-109.584942951822,23.6018539145636,0],[-109.584951043491,23.6018710067134,0],[-109.584963142492,23.6018859542883,0],[-109.584978614322,23.6018979733961,0],[-109.584996647595,23.6019064337212,0],[-109.585254905126,23.6019688073929,0],[-109.585272244116,23.6019678237098,0],[-109.58528884107,23.6019630958564,0],[-109.585303757831,23.6019548910785,0],[-109.585316151215,23.6019436731581,0],[-109.585325320679,23.6019300761973,0],[-109.586017696395,23.5998710304912,0],[-109.586010289885,23.5998688145375,0],[-109.586002543468,23.5998680822136,0],[-109.585994803009,23.5998688662167,0],[-109.585987414107,23.5998711315423,0],[-109.585919581702,23.5998984625059,0],[-109.585577745044,23.5999259899261,0],[-109.585575238349,23.5999258644393,0],[-109.585588026276,23.5998430669961,0],[-109.585590205268,23.5998368722893,0],[-109.585593868164,23.5998313034137,0],[-109.585598819608,23.5998266573772,0],[-109.585604795524,23.5998231819696,0],[-109.585611477192,23.5998210625467,0],[-109.585618508258,23.5998204121449,0],[-109.585804026886,23.5998097302923,0],[-109.585984175656,23.5997675203942,0],[-109.585987979184,23.5997661230615,0],[-109.586028863428,23.5997556600158,0],[-109.586071233155,23.5997535514926,0],[-109.586113102312,23.5997598963278,0],[-109.586152508309,23.5997743971118,0],[-109.586187604013,23.59979637413,0],[-109.586656187384,23.6001640267915,0],[-109.586554873733,23.6002686709948,0],[-109.586645461931,23.6003397465557,0],[-109.586703608746,23.6003967844215,0],[-109.586739201448,23.6004245965943,0],[-109.586780819431,23.6004440499843,0],[-109.586826196558,23.6004540853352,0],[-109.586854860544,23.6004595385094,0],[-109.586881163738,23.6004713681549,0],[-109.586903464943,23.600488836157,0],[-109.586920372663,23.6005108525931,0],[-109.586930831933,23.60053604373901,0],[-109.58698877917,23.6006812541455,0],[-109.587017093817,23.6007268538293,0],[-109.58705359506,23.6007672110538,0],[-109.58710663434,23.6008056800666,0],[-109.58716816688,23.6008312433136,0],[-109.58720414858,23.6008454293869,0],[-109.587236249402,23.6008660602217,0],[-109.587261187187,23.6008907552502,0],[-109.587279676804,23.6009198697654,0],[-109.587290827184,23.6009520006611,0],[-109.587289323262,23.6010008955309,0],[-109.587288764347,23.6010060382902,0],[-109.587287395097,23.6010099099126,0],[-109.587283740789,23.6010156279892,0],[-109.587276456327,23.6010248248224,0],[-109.587271904714,23.6010306775429,0],[-109.587268815668,23.6010352301075,0],[-109.587266281526,23.6010395841213,0],[-109.587263566363,23.6010453616279,0],[-109.587261158842,23.6010528985056,0],[-109.587258489784,23.6010646821845,0],[-109.587256630995,23.6010727786038,0],[-109.587255257055,23.6010771941184,0],[-109.587252533898,23.6010834443187,0],[-109.587248871278,23.6010885713897,0],[-109.587245551342,23.6010918835672,0],[-109.58724263604,23.6010941276529,0],[-109.587239752512,23.6010958810414,0],[-109.587236698607,23.6010974421926,0],[-109.587234132571,23.6010985628469,0],[-109.587230515174,23.6010999397994,0],[-109.587225319923,23.6011016403122,0],[-109.587213346613,23.6011045821165,0],[-109.587196886607,23.6011075148741,0],[-109.587171354615,23.6011106583014,0],[-109.587149337668,23.6011129891224,0],[-109.587120709735,23.601116575956,0],[-109.587094752276,23.6011206513032,0],[-109.587066386936,23.6011262539905,0],[-109.587026458334,23.6011367918471,0],[-109.587005866656,23.6011433066729,0],[-109.586976062456,23.6011543108363,0],[-109.586948049446,23.6011659261162,0],[-109.58691329524,23.6011823205568,0],[-109.585862167237,23.6023200313101,0],[-109.585700523524,23.6021932052062,0],[-109.585188177623,23.6027477441267,0],[-109.585942811594,23.6033395904759,0],[-109.586668362424,23.6025542840073,0],[-109.586669944902,23.6025526292714,0],[-109.586671587763,23.6025510252883,0],[-109.586673289091,23.602549473928,0],[-109.586675046902,23.6025479769994,0],[-109.586676859147,23.6025465362478,0],[-109.586678723713,23.6025451533532,0],[-109.586680638426,23.6025438299279,0],[-109.586682601053,23.6025425675149,0],[-109.586684609306,23.6025413675861,0],[-109.586686660843,23.6025402315408,0],[-109.586688753273,23.60253916070331,0],[-109.586690884156,23.6025381563222,0],[-109.586693051007,23.6025372195687,0],[-109.5866952513,23.6025363515349,0],[-109.586697482469,23.6025355532329,0],[-109.586699741914,23.6025348255936,0],[-109.586702026998,23.6025341694652,0],[-109.586704335059,23.6025335856128,0],[-109.586706663406,23.6025330747172,0],[-109.586709009322,23.602532637374,0],[-109.586711370074,23.6025322740931,0],[-109.586713742909,23.6025319852982,0],[-109.586716125059,23.602531771326,0],[-109.586718513748,23.6025316324258,0],[-109.586720906191,23.6025315687598,0],[-109.586723299597,23.6025315804021,0],[-109.586725691177,23.6025316673391,0],[-109.586728078142,23.6025318294694,0],[-109.586730457708,23.6025320666041,0],[-109.586732827102,23.6025323784667,0],[-109.586735183561,23.6025327646935,0],[-109.586737524337,23.6025332248342,0],[-109.586739846701,23.6025337583523,0],[-109.586742147945,23.6025343646258,0],[-109.586744425386,23.6025350429477,0],[-109.586746676369,23.6025357925272,0],[-109.586748898269,23.6025366124903,0],[-109.586751088495,23.6025375018809,0],[-109.586753244495,23.6025384596622,0],[-109.586755363753,23.6025394847172,0],[-109.586757443799,23.602540575851,0],[-109.586759482208,23.6025417317911,0],[-109.586761476604,23.60254295119,0],[-109.586763424659,23.6025442326258,0],[-109.586765324105,23.6025455746044,0],[-109.586767172725,23.6025469755612,0],[-109.58700536692,23.602733860382,0],[-109.587014339456,23.6027184012574,0],[-109.587061266774,23.6027552198657,0],[-109.587052294241,23.6027706789931,0],[-109.587559464944,23.6031685968645,0],[-109.587215176443,23.6035412450381,0],[-109.5871638935,23.6035967519941,0],[-109.587542377832,23.6038937028442,0],[-109.588722700299,23.6026161181359,0],[-109.588994804701,23.6028303849026,0],[-109.588176982807,23.6037155899024,0],[-109.588121595786,23.6037961714655,0],[-109.588088863165,23.6038866626283,0],[-109.588080706209,23.6039817520773,0],[-109.588097603736,23.604075858595,0],[-109.588138564008,23.6041634586445,0],[-109.588201182921,23.6042394105726,0],[-109.588281785109,23.6042992563994,0],[-109.588375639661,23.6043394834823,0],[-109.588477237804,23.6043577306944,0],[-109.58858061624,23.604352927014,0],[-109.588744130309,23.6043417195398,0],[-109.588906899119,23.6043599433125,0],[-109.589062743802,23.6044069065446,0],[-109.589108479564,23.6044349031267,0],[-109.589146069897,23.6044717837462,0],[-109.589173528639,23.6045155997491,0],[-109.589189404947,23.6045640360359,0],[-109.589192859951,23.6046145333829,0],[-109.589183711086,23.6046644236634,0],[-109.589162441736,23.6047110708233,0],[-109.589115480948,23.6047875829298,0],[-109.589086849857,23.6048401939372,0],[-109.589064261478,23.6048952461498,0],[-109.588765559076,23.6048639596947,0],[-109.588462275886,23.6048655118264,0],[-109.587482513544,23.6048834757275,0],[-109.58699623164,23.6048934075127,0],[-109.58677280468,23.6050349087033,0],[-109.586662440647,23.6052592101974,0],[-109.586633532672,23.6052596957433,0],[-109.586640092976,23.6056674711953,0],[-109.586629209544,23.6057220793448,0],[-109.58660797398,23.6057740379693,0],[-109.586577061533,23.6058216948573,0],[-109.586549579447,23.6058601125489,0],[-109.586532915663,23.6059034884776,0],[-109.586528045871,23.60594928294701,0],[-109.586535255212,23.6059948146502,0],[-109.586554121585,23.6060374176632,0],[-109.586583540357,23.6060745975368,0],[-109.586614293877,23.60610785943,0],[-109.586652372712,23.6061339014286,0],[-109.586695828661,23.6061513911618,0],[-109.58680549644,23.6061754561468,0],[-109.586877579395,23.6062055858594,0],[-109.586941303901,23.6062488493495,0],[-109.586993893138,23.6063033614034,0],[-109.587033055504,23.6063667466461,0],[-109.587074748203,23.6064790608799,0],[-109.587086818948,23.6065972423231,0],[-109.587093212184,23.6066430306206,0],[-109.587111791212,23.6066859044074,0],[-109.587141382781,23.6067231562078,0],[-109.587180118192,23.606752433572,0],[-109.586986350206,23.6070366261897,0],[-109.586613480281,23.6074975813936,0],[-109.587012389156,23.6077715867453,0],[-109.587048082962,23.6079798077527,0],[-109.586542956352,23.6085849728293,0],[-109.586539072434,23.6085822200068,0],[-109.586467199662,23.6086683263004,0],[-109.586449661489,23.60868933767,0],[-109.586049273818,23.608492167488,0],[-109.585665228963,23.6091423726919,0],[-109.58553503201,23.6090732499066,0],[-109.585476473226,23.6090421127805,0],[-109.585420146684,23.6090100734236,0],[-109.585349764021,23.6089693819434,0],[-109.585268629735,23.6089278236989,0],[-109.585204102475,23.6088849107853,0],[-109.585147000667,23.6088546081786,0],[-109.585097670943,23.6088195414618,0],[-109.585015567156,23.6087493383919,0],[-109.584922783457,23.6086569156176,0],[-109.584794611206,23.60855484115631,0],[-109.584639812502,23.6084404768526,0],[-109.584567147826,23.6084013776568,0],[-109.584543820568,23.6083703064115,0],[-109.584492857539,23.6083055704872,0],[-109.584439035058,23.6082454641733,0]]},"id":18},{"type":"Feature","properties":{"Name":"MIA-P Campo de Golf","description":"null","timestamp":"null","begin":"null","end":"null","altitudeMode":"null","tessellate":1,"extrude":0,"visibility":-1,"drawOrder":"null","icon":"null"},"geometry":{"type":"Polygon","coordinates":[[[-109.587737257063,23.5985726401923,0],[-109.587877198273,23.5987273911757,0],[-109.588521510641,23.5989426444942,0],[-109.588745411519,23.5990598866553,0],[-109.589406457214,23.598380756365,0],[-109.590206243531,23.5989046138332,0],[-109.589596967093,23.5995767402367,0],[-109.590169376631,23.5999312534207,0],[-109.591945655667,23.6019688977424,0],[-109.592208987676,23.60165099893331,0],[-109.591913789581,23.6014952149881,0],[-109.592185841993,23.601145510794,0],[-109.59232997289,23.6010739383411,0],[-109.59260467509,23.6007218488036,0],[-109.592802092603,23.6008318824603,0],[-109.59247668366,23.6011300859286,0],[-109.592411633896,23.6011051940766,0],[-109.592249878752,23.601185517586,0],[-109.592477026976,23.6013274284461,0],[-109.593423100293,23.6001853102391,0],[-109.592606789567,23.6000123469327,0],[-109.592600736716,23.599631919915,0],[-109.594306788796,23.5992615567534,0],[-109.594852360727,23.5989841529507,0],[-109.594974416013,23.598886567787,0],[-109.595456903725,23.5988006600907,0],[-109.596117038988,23.5991620231626,0],[-109.59802428352,23.5989381197854,0],[-109.600408311858,23.5973964599403,0],[-109.600550170524,23.597325553485,0],[-109.601324161606,23.5965793575288,0],[-109.601260030335,23.5963015848475,0],[-109.601253869123,23.5958129259132,0],[-109.601821739623,23.594527310811,0],[-109.602676584414,23.5936407212394,0],[-109.602788590945,23.590198356332,0],[-109.603799045171,23.588508417432,0],[-109.602808863213,23.5872200815391,0],[-109.60276550534,23.5873323460967,0],[-109.602472197785,23.5878416790895,0],[-109.602001344388,23.5881644022749,0],[-109.601405490328,23.5883120717882,0],[-109.600180877882,23.5884720136487,0],[-109.59832257183,23.5884635029788,0],[-109.598362795903,23.5907337666052,0],[-109.598147907961,23.5915789090764,0],[-109.598356500584,23.5915807917422,0],[-109.597211863104,23.5957000852946,0],[-109.594671090676,23.5969221668133,0],[-109.594280096871,23.5960363539399,0],[-109.59420834517,23.5960415482904,0],[-109.594181222797,23.5959800994349,0],[-109.593314019576,23.5940153495909,0],[-109.594276027868,23.5937389278554,0],[-109.59388914926,23.5926243714952,0],[-109.592864246692,23.5921029895005,0],[-109.592803720997,23.592148247756,0],[-109.592672399997,23.5925398116929,0],[-109.592628817209,23.5926267094309,0],[-109.59253792828,23.5929979046459,0],[-109.592514118321,23.5931859740812,0],[-109.591905500233,23.5934604960887,0],[-109.591289864893,23.5940404129505,0],[-109.591565667715,23.5943475447222,0],[-109.591430710998,23.5944871303975,0],[-109.591272934098,23.5945668327818,0],[-109.590266206727,23.5956072311588,0],[-109.590211931284,23.5956885221714,0],[-109.589319961402,23.5962870084807,0],[-109.588934204675,23.5966811335227,0],[-109.588838405406,23.5968414010502,0],[-109.587737257063,23.5985726401923,0]]]},"id":19},{"type":"Feature","properties":{"Name":"MIA-P Campo de Golf","description":"null","timestamp":"null","begin":"null","end":"null","altitudeMode":"null","tessellate":1,"extrude":0,"visibility":-1,"drawOrder":"null","icon":"null"},"geometry":{"type":"Polygon","coordinates":[[[-109.591010781304,23.5991583636586,0],[-109.590896875011,23.5992737858831,0],[-109.590806317228,23.5994056062934,0],[-109.590741830878,23.5995498613684,0],[-109.590708050997,23.5997060032571,0],[-109.590667136165,23.5998606890209,0],[-109.59061915956,23.6000136419046,0],[-109.590564206994,23.6001645882525,0],[-109.590502376765,23.600313257998,0],[-109.590544325778,23.6003613800459,0],[-109.591945655667,23.6019688977424,0],[-109.592208987676,23.60165099893331,0],[-109.591913789581,23.6014952149881,0],[-109.592185841993,23.601145510794,0],[-109.59232997289,23.6010739383411,0],[-109.59260467509,23.6007218488037,0],[-109.592802092603,23.6008318824603,0],[-109.59247668366,23.6011300859286,0],[-109.592411633896,23.6011051940767,0],[-109.592249878752,23.601185517586,0],[-109.592477026976,23.6013274284461,0],[-109.593423100293,23.6001853102391,0],[-109.592606789567,23.6000123469328,0],[-109.592600736716,23.599631919915,0],[-109.594306421252,23.5992598172847,0],[-109.594852360727,23.5989841529508,0],[-109.594974416013,23.598886567787,0],[-109.595458799853,23.5988002870754,0],[-109.596117038988,23.5991620231626,0],[-109.59802428352,23.59893811978551,0],[-109.600408311858,23.5973964599404,0],[-109.600550170524,23.5973255534851,0],[-109.601324161606,23.5965793575289,0],[-109.601260030336,23.5963015848475,0],[-109.601253869123,23.5958129259132,0],[-109.601821739623,23.594527310811,0],[-109.602676584414,23.5936407212395,0],[-109.602713544205,23.5925048505749,0],[-109.602730564903,23.5919817478972,0],[-109.602630783677,23.5920150808051,0],[-109.602543377708,23.5920705660512,0],[-109.602474018467,23.5921446033983,0],[-109.602427206459,23.5922323888252,0],[-109.6024059792,23.592328226238,0],[-109.602387100334,23.5924870586801,0],[-109.602356057748,23.5926442591669,0],[-109.602313007436,23.5927990375244,0],[-109.602258165752,23.5929506157507,0],[-109.602238462425,23.5929870265246,0],[-109.602210934225,23.5930188360128,0],[-109.602176797957,23.5930446381616,0],[-109.602137562523,23.5930632924549,0],[-109.602094962221,23.5930739743285,0],[-109.602046701549,23.5930759439971,0],[-109.601999243804,23.5930676280095,0],[-109.601955135191,23.5930494725356,0],[-109.60191674222,23.5930224516529,0],[-109.601886124747,23.5929880150852,0],[-109.601864925451,23.5929480104207,0],[-109.601854281705,23.5929045839846,0],[-109.601838832673,23.5927562987063,0],[-109.601826719403,23.5926077503506,0],[-109.601796338621,23.5924408035427,0],[-109.601730056686,23.5922829310437,0],[-109.601630596377,23.5921406177633,0],[-109.601502043303,23.5920197094662,0],[-109.601349678063,23.5919251726534,0],[-109.601179759338,23.5918608905636,0],[-109.600999266804,23.5918295036703,0],[-109.600815614446,23.5918323012273,0],[-109.600636346034,23.5918691683145,0],[-109.600484354683,23.5919622669262,0],[-109.600344616387,23.5920704495058,0],[-109.600218885003,23.5921923582718,0],[-109.600108738606,23.592326463165,0],[-109.600015559674,23.59247108105,0],[-109.599937369463,23.592551566388,0],[-109.599841472568,23.5926136934438,0],[-109.599732826448,23.5926542505038,0],[-109.599617047663,23.592671140934,0],[-109.599500121514,23.5926634915695,0],[-109.599493293771,23.5930305494026,0],[-109.599480269533,23.5932074222487,0],[-109.59944791602,23.5933821764477,0],[-109.599396564452,23.5935530225333,0],[-109.599326740597,23.5937182110517,0],[-109.5989129159,23.5945674590676,0],[-109.598862564704,23.5947067592282,0],[-109.598604857891,23.5957637461497,0],[-109.598562535725,23.5959106776834,0],[-109.598508092086,23.5960541792182,0],[-109.598441848632,23.5961934028316,0],[-109.598364196748,23.5963275258762,0],[-109.598335030964,23.5963627668063,0],[-109.598297430252,23.5963904005352,0],[-109.598253658941,23.5964087629473,0],[-109.598206352958,23.5964167482494,0],[-109.598158361094,23.5964138755632,0],[-109.598112573443,23.5964003178838,0],[-109.598071747359,23.5963768916618,0],[-109.598032128655,23.5963473717761,0],[-109.597993002085,23.5963246794785,0],[-109.597949196768,23.5963110634305,0],[-109.597903149466,23.5963072810519,0],[-109.597857421652,23.5963135427448,0],[-109.597814557029,23.5963295001893,0],[-109.59777694003,23.5963542657197,0],[-109.5976497781,23.5964558625702,0],[-109.597514769602,23.5965484628675,0],[-109.597356572123,23.5966425464834,0],[-109.597192628752,23.5967278677434,0],[-109.597023510266,23.5968041295933,0],[-109.596849805466,23.5968710665199,0],[-109.596672119121,23.5969284454755,0],[-109.596491069866,23.5969760666897,0],[-109.596344642549,23.5970131288227,0],[-109.596199896935,23.5970554310654,0],[-109.596057053729,23.5971029089155,0],[-109.595890570626,23.5971662390537,0],[-109.595727224176,23.5972361630697,0],[-109.595567321713,23.597312549404,0],[-109.595411164091,23.5973952543382,0],[-109.59525904512,23.59748412226571,0],[-109.595200530646,23.5975046117855,0],[-109.59513827906,23.5975106553678,0],[-109.595076416118,23.5975018524725,0],[-109.595019041814,23.5974787865164,0],[-109.594928163107,23.59743864822701,0],[-109.59483077071,23.5974147826538,0],[-109.594730261496,23.597408022183,0],[-109.594579762802,23.5974206838686,0],[-109.594435432555,23.5974619738903,0],[-109.594370474945,23.59748041687491,0],[-109.594302712423,23.5974853140299,0],[-109.594235429267,23.5974764280034,0],[-109.594171886523,23.5974541894797,0],[-109.594115163945,23.5974196763048,0],[-109.593972848329,23.5972936039816,0],[-109.593835500796,23.5971890409272,0],[-109.593682704047,23.597104622529,0],[-109.593517907554,23.5970422545606,0],[-109.593448117742,23.5970271993062,0],[-109.593376448876,23.5970262447536,0],[-109.59330621611,23.5970394350563,0],[-109.593240668171,23.597066160075,0],[-109.592928813495,23.5972323466319,0],[-109.592812034788,23.5973076643315,0],[-109.592699127656,23.5973878390953,0],[-109.592590329774,23.5974727021557,0],[-109.592514333543,23.5975365408537,0],[-109.592430936101,23.5975919798076,0],[-109.592339163644,23.597659940235,0],[-109.59224878138,23.5977294649801,0],[-109.592145811972,23.5978028872884,0],[-109.592035910872,23.5978672121333,0],[-109.59189413208,23.5979549757062,0],[-109.591814405815,23.5980171429683,0],[-109.591740591893,23.5980852291796,0],[-109.591675950609,23.5981555680758,0],[-109.591617651073,23.5982304660711,0],[-109.591524264091,23.5983861769124,0],[-109.591464885253,23.5985317950413,0],[-109.591407758125,23.5986752763199,0],[-109.591332611223,23.5988115209864,0],[-109.591240500147,23.5989386150965,0],[-109.591132718819,23.5990547732472,0],[-109.591010781304,23.5991583636586,0]]]},"id":20},{"type":"Feature","properties":{"Name":"Poligono 6D5D","description":null,"timestamp":null,"begin":null,"end":null,"altitudeMode":null,"tessellate":1,"extrude":0,"visibility":-1,"drawOrder":null,"icon":null},"geometry":{"type":"Polygon","coordinates":[[[-109.598362795903,23.5907337666052,0],[-109.598147907961,23.5915789090764,0],[-109.598593754581,23.5915829327526,0],[-109.598628753581,23.5915009276262,0],[-109.598696472463,23.5913860672086,0],[-109.598792499822,23.591289860367,0],[-109.598911055237,23.5912180982783,0],[-109.599045002245,23.5911751006599,0],[-109.599284678163,23.5911275153585,0],[-109.599310550651,23.5911190852375,0],[-109.599333274681,23.5911049069543,0],[-109.599351377257,23.5910858995606,0],[-109.599363684952,23.5910632951358,0],[-109.599369399973,23.5910385589224,0],[-109.599368151869,23.5910132943469,0],[-109.599360021548,23.5909891390835,0],[-109.599100443589,23.5904653467273,0],[-109.599072685504,23.5903850832868,0],[-109.599066403421,23.5903010407118,0],[-109.599081956722,23.5902180274258,0],[-109.599118455501,23.5901407929541,0],[-109.599669212997,23.5892757414194,0],[-109.599751562928,23.5891259709244,0],[-109.599813316631,23.5889680083076,0],[-109.599970833764,23.5884710528033,0],[-109.59832257183,23.5884635029788,0],[-109.598362795903,23.5907337666052,0]]]}},{"type":"Feature","properties":{"Name":"MIA-P Campo de Golf","description":"null","timestamp":"null","begin":"null","end":"null","altitudeMode":"null","tessellate":1,"extrude":0,"visibility":-1,"drawOrder":"null","icon":"null"},"geometry":{"type":"Polygon","coordinates":[[[-109.592590417187,23.5974727004495,0],[-109.592517393384,23.5975343051196,0],[-109.592431023978,23.5975919777633,0],[-109.592339251289,23.5976599383529,0],[-109.592248868799,23.5977294632682,0],[-109.592145901444,23.5978028842381,0],[-109.592036002647,23.5978672081066,0],[-109.591894219499,23.5979549739945,0],[-109.591814493235,23.5980171412566,0],[-109.591740679313,23.5980852274679,0],[-109.591676038029,23.5981555663641,0],[-109.591617738493,23.5982304643594,0],[-109.59152435151,23.5983861752008,0],[-109.591465105105,23.5985313876189,0],[-109.591407992439,23.5986749638484,0],[-109.591332837988,23.5988112998263,0],[-109.591240698628,23.5989384782059,0],[-109.59113287011,23.599054710423,0],[-109.591010868839,23.5991583618501,0],[-109.590896962503,23.5992737840816,0],[-109.590806404684,23.5994056045086,0],[-109.590741918309,23.5995498596077,0],[-109.590708138427,23.5997060015067,0],[-109.590667223594,23.5998606872807,0],[-109.590619246987,23.6000136401744,0],[-109.590564294419,23.6001645865321,0],[-109.590502464186,23.6003132562871,0],[-109.590169464052,23.59993125171,0],[-109.590068044012,23.59986843902981,0],[-109.590091226806,23.5998393818828,0],[-109.590169164553,23.5997389096559,0],[-109.590229476906,23.5996286188847,0],[-109.590270739549,23.5995111142404,0],[-109.590288520879,23.5994658021853,0],[-109.590316686856,23.5994252070982,0],[-109.590366779179,23.5993705129321,0],[-109.590485799484,23.599269482078,0],[-109.590611689355,23.5991730304423,0],[-109.590720609531,23.5990603942083,0],[-109.590810136373,23.5989340797451,0],[-109.590878277799,23.5987968977819,0],[-109.590923517608,23.5986519008616,0],[-109.590944849212,23.5985023154143,0],[-109.590947144643,23.5984645909105,0],[-109.590960489102,23.5983863325129,0],[-109.590966674385,23.5983666240937,0],[-109.591033515849,23.5982033462614,0],[-109.591118860231,23.5980475637807,0],[-109.591221735213,23.5979010513509,0],[-109.591340968777,23.5977654780606,0],[-109.591475202558,23.5976423883738,0],[-109.59162290732,23.597533184537,0],[-109.591782400378,23.5974391106056,0],[-109.591882356911,23.5974012164299,0],[-109.592074487248,23.5973532412119,0],[-109.592248843929,23.5972942868971,0],[-109.592409483182,23.5972083898381,0],[-109.592551548028,23.5970981471693,0],[-109.592670743126,23.5969668921209,0],[-109.592763464638,23.596818593232,0],[-109.592791798712,23.5967625009882,0],[-109.592868394834,23.5966491941765,0],[-109.592972317875,23.5965561951434,0],[-109.59309746447,23.5964889656504,0],[-109.593236484849,23.5964514540291,0],[-109.593381214472,23.5964458633059,0],[-109.593523153512,23.5964725218233,0],[-109.593713406372,23.5965311148009,0],[-109.593860090381,23.5965830533734,0],[-109.594001210468,23.59664675289,0],[-109.594135658922,23.5967217133529,0],[-109.594262380398,23.596807346372,0],[-109.594380380193,23.5969029797833,0],[-109.594472728485,23.5969847876349,0],[-109.594549770494,23.5970376139099,0],[-109.594638669842,23.5970710733718,0],[-109.594733813466,23.5970830534017,0],[-109.594730350663,23.597408020492,0],[-109.594579849251,23.5974206823385,0],[-109.594435516552,23.5974619735444,0],[-109.594370559434,23.5974804156771,0],[-109.594302797606,23.5974853122507,0],[-109.594235515242,23.5974764259466,0],[-109.594171973279,23.5974541874534,0],[-109.594115251364,23.5974196745917,0],[-109.593972935666,23.5972936021952,0],[-109.593835587998,23.5971890390679,0],[-109.593682791093,23.5971046206345,0],[-109.593517994431,23.59704225267261,0],[-109.593448204715,23.597027197543,0],[-109.593376535972,23.5970262430688,0],[-109.593306303339,23.5970394333994,0],[-109.593240755526,23.5970661583966,0],[-109.592928900914,23.5972323449199,0],[-109.592896801236,23.5972523200428,0],[-109.592739865976,23.5973580904608,0],[-109.592590417187,23.5974727004495,0]]]},"id":22},{"type":"Feature","properties":{"Name":"MIA-P Campo de Golf","description":"null","timestamp":"null","begin":"null","end":"null","altitudeMode":"null","tessellate":1,"extrude":0,"visibility":-1,"drawOrder":"null","icon":"null"},"geometry":{"type":"Polygon","coordinates":[[[-109.599520451634,23.5909216026581,0],[-109.599260875953,23.5903978162167,0],[-109.599245929241,23.5903545974545,0],[-109.59924254652,23.5903093437611,0],[-109.599250921319,23.5902646442876,0],[-109.599270574469,23.5902230564732,0],[-109.59964141367,23.5896405955449,0],[-109.599729342302,23.5894985761824,0],[-109.599819130662,23.5893575486683,0],[-109.599883074171,23.5892469467991,0],[-109.599936955685,23.5891318825948,0],[-109.599980411894,23.5890131319613,0],[-109.600151968233,23.5884718814186,0],[-109.600168605873,23.5884715118812,0],[-109.600191899503,23.5884698310851,0],[-109.601403289629,23.5883116161028,0],[-109.601999143689,23.588163946598,0],[-109.602469997089,23.5878412234194,0],[-109.602763304652,23.587331890431,0],[-109.602806662526,23.5872196258741,0],[-109.603796844459,23.58850796178,0],[-109.602786390209,23.5901979006645,0],[-109.602728334158,23.5919822136331,0],[-109.602629158659,23.5920158560222,0],[-109.602542357372,23.5920714118708,0],[-109.602473514477,23.5921453071173,0],[-109.602427058863,23.592232787871,0],[-109.6024059792,23.5923282262379,0],[-109.602387100334,23.5924870586801,0],[-109.602356057748,23.5926442591669,0],[-109.602313007436,23.5927990375244,0],[-109.602258165752,23.5929506157507,0],[-109.602238462425,23.5929870265246,0],[-109.602210934225,23.5930188360128,0],[-109.602176797957,23.5930446381616,0],[-109.602137562523,23.5930632924549,0],[-109.602094962221,23.5930739743285,0],[-109.602046701549,23.5930759439971,0],[-109.601999243804,23.5930676280095,0],[-109.60195513519,23.5930494725355,0],[-109.60191674222,23.5930224516529,0],[-109.601886124747,23.5929880150852,0],[-109.601864925451,23.5929480104207,0],[-109.601854281705,23.5929045839846,0],[-109.601838832673,23.5927562987063,0],[-109.601826719403,23.5926077503506,0],[-109.601796338642,23.5924408035637,0],[-109.601730056737,23.5922829310796,0],[-109.601630596466,23.5921406178056,0],[-109.601502043433,23.5920197095043,0],[-109.601349678237,23.5919251726756,0],[-109.601179759552,23.5918608905577,0],[-109.600999267053,23.5918295036245,0],[-109.60081561472,23.5918323011311,0],[-109.60063634632,23.59186916815951,0],[-109.600484354901,23.5919622667768,0],[-109.600344616542,23.5920704493737,0],[-109.600218885102,23.5921923581678,0],[-109.600108738658,23.5923264630984,0],[-109.600015559691,23.5924710810285,0],[-109.59993736948,23.592551566374,0],[-109.599841472583,23.5926136934362,0],[-109.599732826459,23.592654250501,0],[-109.599617047669,23.5926711409337,0],[-109.599500121514,23.5926634915695,0],[-109.598432657358,23.5924424460983,0],[-109.598469448295,23.5923182665669,0],[-109.598794408419,23.5915596705271,0],[-109.598840610546,23.591480433602,0],[-109.598906391175,23.5914139783792,0],[-109.598987775368,23.5913643205374,0],[-109.59907984533,23.5913344607401,0],[-109.599321815459,23.5912864199603,0],[-109.599390026124,23.5912641946484,0],[-109.599449936115,23.5912268147864,0],[-109.599497661995,23.5911767033843,0],[-109.599530110128,23.5911171087245,0],[-109.599545177211,23.5910518938016,0],[-109.599541886603,23.5909852859167,0],[-109.599520451634,23.5909216026581,0]]]},"id":23},{"type":"Feature","properties":{"Name":"MIA-P Campo de Golf","description":"null","timestamp":"null","begin":"null","end":"null","altitudeMode":"null","tessellate":1,"extrude":0,"visibility":-1,"drawOrder":"null","icon":"null"},"geometry":{"type":"Polygon","coordinates":[[[-109.599500121514,23.5926634915695,0],[-109.599493293771,23.593030549403,0],[-109.599480269533,23.593207422249,0],[-109.59944791602,23.5933821764479,0],[-109.599396564452,23.5935530225334,0],[-109.599326740597,23.5937182110517,0],[-109.5989129159,23.5945674590676,0],[-109.598862564704,23.5947067592283,0],[-109.598604857891,23.5957637461496,0],[-109.598562535725,23.5959106776833,0],[-109.598508092086,23.5960541792182,0],[-109.598441848632,23.5961934028316,0],[-109.598364196748,23.5963275258762,0],[-109.598335030964,23.5963627668063,0],[-109.598297430252,23.5963904005352,0],[-109.598253658941,23.5964087629473,0],[-109.598206352958,23.5964167482494,0],[-109.598158361094,23.5964138755631,0],[-109.598112573443,23.5964003178837,0],[-109.598071747359,23.5963768916618,0],[-109.598032119649,23.5963473650665,0],[-109.597992647108,23.59632452256,0],[-109.597948437823,23.5963109161434,0],[-109.597901992375,23.5963073154268,0],[-109.597855937824,23.5963139240745,0],[-109.597812879124,23.5963303682856,0],[-109.597775251775,23.596355717937,0],[-109.597648877899,23.5964565290265,0],[-109.597514769602,23.5965484628674,0],[-109.597356572123,23.5966425464833,0],[-109.597192628752,23.5967278677434,0],[-109.597023510266,23.5968041295933,0],[-109.596849805465,23.5968710665198,0],[-109.59667211912,23.5969284454755,0],[-109.596491069866,23.5969760666897,0],[-109.596344642362,23.5970131288743,0],[-109.596199896566,23.5970554311821,0],[-109.596057053184,23.5971029091103,0],[-109.5958905702,23.5971662392259,0],[-109.595727223867,23.5972361632103,0],[-109.595567321517,23.597312549504,0],[-109.595411164002,23.597395254389,0],[-109.595259045133,23.597484122259,0],[-109.595200498313,23.5975046189019,0],[-109.595138212583,23.5975106539095,0],[-109.595076320312,23.597501826888,0],[-109.595018927765,23.5974787234701,0],[-109.594928095278,23.5974385792473,0],[-109.594830737317,23.5974147338135,0],[-109.594730263244,23.5974080222054,0],[-109.594733726047,23.5970830551152,0],[-109.594804824114,23.5970775604607,0],[-109.594873574837,23.597059982347,0],[-109.594937581887,23.597030933464,0],[-109.595130915834,23.5969214300393,0],[-109.595268687036,23.596846984081,0],[-109.595409319685,23.5967772301878,0],[-109.595552625713,23.5967122616411,0],[-109.595698413475,23.5966521653231,0],[-109.595846488009,23.5965970216002,0],[-109.59601103604,23.5965423181424,0],[-109.596177777414,23.5964935808162,0],[-109.596346457544,23.5964508840368,0],[-109.596498323599,23.5964108113856,0],[-109.596647272309,23.5963623228808,0],[-109.596792755095,23.5963055971053,0],[-109.596934236145,23.5962408429798,0],[-109.597071194388,23.5961682989934,0],[-109.597208570874,23.596075646357,0],[-109.597328229261,23.5959640561986,0],[-109.597427129849,23.5958363632995,0],[-109.597502760282,23.5956958114999,0],[-109.597553199364,23.5955459712911,0],[-109.597810913986,23.5944889864676,0],[-109.597861314313,23.5943219978752,0],[-109.597929645516,23.5941605141215,0],[-109.598343474975,23.5933112689237,0],[-109.598395943644,23.5931657697903,0],[-109.59841559294,23.593013519095,0],[-109.598424661478,23.5925262093909,0],[-109.598432657358,23.5924424460983,0],[-109.599500121514,23.5926634915695,0]]]},"id":24},{"type":"Feature","properties":{"Name":"Poligono 6D59","description":null,"timestamp":null,"begin":null,"end":null,"altitudeMode":null,"tessellate":1,"extrude":0,"visibility":-1,"drawOrder":null,"icon":null},"geometry":{"type":"Polygon","coordinates":[[[-109.591100650956,23.5997362757301,0],[-109.591049987804,23.5996665206149,0],[-109.590961440406,23.5997211122854,0],[-109.590998897306,23.5997727087441,0],[-109.590993183329,23.5997762061366,0],[-109.59100638588,23.5997943924928,0],[-109.591100650956,23.5997362757301,0]]]}},{"type":"Feature","properties":{"Name":"MIA-P Campo de Golf","description":"null","timestamp":"null","begin":"null","end":"null","altitudeMode":"null","tessellate":1,"extrude":0,"visibility":-1,"drawOrder":"null","icon":"null"},"geometry":{"type":"Polygon","coordinates":[[[-109.591259914852,23.5950551135689,0],[-109.591480713535,23.5954243902513,0],[-109.591675551788,23.5957541414919,0],[-109.591799808852,23.5962824479227,0],[-109.591787510908,23.59631449885031,0],[-109.591783168645,23.5963482582326,0],[-109.591786995004,23.5963820705829,0],[-109.59185425667,23.5965765387077,0],[-109.591909098041,23.5966910240154,0],[-109.591988323629,23.5967926628158,0],[-109.592088544074,23.5968771068139,0],[-109.592205471789,23.5969407433315,0],[-109.592235152998,23.5969532828916,0],[-109.592255366511,23.5969647350057,0],[-109.592272000477,23.5969803289225,0],[-109.592284079571,23.5969991503011,0],[-109.59229089554,23.5970200955599,0],[-109.59229204873,23.5970419365838,0],[-109.592287471522,23.5970633927344,0],[-109.592277432295,23.5970832059398,0],[-109.592262519694,23.5971002144607,0],[-109.592243608111,23.5971134210092,0],[-109.592138896682,23.597161406864,0],[-109.592028271667,23.5971963518711,0],[-109.591830581775,23.5972457153246,0],[-109.591750457187,23.5972584040593,0],[-109.591559321595,23.5972879507636,0],[-109.591377071414,23.5973487018371,0],[-109.591209652715,23.5974386752218,0],[-109.591062527702,23.5975549354553,0],[-109.590940496519,23.5976936894377,0],[-109.590847540634,23.597850410179,0],[-109.59078669294,23.598019984491,0],[-109.590759938792,23.5981968798046,0],[-109.590768151214,23.5983753246732,0],[-109.590771272651,23.5984501919818,0],[-109.590768654688,23.5984932163126,0],[-109.590744741963,23.5986434963879,0],[-109.590692150478,23.5987874434818,0],[-109.590612563927,23.5989204489437,0],[-109.59050853031,23.5990382544211,0],[-109.590383380358,23.5991370882009,0],[-109.590303310005,23.5991969541975,0],[-109.590231989186,23.5992655754531,0],[-109.589818688758,23.59971406066,0],[-109.589596967093,23.5995767402367,0],[-109.590206243531,23.5989046138332,0],[-109.589406457214,23.598380756365,0],[-109.588785591504,23.5990186077357,0],[-109.588745411519,23.5990598866553,0],[-109.588521510641,23.5989426444942,0],[-109.588042940856,23.5987827631468,0],[-109.588119770627,23.5985874497515,0],[-109.588159090904,23.5984957590507,0],[-109.588204031753,23.5984062885438,0],[-109.588375869172,23.5980883506405,0],[-109.58846843427,23.5979367571904,0],[-109.588577096647,23.5977945265306,0],[-109.58870075112,23.5976631052014,0],[-109.58884703799,23.5975226163082,0],[-109.588948321563,23.5974178104414,0],[-109.589040874154,23.5973063583318,0],[-109.589124184009,23.5971888762603,0],[-109.58925379984,23.5969903468292,0],[-109.589325929957,23.5968882161273,0],[-109.589405704638,23.59679103363821,0],[-109.58949272569,23.5966992844263,0],[-109.589803152112,23.5963944301112,0],[-109.589896130024,23.5963093010429,0],[-109.590365721311,23.5959311899296,0],[-109.590497243899,23.5958154036877,0],[-109.590617100038,23.5956893196208,0],[-109.590785392404,23.59549555630141,0],[-109.590864720686,23.5954100893494,0],[-109.590949924211,23.5953295685823,0],[-109.591259914852,23.5950551135689,0]]]},"id":26},{"type":"Feature","properties":{"Name":"MIA-P Campo de Golf","description":"null","timestamp":"null","begin":"null","end":"null","altitudeMode":"null","tessellate":1,"extrude":0,"visibility":-1,"drawOrder":"null","icon":"null"},"geometry":{"type":"Polygon","coordinates":[[[-109.589778195827,23.5961884096895,0],[-109.589674534565,23.5962831989862,0],[-109.589364108137,23.5965880530466,0],[-109.589268886133,23.5966884486998,0],[-109.58918159338,23.596794789668,0],[-109.589102665596,23.5969065451756,0],[-109.588973049634,23.5971050744755,0],[-109.58889691473,23.5972124383994,0],[-109.58881233314,23.5973142916856,0],[-109.588719772543,23.5974100711316,0],[-109.588573485675,23.5975505599064,0],[-109.588470517875,23.5976572465761,0],[-109.588376596176,23.5977708014082,0],[-109.588292258109,23.5978905745345,0],[-109.588217986364,23.5980158804986,0],[-109.588046148678,23.5983338182163,0],[-109.587996972478,23.5984317204444,0],[-109.587953946525,23.59853205210411,0],[-109.587877134259,23.5987273203882,0],[-109.587877198273,23.5987273911758,0],[-109.588042940856,23.5987827631468,0],[-109.588119770627,23.5985874497515,0],[-109.588159090904,23.5984957590507,0],[-109.588204031753,23.5984062885438,0],[-109.588375869172,23.5980883506405,0],[-109.58846843427,23.5979367571904,0],[-109.588577096647,23.5977945265306,0],[-109.58870075112,23.5976631052014,0],[-109.58884703799,23.5975226163082,0],[-109.588948321563,23.5974178104414,0],[-109.589040874154,23.5973063583318,0],[-109.589124184009,23.5971888762603,0],[-109.58925379984,23.5969903468292,0],[-109.589325929957,23.5968882161273,0],[-109.589405704638,23.59679103363821,0],[-109.58949272569,23.5966992844263,0],[-109.589803152112,23.5963944301112,0],[-109.589896130024,23.5963093010429,0],[-109.590365721311,23.5959311899296,0],[-109.590497243899,23.5958154036877,0],[-109.590617100038,23.5956893196208,0],[-109.590785392404,23.59549555630141,0],[-109.590864720686,23.5954100893494,0],[-109.590949924211,23.5953295685823,0],[-109.591452485829,23.5948846169521,0],[-109.591532752884,23.5948094656775,0],[-109.591608340261,23.5947303002877,0],[-109.59172093714,23.5946055099404,0],[-109.591605586459,23.5944791200676,0],[-109.591472722737,23.5946263718991,0],[-109.591403645267,23.5946987191584,0],[-109.591330291169,23.5947673980159,0],[-109.59082772963,23.5952123492587,0],[-109.590734496458,23.59530045829551,0],[-109.590647692195,23.5953939796499,0],[-109.590479399773,23.5955877428189,0],[-109.590369866156,23.5957029678778,0],[-109.590249670893,23.5958087820066,0],[-109.589778195827,23.5961884096895,0]]]},"id":27},{"type":"Feature","properties":{"Name":"MIA-P Campo de Golf","description":"null","timestamp":"null","begin":"null","end":"null","altitudeMode":"null","tessellate":1,"extrude":0,"visibility":-1,"drawOrder":"null","icon":"null"},"geometry":{"type":"Polygon","coordinates":[[[-109.59169209945,23.5945739124795,0],[-109.591876207433,23.5947756392752,0],[-109.592539658695,23.5945805226563,0],[-109.593305100078,23.5943554071086,0],[-109.593287307283,23.5943151121225,0],[-109.593296440182,23.5943138448691,0],[-109.593304980843,23.5943106051458,0],[-109.593312435492,23.5943055802549,0],[-109.593318373145,23.5942990607067,0],[-109.59332245052,23.5942914234245,0],[-109.593324431888,23.5942831099519,0],[-109.593324202697,23.5942746009264,0],[-109.593321776199,23.59426638829081,0],[-109.59319626178,23.5939820451022,0],[-109.593189274704,23.5939612868773,0],[-109.593186225779,23.593939735259,0],[-109.593180749555,23.59390834184901,0],[-109.593167631112,23.5938789334777,0],[-109.593147565222,23.5938530676375,0],[-109.593121614593,23.5938321142044,0],[-109.593091153593,23.5938171828885,0],[-109.593057795463,23.5938090644636,0],[-109.593023306873,23.5938081888874,0],[-109.592847204511,23.5938601117176,0],[-109.592003784963,23.5942284718834,0],[-109.59169209945,23.5945739124795,0]]]},"id":28},{"type":"Feature","properties":{"Name":"MIA-P Campo de Golf","description":"null","timestamp":"null","begin":"null","end":"null","altitudeMode":"null","tessellate":1,"extrude":0,"visibility":-1,"drawOrder":"null","icon":"null"},"geometry":{"type":"Polygon","coordinates":[[[-109.592003784963,23.5942284718834,0],[-109.592847204511,23.5938601117176,0],[-109.593023306873,23.5938081888874,0],[-109.593057795463,23.5938090644636,0],[-109.593091153593,23.5938171828885,0],[-109.593121614593,23.5938321142044,0],[-109.593147565222,23.5938530676375,0],[-109.593167631112,23.5938789334777,0],[-109.593180749555,23.59390834184901,0],[-109.593186225779,23.593939735259,0],[-109.593189274704,23.5939612868773,0],[-109.59319626178,23.5939820451022,0],[-109.593321776199,23.59426638829081,0],[-109.593324170548,23.5942744024284,0],[-109.593324471046,23.5942827101851,0],[-109.593322661121,23.5942908534809,0],[-109.593318840572,23.5942983833039,0],[-109.593313220058,23.5943048844684,0],[-109.593306109489,23.5943099985073,0],[-109.593297900932,23.5943134434386,0],[-109.593287875673,23.5943163993447,0],[-109.593305100078,23.5943554071086,0],[-109.593433221204,23.5943177263621,0],[-109.593315908503,23.5940519101874,0],[-109.593310372072,23.5940373778434,0],[-109.593308393748,23.5940220840974,0],[-109.593310068035,23.5940067595461,0],[-109.593315314949,23.5939921362572,0],[-109.593323883842,23.5939789127984,0],[-109.593601663569,23.5935941285726,0],[-109.593625710235,23.5935560803549,0],[-109.593639266926,23.5935138583881,0],[-109.593641558335,23.5934698773763,0],[-109.593632453427,23.5934266526224,0],[-109.593263931535,23.5923686583394,0],[-109.593242901482,23.5923284797402,0],[-109.593213962737,23.5922927213049,0],[-109.593178171994,23.5922626887414,0],[-109.592864246692,23.5921029895005,0],[-109.592811102576,23.5921427281629,0],[-109.592824562244,23.5921618480162,0],[-109.59282636087,23.592165037282,0],[-109.592827438609,23.5921684916392,0],[-109.592827752775,23.5921720742771,0],[-109.592827290927,23.5921756433044,0],[-109.592802086816,23.5922632949412,0],[-109.592801545854,23.5922688264725,0],[-109.592802548067,23.5922743030843,0],[-109.592805027641,23.5922793651318,0],[-109.592808821745,23.5922836801944,0],[-109.592813681223,23.5922869649053,0],[-109.592875447691,23.5923183837923,0],[-109.592908449471,23.5923096028759,0],[-109.592917962948,23.5923400101,0],[-109.592946208171,23.5923325043235,0],[-109.592954358686,23.59235852356751,0],[-109.59298260115,23.5923510089691,0],[-109.592995129803,23.5923300892737,0],[-109.592996647606,23.5923281917026,0],[-109.592998646596,23.5923267208288,0],[-109.593000990546,23.5923257768898,0],[-109.59300351972,23.5923254242136,0],[-109.593006061758,23.5923256868344,0],[-109.593008443425,23.592326546855,0],[-109.59308616005,23.5923660789996,0],[-109.593145902982,23.5924062630701,0],[-109.593192871449,23.5924589183745,0],[-109.593224092075,23.5925207115452,0],[-109.593539236481,23.593428515352,0],[-109.593546058367,23.5934633133381,0],[-109.593542875202,23.5934985528114,0],[-109.593529903907,23.5935318322591,0],[-109.593508028447,23.5935608837392,0],[-109.593478739597,23.593583727438,0],[-109.593444033345,23.5935988065918,0],[-109.59281264543,23.5937849690133,0],[-109.591948424451,23.5941627115138,0],[-109.591634424109,23.594510717543,0],[-109.59169209945,23.5945739124795,0],[-109.592003784963,23.5942284718834,0]]]},"id":29},{"type":"Feature","properties":{"Name":"MIA-P Campo de Golf","description":"null","timestamp":"null","begin":"null","end":"null","altitudeMode":"null","tessellate":1,"extrude":0,"visibility":-1,"drawOrder":"null","icon":"null"},"geometry":{"type":"Polygon","coordinates":[[[-109.594136572974,23.5965306323449,0],[-109.594265695169,23.5966067507452,0],[-109.594387931143,23.5966919803347,0],[-109.594502525635,23.5967857945161,0],[-109.59459487393,23.5968676022961,0],[-109.594627496927,23.5968911655702,0],[-109.594664582106,23.596908225912,0],[-109.594280096871,23.5960363539399,0],[-109.59420834517,23.5960415482904,0],[-109.594181222797,23.5959800994349,0],[-109.594149317811,23.5959078160298,0],[-109.594174312917,23.5959861694189,0],[-109.594183607112,23.5960673882394,0],[-109.5941634074,23.5962446176966,0],[-109.594098379648,23.5964124433801,0],[-109.594090286596,23.5964337396967,0],[-109.594088175143,23.5964562202141,0],[-109.594092177121,23.596478481342,0],[-109.594102042667,23.5964991331873,0],[-109.594117155818,23.596516886333,0],[-109.594136572974,23.5965306323449,0]]]},"id":30},{"type":"Feature","properties":{"Name":"MIA-P Campo de Golf","description":"null","timestamp":"null","begin":"null","end":"null","altitudeMode":"null","tessellate":1,"extrude":0,"visibility":-1,"drawOrder":"null","icon":"null"},"geometry":{"type":"Polygon","coordinates":[[[-109.593433221204,23.5943177263621,0],[-109.593315908503,23.5940519101874,0],[-109.593310372072,23.5940373778434,0],[-109.593308393748,23.5940220840974,0],[-109.593310068035,23.5940067595461,0],[-109.593315314949,23.5939921362572,0],[-109.593323883842,23.5939789127984,0],[-109.593601663569,23.5935941285726,0],[-109.593625710235,23.5935560803549,0],[-109.593639266926,23.5935138583881,0],[-109.593641558335,23.5934698773763,0],[-109.593632453427,23.5934266526224,0],[-109.593263931535,23.5923686583394,0],[-109.593242901482,23.5923284797402,0],[-109.593213962737,23.5922927213049,0],[-109.593178171994,23.5922626887414,0],[-109.59388914926,23.5926243714952,0],[-109.594276027868,23.5937389278554,0],[-109.593314019576,23.5940153495909,0],[-109.59344584281,23.594314014309,0],[-109.593433221204,23.5943177263621,0]]]},"id":31},{"type":"Feature","properties":{"Name":"Poligono 6D52","description":null,"timestamp":null,"begin":null,"end":null,"altitudeMode":null,"tessellate":1,"extrude":0,"visibility":-1,"drawOrder":null,"icon":null},"geometry":{"type":"Polygon","coordinates":[[[-109.591989898997,23.5964794367453,0],[-109.591983112647,23.5964905400789,0],[-109.591979328026,23.5965027970469,0],[-109.591978754491,23.5965155296305,0],[-109.591981423768,23.596528033501,0],[-109.591984813796,23.596537715695,0],[-109.592028195849,23.5966282786686,0],[-109.592090866875,23.5967086794682,0],[-109.59217014573,23.5967754784052,0],[-109.592262640744,23.5968258176969,0],[-109.592415188473,23.5968902651493,0],[-109.59243711352,23.5968967824997,0],[-109.592460083749,23.5968984023655,0],[-109.592482829548,23.5968950352133,0],[-109.592504093713,23.5968868671521,0],[-109.592522700932,23.5968743496466,0],[-109.592537622749,23.5968581745635,0],[-109.592603472838,23.5967499947396,0],[-109.592631806962,23.5966939025271,0],[-109.59273100531,23.5965471610168,0],[-109.592865594147,23.5964267197498,0],[-109.593027669122,23.596339652131,0],[-109.593207711708,23.5962910715537,0],[-109.593395148204,23.5962838311067,0],[-109.593578970688,23.5963183560213,0],[-109.59384113503,23.596419869571,0],[-109.593869250986,23.5964269009395,0],[-109.593898379697,23.5964273507162,0],[-109.593926735474,23.596421191328,0],[-109.593952580014,23.5964088003659,0],[-109.593974328961,23.5963909374369,0],[-109.593990649034,23.5963686975977,0],[-109.594048371165,23.5962231794451,0],[-109.594066034507,23.5960691005873,0],[-109.59405865868,23.5960058065253,0],[-109.594038724074,23.5959448570469,0],[-109.593334158592,23.5943468609377,0],[-109.592539658695,23.5945805226563,0],[-109.591876207433,23.5947756392752,0],[-109.591721383214,23.5946059987028,0],[-109.591608340261,23.5947303002877,0],[-109.591532752884,23.5948094656775,0],[-109.591452485829,23.5948846169521,0],[-109.591259914852,23.5950551135689,0],[-109.591480713535,23.5954243902513,0],[-109.591675551788,23.5957541414919,0],[-109.591799808852,23.5962824479227,0],[-109.591846897011,23.5961928041572,0],[-109.591859487687,23.5961747072285,0],[-109.591876363014,23.5961598656295,0],[-109.591896566679,23.5961491204242,0],[-109.591918953752,23.5961430805363,0],[-109.591942255573,23.5961420882425,0],[-109.591965151642,23.5961461997755,0],[-109.591986344456,23.5961551821375,0],[-109.59200463303,23.5961685263042,0],[-109.592079213722,23.5962377537111,0],[-109.592093400283,23.5962544580155,0],[-109.592102967219,23.5962737512664,0],[-109.592107386656,23.5962945689232,0],[-109.592106414739,23.5963157623328,0],[-109.592100105093,23.5963361621086,0],[-109.592088805864,23.5963546426542,0],[-109.591989898997,23.5964794367453,0]]]},"id":32},{"type":"Feature","properties":{"Name":"MIA-P Campo de Golf","description":"null","timestamp":"null","begin":"null","end":"null","altitudeMode":"null","tessellate":1,"extrude":0,"visibility":-1,"drawOrder":"null","icon":"null"},"geometry":{"type":"Polygon","coordinates":[[[-109.597638826054,23.5944533502617,0],[-109.597381110154,23.5955103347421,0],[-109.597325132938,23.5956656133799,0],[-109.59723688333,23.595807593371,0],[-109.597119859927,23.595930645864,0],[-109.596978702112,23.5960298923827,0],[-109.596818427262,23.5961133022706,0],[-109.596651753094,23.5961852764194,0],[-109.596479638594,23.5962454007137,0],[-109.596303074051,23.5962933292186,0],[-109.596127747885,23.5963377082686,0],[-109.595954436855,23.5963883658645,0],[-109.59578340558,23.5964452246592,0],[-109.595629310047,23.5965026114364,0],[-109.595477594955,23.5965651535496,0],[-109.5953284633,23.5966327673173,0],[-109.595182114621,23.5967053622722,0],[-109.595038744737,23.5967828412822,0],[-109.594845226442,23.5968924490925,0],[-109.594808228568,23.5969089627536,0],[-109.594768407142,23.59691836949891,0],[-109.594727351394,23.5969202939156,0],[-109.594686699815,23.5969146592027,0],[-109.597211863104,23.5957000852946,0],[-109.598356500584,23.5915807917422,0],[-109.598593754581,23.5915829327526,0],[-109.598305312874,23.5922587675181,0],[-109.598263941363,23.5923887402397,0],[-109.59824831115,23.5925234219434,0],[-109.598239241961,23.5930107316064,0],[-109.598223803075,23.5931303571282,0],[-109.598182577568,23.5932446778263,0],[-109.59776874733,23.5940939225627,0],[-109.597716753221,23.59421096507941,0],[-109.597673381205,23.594330953903,0],[-109.597638826054,23.5944533502617,0]]]},"id":33},{"type":"Feature","properties":{"Name":"MIA-P Campo de Golf","description":"null","timestamp":"null","begin":"null","end":"null","altitudeMode":"null","tessellate":1,"extrude":0,"visibility":-1,"drawOrder":"null","icon":"null"},"geometry":{"type":"Polygon","coordinates":[[[-109.598362795903,23.5907337666052,0],[-109.598147907961,23.5915789090764,0],[-109.598593754581,23.5915829327526,0],[-109.598628753581,23.5915009276262,0],[-109.598696472463,23.5913860672086,0],[-109.598792499822,23.591289860367,0],[-109.598911055237,23.5912180982783,0],[-109.599045002245,23.5911751006599,0],[-109.599284678163,23.5911275153585,0],[-109.599310550651,23.5911190852375,0],[-109.599333274681,23.5911049069543,0],[-109.599351377257,23.5910858995606,0],[-109.599363684952,23.5910632951358,0],[-109.599369399973,23.5910385589224,0],[-109.599368151869,23.5910132943469,0],[-109.599360021548,23.5909891390835,0],[-109.599100443589,23.5904653467273,0],[-109.599072685504,23.5903850832868,0],[-109.59906640342,23.5903010407118,0],[-109.599081956722,23.5902180274258,0],[-109.599118455501,23.5901407929541,0],[-109.599487637915,23.5895609924712,0],[-109.599578412014,23.5894183596556,0],[-109.599669212997,23.5892757414194,0],[-109.599751562928,23.5891259709244,0],[-109.599813316631,23.5889680083076,0],[-109.599970833764,23.5884710528033,0],[-109.59832257183,23.5884635029788,0],[-109.598362795903,23.5907337666052,0]]]},"id":34},{"type":"Feature","properties":{"Name":"MIA-P Campo de Golf","description":"null","timestamp":"null","begin":"null","end":"null","altitudeMode":"null","tessellate":1,"extrude":0,"visibility":-1,"drawOrder":"null","icon":"null"},"geometry":{"type":"Polygon","coordinates":[[[-109.591289864893,23.5940404129505,0],[-109.591565667715,23.5943475447222,0],[-109.591632068509,23.5944104495364,0],[-109.591583034518,23.5944544098428,0],[-109.591605586459,23.5944791200676,0],[-109.591634424109,23.594510717543,0],[-109.591948424451,23.5941627115138,0],[-109.59281264543,23.5937849690133,0],[-109.593444033345,23.5935988065918,0],[-109.593478739597,23.593583727438,0],[-109.593508028447,23.5935608837392,0],[-109.593529903907,23.5935318322591,0],[-109.593542875202,23.5934985528114,0],[-109.593546058367,23.5934633133381,0],[-109.593539236481,23.593428515352,0],[-109.593224092075,23.5925207115452,0],[-109.593192871449,23.5924589183745,0],[-109.593145902982,23.5924062630701,0],[-109.59308616005,23.5923660789996,0],[-109.593008443425,23.592326546855,0],[-109.593006061758,23.5923256868344,0],[-109.59300351972,23.5923254242136,0],[-109.593000990546,23.5923257768898,0],[-109.592998646596,23.5923267208288,0],[-109.592996647606,23.5923281917026,0],[-109.592995129803,23.5923300892737,0],[-109.59298260115,23.5923510089691,0],[-109.592954358686,23.59235852356751,0],[-109.592946208171,23.5923325043235,0],[-109.592917962948,23.5923400101,0],[-109.592908449471,23.5923096028759,0],[-109.592875447691,23.5923183837923,0],[-109.592813681223,23.5922869649053,0],[-109.592808821745,23.5922836801944,0],[-109.592805027641,23.5922793651318,0],[-109.592802548067,23.5922743030843,0],[-109.592801545854,23.5922688264725,0],[-109.592802086816,23.5922632949412,0],[-109.592827290927,23.5921756433044,0],[-109.592827752775,23.5921720742771,0],[-109.592827438609,23.5921684916392,0],[-109.59282636087,23.592165037282,0],[-109.592824562244,23.5921618480162,0],[-109.592811102576,23.5921427281629,0],[-109.592803720997,23.592148247756,0],[-109.592672399997,23.5925398116929,0],[-109.592628817209,23.5926267094309,0],[-109.59253792828,23.5929979046459,0],[-109.592514118321,23.5931859740813,0],[-109.591905500233,23.5934604960887,0],[-109.591289864893,23.5940404129505,0]]]},"id":35},{"type":"Feature","properties":{"Name":"MIA-P Campo de Golf","description":"null","timestamp":"null","begin":"null","end":"null","altitudeMode":"null","tessellate":1,"extrude":0,"visibility":-1,"drawOrder":"null","icon":"null"},"geometry":{"type":"Polygon","coordinates":[[[-109.587775427484,23.5985126291231,0],[-109.587737257063,23.59857264019241,0],[-109.587877134259,23.5987273203882,0],[-109.587953946525,23.59853205210411,0],[-109.587996972478,23.5984317204444,0],[-109.588046148678,23.5983338182163,0],[-109.588217986364,23.5980158804986,0],[-109.588292258109,23.5978905745345,0],[-109.588376596176,23.5977708014082,0],[-109.588470517875,23.5976572465761,0],[-109.588573485675,23.5975505599064,0],[-109.588719772543,23.5974100711316,0],[-109.58881233314,23.5973142916856,0],[-109.58889691473,23.5972124383994,0],[-109.588973049634,23.5971050744755,0],[-109.589102665596,23.5969065451755,0],[-109.58918159338,23.596794789668,0],[-109.589268886133,23.5966884486998,0],[-109.589364108137,23.5965880530466,0],[-109.589674534565,23.5962831989862,0],[-109.589778195827,23.5961884096895,0],[-109.590249670893,23.5958087820066,0],[-109.590369866156,23.5957029678778,0],[-109.590479399773,23.5955877428189,0],[-109.590647692195,23.5953939796499,0],[-109.590734496458,23.5953004582956,0],[-109.59082772963,23.5952123492587,0],[-109.591330291169,23.5947673980159,0],[-109.591403645267,23.5946987191584,0],[-109.591472722737,23.5946263718991,0],[-109.591605586459,23.5944791200676,0],[-109.591583034518,23.5944544098428,0],[-109.591632068509,23.5944104495364,0],[-109.591565667715,23.5943475447222,0],[-109.591430710998,23.5944871303975,0],[-109.591351822571,23.5945269816109,0],[-109.591272934098,23.5945668327818,0],[-109.590266206727,23.5956072311589,0],[-109.590211931284,23.5956885221714,0],[-109.589319961402,23.5962870084807,0],[-109.588934204675,23.5966811335227,0],[-109.588838405406,23.5968414010502,0],[-109.587775427484,23.5985126291231,0]]]},"id":36},{"type":"Feature","properties":{"Name":"Poligono C48FA6","description":null,"timestamp":null,"begin":null,"end":null,"altitudeMode":null,"tessellate":1,"extrude":0,"visibility":-1,"drawOrder":null,"icon":null},"geometry":{"type":"Polygon","coordinates":[[[-109.586741803655,23.6097541781835,0],[-109.586790809481,23.6097865763894,0],[-109.58690618458,23.6098354112493,0],[-109.58703922546,23.60991875774601,0],[-109.58712272297,23.6097358983,0],[-109.587293130598,23.60983285459781,0],[-109.587329135534,23.6097922138006,0],[-109.587630350132,23.6099491501726,0],[-109.587690723568,23.6099617181351,0],[-109.587687489799,23.6100934208006,0],[-109.587806504588,23.6101642632359,0],[-109.588000327235,23.6102844726321,0],[-109.588210613514,23.6104136562378,0],[-109.588290188852,23.6103141926475,0],[-109.588636537694,23.6105102059644,0],[-109.588565122928,23.6106114711583,0],[-109.588816221657,23.6107071328011,0],[-109.589057525502,23.610824169859,0],[-109.589262971698,23.6109439113055,0],[-109.589457438321,23.6110650300546,0],[-109.589639266021,23.6112123071377,0],[-109.589813161149,23.6113552106977,0],[-109.589976104188,23.6114646511219,0],[-109.59019020935,23.6116138730772,0],[-109.590398670953,23.6117516334703,0],[-109.590603299544,23.6118881424904,0],[-109.590790085941,23.6119988744145,0],[-109.590984627491,23.6121283808284,0],[-109.591177975053,23.6122514591823,0],[-109.591377410511,23.6123877110839,0],[-109.591578951667,23.6125301267148,0],[-109.591790028774,23.6126952374848,0],[-109.591902965209,23.612783579964,0],[-109.592132158576,23.6129190421699,0],[-109.592318139814,23.6130394700682,0],[-109.592484558328,23.6131270163345,0],[-109.592649264846,23.6132152933868,0],[-109.592803954593,23.6132912754667,0],[-109.592987316203,23.6133585333987,0],[-109.593191524304,23.6134668852041,0],[-109.59331239157,23.6134906331472,0],[-109.593486557596,23.6135654491462,0],[-109.59369119887,23.6136494642396,0],[-109.593790227901,23.6136994864277,0],[-109.593875437381,23.6137425279151,0],[-109.594074773032,23.6137925740245,0],[-109.594171913366,23.6138657884905,0],[-109.594387917258,23.6139737962931,0],[-109.594582310058,23.6140833382818,0],[-109.594734206224,23.6141290757556,0],[-109.595032130893,23.6141989302926,0],[-109.59517116553,23.6142576643885,0],[-109.595313744918,23.6142869683582,0],[-109.595533049925,23.6143579368017,0],[-109.595645891555,23.6144090911409,0],[-109.59574267514,23.614431265739,0],[-109.596008844388,23.6145170495791,0],[-109.596061651454,23.6145758458332,0],[-109.59630409764,23.6146370786448,0],[-109.596387451799,23.6147197348422,0],[-109.596610024972,23.6148082812298,0],[-109.596646739703,23.6148794151138,0],[-109.596695370802,23.6149000827745,0],[-109.596849048315,23.6149555068348,0],[-109.596997383983,23.6150690426158,0],[-109.597114962077,23.615099676339,0],[-109.597237018416,23.6151741028321,0],[-109.597356618511,23.6152051596394,0],[-109.597415391371,23.6152728057447,0],[-109.597460390156,23.6152870590693,0],[-109.597670418847,23.6153311941943,0],[-109.597706663947,23.6154045479406,0],[-109.597767147128,23.6154362590672,0],[-109.597872857023,23.6154690890995,0],[-109.598009978328,23.6155543343953,0],[-109.598163498474,23.6156292548555,0],[-109.59833251868,23.6157246836425,0],[-109.598511554821,23.6158167883387,0],[-109.598710565212,23.6159261070657,0],[-109.59889261357,23.6160200657965,0],[-109.599052118565,23.616129899045,0],[-109.599196115803,23.6162221704082,0],[-109.599378045088,23.6163419780913,0],[-109.599479852936,23.6164035360912,0],[-109.599988492247,23.6157250853804,0],[-109.602156578791,23.6128264924036,0],[-109.603375759555,23.6111964528491,0],[-109.60353284947,23.6102061460371,0],[-109.604590257365,23.6087829556663,0],[-109.602639016034,23.6077555659801,0],[-109.601230361497,23.60699067555341,0],[-109.600570826481,23.6066325449544,0],[-109.599183184954,23.6059068587801,0],[-109.599125580534,23.605878123799,0],[-109.599040662346,23.6058357637509,0],[-109.598111865482,23.60535086345561,0],[-109.597980106265,23.6055210348859,0],[-109.597762318435,23.6054132256645,0],[-109.597897853256,23.6052391420208,0],[-109.595302307109,23.6038840403467,0],[-109.594919794424,23.6042678986149,0],[-109.59480930518,23.6043928828971,0],[-109.594476981066,23.6047688024831,0],[-109.594322246492,23.6049438346748,0],[-109.594165794327,23.60511612403,0],[-109.594097994759,23.6051877068731,0],[-109.593907530276,23.6053203166487,0],[-109.593712059217,23.6054564116879,0],[-109.59351658776,23.6055925064593,0],[-109.593321115905,23.605728600963,0],[-109.593125643649,23.6058646951942,0],[-109.593081801662,23.6058902156743,0],[-109.593073559595,23.6058952500976,0],[-109.592939002719,23.6059733386456,0],[-109.592848368796,23.6060260963399,0],[-109.59277007204,23.6060501157082,0],[-109.592531970102,23.6061005683351,0],[-109.592280788117,23.6061537919506,0],[-109.592059808402,23.6062006154032,0],[-109.591894050938,23.6062284820751,0],[-109.591795716927,23.60623052598441,0],[-109.591697642131,23.6062236405115,0],[-109.591453261242,23.6062075758005,0],[-109.591208879942,23.6061915106753,0],[-109.590964498723,23.606175445168,0],[-109.5908365957,23.6061436372488,0],[-109.590709943876,23.60610782949,0],[-109.590475867377,23.6060369319165,0],[-109.590241677562,23.6059668297677,0],[-109.590007488014,23.6058967272768,0],[-109.589773298732,23.6058266244439,0],[-109.589539109718,23.6057565212688,0],[-109.589438837252,23.6057265051364,0],[-109.58905605678,23.6056801063022,0],[-109.588968613525,23.6056695067092,0],[-109.588718202815,23.6056391524398,0],[-109.588481244499,23.6056423761946,0],[-109.588236280812,23.60564571794441,0],[-109.587991317133,23.6056490593068,0],[-109.587746353389,23.6056523956292,0],[-109.587501389655,23.6056557315644,0],[-109.587256425869,23.6056590671132,0],[-109.587007134638,23.6056624705391,0],[-109.586915472647,23.6056637218453,0],[-109.586698451022,23.6056666752488,0],[-109.58664026622,23.605667468571,0],[-109.586629348456,23.6057220729305,0],[-109.586607994967,23.6057739926333,0],[-109.586576896224,23.6058215488168,0],[-109.586552135941,23.6058555283062,0],[-109.586535744021,23.6058935683107,0],[-109.586528463693,23.6059339440716,0],[-109.586530625058,23.605974824924,0],[-109.586540980811,23.6060111222929,0],[-109.586558870927,23.6060448384994,0],[-109.586583598549,23.6060746602143,0],[-109.586614181736,23.6061077751903,0],[-109.586652027421,23.6061337481329,0],[-109.586695218218,23.6061512631649,0],[-109.58680549644,23.6061754561468,0],[-109.586857170123,23.6061953179316,0],[-109.58690510659,23.6062219751569,0],[-109.586957017095,23.6062628435873,0],[-109.587000132716,23.6063116279961,0],[-109.587033055504,23.606366746646,0],[-109.587074748203,23.6064790608799,0],[-109.587086818948,23.6065972423231,0],[-109.587091002207,23.6066343167313,0],[-109.587103220318,23.60666984990741,0],[-109.587122970303,23.6067023790504,0],[-109.587149439116,23.606730565026,0],[-109.587180118192,23.606752433572,0],[-109.586986380009,23.6070365893456,0],[-109.586613480281,23.6074975813936,0],[-109.587012389156,23.6077715867453,0],[-109.587044806781,23.6079606960637,0],[-109.587048082962,23.6079798077527,0],[-109.586542956352,23.6085849728293,0],[-109.586539072434,23.6085822200068,0],[-109.586467199662,23.6086683263004,0],[-109.586449661489,23.60868933767,0],[-109.586049273818,23.608492167488,0],[-109.585665228963,23.6091423726919,0],[-109.585688826296,23.6091549004833,0],[-109.585739796238,23.6091819610782,0],[-109.585888524461,23.6092783677806,0],[-109.586115729332,23.6093953369417,0],[-109.586354686983,23.6095302146062,0],[-109.586490848544,23.6095908073325,0],[-109.586741803655,23.6097541781835,0]]]}},{"type":"Feature","properties":{"Name":"Poligono C47D14","description":null,"timestamp":null,"begin":null,"end":null,"altitudeMode":null,"tessellate":1,"extrude":0,"visibility":-1,"drawOrder":null,"icon":null},"geometry":{"type":"Polygon","coordinates":[[[-109.590452589582,23.610541461621,0],[-109.589748313246,23.6105350642414,0],[-109.589754961361,23.6099137597842,0],[-109.590459234379,23.6099201569755,0],[-109.590452589582,23.610541461621,0]]]}},{"type":"Feature","properties":{"Name":"MIA-R-DTCP-25","description":"null","timestamp":"null","begin":"null","end":"null","altitudeMode":"null","tessellate":1,"extrude":0,"visibility":-1,"drawOrder":"null","icon":"null"},"geometry":{"type":"Polygon","coordinates":[[[-109.5948886115,23.6131392050287,0],[-109.594679376737,23.61330797744621,0],[-109.594131768827,23.6131793312,0],[-109.593841853767,23.61372556398131,0],[-109.593875437126,23.6137425276833,0],[-109.594074773116,23.613792573841,0],[-109.594171913366,23.6138657884905,0],[-109.594387917548,23.6139737963886,0],[-109.594582310165,23.6140833386492,0],[-109.594734206342,23.6141290756116,0],[-109.594756145345,23.6141342195746,0],[-109.595032130893,23.6141989302926,0],[-109.59517116553,23.6142576643885,0],[-109.595313744918,23.6142869683583,0],[-109.595533049925,23.6143579368016,0],[-109.595645891555,23.6144090911409,0],[-109.59574267514,23.614431265739,0],[-109.596008844388,23.6145170495791,0],[-109.596061651454,23.6145758458333,0],[-109.59630409764,23.6146370786449,0],[-109.596387451799,23.6147197348422,0],[-109.596610025125,23.6148082816688,0],[-109.596646739703,23.6148794151138,0],[-109.596695370802,23.6149000827745,0],[-109.596849048315,23.6149555068348,0],[-109.596997383983,23.6150690426158,0],[-109.597114962077,23.615099676339,0],[-109.597237018416,23.6151741028321,0],[-109.597356618511,23.6152051596394,0],[-109.597415391371,23.6152728057447,0],[-109.597460390156,23.6152870590693,0],[-109.597670418847,23.6153311941944,0],[-109.597706663947,23.6154045479406,0],[-109.597767147128,23.6154362590672,0],[-109.597872857023,23.6154690890995,0],[-109.598009978328,23.6155543343953,0],[-109.598163498474,23.6156292548555,0],[-109.59833251868,23.6157246836425,0],[-109.598511554821,23.6158167883387,0],[-109.598710565212,23.6159261070657,0],[-109.59889261357,23.6160200657966,0],[-109.599052118565,23.616129899045,0],[-109.599196115803,23.6162221704082,0],[-109.599378045088,23.6163419780913,0],[-109.599479852936,23.6164035360912,0],[-109.599988492247,23.6157250853804,0],[-109.603375759555,23.6111964528491,0],[-109.60353284947,23.6102061460371,0],[-109.604590257365,23.6087829556663,0],[-109.602639016034,23.6077555659801,0],[-109.600570826481,23.6066325449544,0],[-109.599183184954,23.6059068587801,0],[-109.599125580534,23.605878123799,0],[-109.599011417169,23.6060636348358,0],[-109.599166979898,23.6061332044587,0],[-109.599318622374,23.6062097722961,0],[-109.599465974139,23.6062931513005,0],[-109.59960382544,23.6063901945148,0],[-109.59972390213,23.6065055655744,0],[-109.5998233651,23.6066365366823,0],[-109.599899862603,23.6067800111891,0],[-109.599951585865,23.6069325968065,0],[-109.599977311857,23.6070906858118,0],[-109.599976432218,23.6072505403476,0],[-109.599967045536,23.6073558818194,0],[-109.59995527542,23.6074610198529,0],[-109.599932850205,23.6076202216096,0],[-109.59990496089,23.6077786884742,0],[-109.599877254281,23.6079114615573,0],[-109.599845711515,23.6080435058273,0],[-109.599810355058,23.6081747271856,0],[-109.599771074796,23.6083054601284,0],[-109.599728009172,23.6084351768141,0],[-109.59968118907,23.6085637841916,0],[-109.599630648063,23.608691190005,0],[-109.59958969415,23.6088582814673,0],[-109.599569121301,23.6090285293968,0],[-109.599569183874,23.6091998295496,0],[-109.59950983394,23.6092051143972,0],[-109.599341737239,23.60920359763911,0],[-109.599311690555,23.6091994322884,0],[-109.59904435884,23.6093915609895,0],[-109.59891642547,23.6098537763882,0],[-109.598841120374,23.6099326034347,0],[-109.598633412664,23.6100992576445,0],[-109.598374453955,23.6102698594734,0],[-109.598326251702,23.6103016149865,0],[-109.59813835218,23.610406355839,0],[-109.597743145185,23.6106148260519,0],[-109.597155562355,23.6109479188697,0],[-109.595814777392,23.6119350133116,0],[-109.595346300452,23.6124380737145,0],[-109.5948886115,23.6131392050287,0]]]},"id":39},{"type":"Feature","properties":{"Name":"MIA-R-DTCP-25","description":"null","timestamp":"null","begin":"null","end":"null","altitudeMode":"null","tessellate":1,"extrude":0,"visibility":-1,"drawOrder":"null","icon":"null"},"geometry":{"type":"Polygon","coordinates":[[[-109.599302633443,23.607751157709,0],[-109.599305137927,23.6078339302427,0],[-109.599309342244,23.6079005617043,0],[-109.599277887946,23.607957128065,0],[-109.599242459672,23.6080207974563,0],[-109.599203658841,23.6080905525807,0],[-109.599186024632,23.6081566847789,0],[-109.599163992603,23.6082270412483,0],[-109.59915919046,23.6082848628621,0],[-109.599153671668,23.6083965484673,0],[-109.599148161658,23.6085015128588,0],[-109.599133756153,23.6085844441185,0],[-109.599054443779,23.6087482466022,0],[-109.599062238189,23.6088355830215,0],[-109.599086968631,23.6089343828529,0],[-109.599189353476,23.6091566083455,0],[-109.599217392937,23.6091829573399,0],[-109.599246134514,23.6091903442795,0],[-109.599341737239,23.60920359763911,0],[-109.59950983394,23.6092051143972,0],[-109.599569183874,23.6091998295496,0],[-109.599569121301,23.6090285293968,0],[-109.59958969415,23.6088582814673,0],[-109.599630648063,23.608691190005,0],[-109.59968118907,23.6085637841916,0],[-109.599728009172,23.6084351768141,0],[-109.599771074796,23.6083054601284,0],[-109.599810355058,23.6081747271856,0],[-109.599845711515,23.6080435058273,0],[-109.599877254281,23.6079114615573,0],[-109.59990496089,23.6077786884742,0],[-109.599932850205,23.6076202216096,0],[-109.59995527542,23.6074610198529,0],[-109.599967045536,23.6073558818194,0],[-109.599976432218,23.6072505403476,0],[-109.599977311857,23.6070906858118,0],[-109.599951585865,23.6069325968065,0],[-109.599899862603,23.6067800111891,0],[-109.5998233651,23.6066365366824,0],[-109.59972390213,23.6065055655744,0],[-109.59960382544,23.6063901945148,0],[-109.599465974139,23.6062931513005,0],[-109.599318579752,23.606209874335,0],[-109.599167145239,23.6061329989924,0],[-109.599011997783,23.60606269136141,0],[-109.599006563874,23.6060715212373,0],[-109.598887223795,23.6060239560432,0],[-109.598828828219,23.606195658284,0],[-109.598817506458,23.6063752926958,0],[-109.598853938704,23.6065520701328,0],[-109.598894859036,23.6067336054827,0],[-109.598914000424,23.6067789440896,0],[-109.598957910484,23.6068829935533,0],[-109.598974085184,23.6069324471028,0],[-109.598995851641,23.6069724933979,0],[-109.599019261948,23.6070276120651,0],[-109.59904108588,23.6071158817646,0],[-109.59904916218,23.6071893013981,0],[-109.599052709613,23.6072337717384,0],[-109.599074833907,23.6072720119525,0],[-109.599126575752,23.6073168654076,0],[-109.599198645572,23.6073528420787,0],[-109.59926017625,23.6074153758133,0],[-109.599295183638,23.6074821754202,0],[-109.599304523443,23.6075732996056,0],[-109.599303545792,23.6076653015306,0],[-109.599302633443,23.607751157709,0]]]},"id":40},{"type":"Feature","properties":{"Name":"MIA-R-DTCP-25","description":"null","timestamp":"null","begin":"null","end":"null","altitudeMode":"null","tessellate":1,"extrude":0,"visibility":-1,"drawOrder":"null","icon":"null"},"geometry":{"type":"Polygon","coordinates":[[[-109.58977369997,23.607167018487,0],[-109.589760371875,23.6071454114722,0],[-109.589609758684,23.607240122794,0],[-109.589384039015,23.6073752051442,0],[-109.589333613484,23.6074548815448,0],[-109.589147750606,23.6073975626912,0],[-109.589160191016,23.6073633083222,0],[-109.588967220547,23.6073037972557,0],[-109.588555314539,23.6069982986321,0],[-109.588538361832,23.607017603257,0],[-109.588515508208,23.6070005611799,0],[-109.588532460917,23.6069812565575,0],[-109.588450644271,23.6069202453625,0],[-109.588048483042,23.6065466840504,0],[-109.588125010328,23.6064767246764,0],[-109.588334734761,23.6063772607535,0],[-109.588427112244,23.6062167309584,0],[-109.588631506887,23.606218589413,0],[-109.588853281205,23.6063319593138,0],[-109.588954795151,23.6064510444816,0],[-109.588997613859,23.6064676772098,0],[-109.589208830006,23.6065775427501,0],[-109.589271048059,23.6066186837303,0],[-109.589413600714,23.6066940225146,0],[-109.589458759487,23.6066868088457,0],[-109.589539305619,23.6067293771805,0],[-109.589669155994,23.6067980024842,0],[-109.589807435727,23.6068418471878,0],[-109.589869330112,23.6069056288627,0],[-109.589969111591,23.6070084527137,0],[-109.589996684201,23.6070845825726,0],[-109.589883614936,23.6071221779047,0],[-109.58977369997,23.607167018487,0]]]},"id":41},{"type":"Feature","properties":{"Name":"MIA-R-DTCP-25","description":"null","timestamp":"null","begin":"null","end":"null","altitudeMode":"null","tessellate":1,"extrude":0,"visibility":-1,"drawOrder":"null","icon":"null"},"geometry":{"type":"Polygon","coordinates":[[[-109.592075231683,23.6122241978538,0],[-109.59207523139,23.6122241972707,0],[-109.592206841476,23.6111044494952,0],[-109.592215264188,23.6107509103216,0],[-109.592220207841,23.6106509557875,0],[-109.592226216992,23.6106093750203,0],[-109.592242995877,23.6105703805345,0],[-109.592269541589,23.6105363030848,0],[-109.592304267448,23.6105091795265,0],[-109.592345097841,23.6104906310705,0],[-109.592389592281,23.6104817663821,0],[-109.592489007694,23.610462643867,0],[-109.592581039638,23.6104230720254,0],[-109.592660807266,23.6103651495218,0],[-109.592761412031,23.6102798145469,0],[-109.592761500794,23.6102797392561,0],[-109.592886464006,23.6101802287144,0],[-109.593000567351,23.6102914692337,0],[-109.593124873254,23.610393002948,0],[-109.593258412908,23.6104840385097,0],[-109.593400145529,23.6105638663913,0],[-109.593548966475,23.6106318644157,0],[-109.593766618617,23.6107205082068,0],[-109.593777466876,23.6107236007802,0],[-109.593788796354,23.6107243093007,0],[-109.593799998591,23.6107225957163,0],[-109.59381047196,23.6107185520568,0],[-109.59381965398,23.6107123954905,0],[-109.593827051521,23.6107044566615,0],[-109.593896429939,23.610619748903,0],[-109.593975170947,23.6105423030174,0],[-109.594046850676,23.6104662484338,0],[-109.594102436137,23.6103795103958,0],[-109.594140097283,23.6102849446405,0],[-109.594146922892,23.6102456944252,0],[-109.594144964416,23.6102059844516,0],[-109.594134303329,23.6101674665448,0],[-109.594115383112,23.6101317429416,0],[-109.594089583382,23.6101008768816,0],[-109.59405763774,23.6100753550778,0],[-109.593937169811,23.6100044691571,0],[-109.593810117805,23.6099441284984,0],[-109.593677565744,23.6098948479296,0],[-109.593571548688,23.6098513784263,0],[-109.593499511607,23.6098098209974,0],[-109.593462453789,23.609774647873,0],[-109.593434702066,23.6097328235378,0],[-109.593417616462,23.6096863976809,0],[-109.593412034278,23.6096376454963,0],[-109.593418229069,23.6095889561817,0],[-109.593428261125,23.6095114610348,0],[-109.593419884914,23.6094337990734,0],[-109.59340083185,23.6093406686634,0],[-109.593386165558,23.6092468663418,0],[-109.593372026996,23.6090981028907,0],[-109.593368455454,23.6089488062929,0],[-109.593540203274,23.6089450169752,0],[-109.593710764299,23.6089260612571,0],[-109.593878564929,23.6088921140216,0],[-109.594042057033,23.6088434884636,0],[-109.594199732238,23.6087806332005,0],[-109.594350135838,23.6087041281322,0],[-109.594491880224,23.6086146790914,0],[-109.594626926158,23.6085101444902,0],[-109.594730456494,23.6084128855443,0],[-109.59482477899,23.6083079748411,0],[-109.594909230274,23.6081961502428,0],[-109.594983216405,23.608078198237,0],[-109.595022692247,23.6080031683637,0],[-109.595131799489,23.608145629839,0],[-109.595225977294,23.6082968660469,0],[-109.595304400846,23.6084555525357,0],[-109.595366383287,23.6086202996025,0],[-109.595412112237,23.60879312071461,0],[-109.595439748231,23.6089691726218,0],[-109.59544903931,23.6091468506964,0],[-109.595439900713,23.6093245354825,0],[-109.595412415662,23.6095006074565,0],[-109.5953668346,23.6096734617889,0],[-109.595303572914,23.6098415229717,0],[-109.595244027861,23.6099735932418,0],[-109.59518102411,23.6101042938659,0],[-109.595114598719,23.61023354794751,0],[-109.595044790759,23.6103612794407,0],[-109.594975010464,23.6104817620682,0],[-109.594902220582,23.6106007231285,0],[-109.594826460154,23.6107180987995,0],[-109.594747769819,23.6108338261095,0],[-109.59464620181,23.6109620532609,0],[-109.594528907187,23.6110783271392,0],[-109.59461720238,23.6111443152295,0],[-109.594616427734,23.6111943061342,0],[-109.594665533367,23.6112925606682,0],[-109.594665515681,23.6112946166307,0],[-109.594664822552,23.6113033088927,0],[-109.594664588085,23.6113119024547,0],[-109.594665053929,23.6113203563969,0],[-109.594666461732,23.6113286297974,0],[-109.594668915474,23.6113371608938,0],[-109.594672087525,23.6113455818187,0],[-109.594675872065,23.6113538931427,0],[-109.594680163273,23.6113620954365,0],[-109.594684855329,23.6113701892729,0],[-109.594689842413,23.6113781752225,0],[-109.594695018706,23.6113860538579,0],[-109.594700278387,23.61139382575,0],[-109.594705515636,23.6114014914712,0],[-109.594711009164,23.61140814662941,0],[-109.594717696282,23.6114143700756,0],[-109.594725058547,23.6114203332258,0],[-109.594732577517,23.6114262074966,0],[-109.59473973475,23.6114321643033,0],[-109.594746011805,23.6114383750625,0],[-109.59475089024,23.6114450111916,0],[-109.594753851611,23.6114522441055,0],[-109.594754377478,23.6114602452216,0],[-109.594753669474,23.6114640602783,0],[-109.594752405284,23.611468010792,0],[-109.594750725858,23.6114720707447,0],[-109.594748772146,23.6114762141167,0],[-109.594746685098,23.61148041489,0],[-109.594744605663,23.611484647046,0],[-109.594742674792,23.6114888845667,0],[-109.594741033434,23.6114931014323,0],[-109.59473982254,23.6114972716261,0],[-109.594738771661,23.6115062403158,0],[-109.594739382031,23.6115152975317,0],[-109.594741167689,23.6115244114544,0],[-109.594743642666,23.6115335502677,0],[-109.594746320999,23.6115426821523,0],[-109.594748716722,23.6115517752914,0],[-109.594750343871,23.6115607978655,0],[-109.594750716477,23.6115697180569,0],[-109.594749348577,23.6115785040479,0],[-109.594747762263,23.6115835871027,0],[-109.594745828182,23.61158868076,0],[-109.594743589857,23.6115937677497,0],[-109.594741090808,23.6115988308012,0],[-109.594738374557,23.611603852646,0],[-109.594735484627,23.6116088160128,0],[-109.594732464537,23.611613703633,0],[-109.594729357811,23.6116184982373,0],[-109.59472620797,23.6116231825543,0],[-109.594722787269,23.6116277687447,0],[-109.594719006297,23.6116321786376,0],[-109.594714978203,23.6116364613986,0],[-109.594710816132,23.61164066619021,0],[-109.594706633233,23.6116448421787,0],[-109.594702542652,23.6116490385259,0],[-109.594698657539,23.6116533043973,0],[-109.59469509104,23.6116576889573,0],[-109.594691956303,23.6116622413697,0],[-109.594686761503,23.6116716979469,0],[-109.594682527295,23.6116815974418,0],[-109.594679175639,23.6116918545077,0],[-109.594676628494,23.6117023837969,0],[-109.594674807818,23.6117130999629,0],[-109.594673635572,23.6117239176569,0],[-109.594673033712,23.611734751534,0],[-109.594672924199,23.6117455162457,0],[-109.59467322899,23.6117561264442,0],[-109.594673703025,23.6117632488571,0],[-109.594674461479,23.6117704327348,0],[-109.594675491798,23.6117776510226,0],[-109.594676781423,23.6117848766678,0],[-109.594678317797,23.6117920826147,0],[-109.594680088364,23.6117992418105,0],[-109.594682080565,23.61180632719971,0],[-109.594684281846,23.6118133117296,0],[-109.594686679647,23.6118201683453,0],[-109.594690359812,23.6118278424006,0],[-109.594695336791,23.6118353063784,0],[-109.594701108607,23.6118426165546,0],[-109.594707173286,23.6118498292064,0],[-109.594713028853,23.6118570006089,0],[-109.594718173332,23.6118641870392,0],[-109.594722104744,23.6118714447745,0],[-109.594724321119,23.6118788300894,0],[-109.594724320476,23.6118863992618,0],[-109.594722999619,23.6118916066987,0],[-109.594720844367,23.6118969137701,0],[-109.594717999555,23.6119022866672,0],[-109.594714610019,23.6119076915839,0],[-109.594710820594,23.6119130947121,0],[-109.594706776118,23.611918462243,0],[-109.594702621427,23.6119237603705,0],[-109.594698501355,23.6119289552858,0],[-109.594694560741,23.611934013182,0],[-109.594691342766,23.6119382674668,0],[-109.594688114121,23.6119425596063,0],[-109.594684840528,23.6119468457287,0],[-109.594681487704,23.6119510819587,0],[-109.59467802137,23.6119552244227,0],[-109.594674407246,23.6119592292471,0],[-109.594670611052,23.6119630525574,0],[-109.594666598506,23.6119666504809,0],[-109.594662335331,23.6119699791432,0],[-109.59465949788,23.6119718727361,0],[-109.594656511311,23.6119736083608,0],[-109.594653414627,23.6119752295504,0],[-109.594650246822,23.6119767798394,0],[-109.594647046899,23.6119783027619,0],[-109.594643853856,23.6119798418506,0],[-109.594640706692,23.6119814406396,0],[-109.594637644407,23.6119831426634,0],[-109.594634705999,23.61198499145531,0],[-109.594632150135,23.6119866329094,0],[-109.59462933721,23.6119883331071,0],[-109.59462641159,23.6119900832836,0],[-109.594623517644,23.6119918746747,0],[-109.594620799739,23.6119936985184,0],[-109.594618402243,23.6119955460497,0],[-109.594616469523,23.6119974085065,0],[-109.594614575883,23.6120011431376,0],[-109.594616056537,23.6120050493409,0],[-109.594617880823,23.6120070340145,0],[-109.594620203672,23.612009034698,0],[-109.594622857025,23.6120110476117,0],[-109.594625672825,23.6120130689773,0],[-109.594628483014,23.6120150950161,0],[-109.594631119536,23.6120171219486,0],[-109.59463341433,23.6120191459963,0],[-109.594639513319,23.6120248379934,0],[-109.594645883875,23.6120304117117,0],[-109.594652367297,23.6120359453757,0],[-109.594658804886,23.6120415172116,0],[-109.594665037944,23.6120472054448,0],[-109.59467090777,23.6120530883015,0],[-109.594676255664,23.6120592440064,0],[-109.594680922927,23.6120657507866,0],[-109.594684750859,23.6120726868667,0],[-109.594686872218,23.6120775150765,0],[-109.594688809789,23.6120825365809,0],[-109.594690542637,23.6120877137167,0],[-109.594692049826,23.6120930088198,0],[-109.59469331042,23.6120983842261,0],[-109.594694303484,23.6121038022714,0],[-109.594695008081,23.6121092252925,0],[-109.594695403275,23.6121146156253,0],[-109.594695468133,23.6121199356058,0],[-109.594695256743,23.6121243692576,0],[-109.594694812366,23.6121288515326,0],[-109.594694150954,23.6121333598536,0],[-109.594693288464,23.6121378716424,0],[-109.594692240849,23.6121423643218,0],[-109.594691024063,23.6121468153144,0],[-109.594689654062,23.6121512020432,0],[-109.594688146801,23.6121555019289,0],[-109.594686518231,23.6121596923953,0],[-109.594683728865,23.6121654152046,0],[-109.59468028177,23.6121708532344,0],[-109.594676349818,23.612176083445,0],[-109.594672105883,23.612181182798,0],[-109.594667722837,23.6121862282539,0],[-109.594663373551,23.6121912967732,0],[-109.5946592309,23.6121964653164,0],[-109.594655467754,23.612201810845,0],[-109.594652256989,23.6122074103196,0],[-109.594650476094,23.6122112676359,0],[-109.594648898564,23.6122152193521,0],[-109.594647467846,23.61221924011391,0],[-109.594646127388,23.6122233045671,0],[-109.594644820637,23.6122273873593,0],[-109.594643491044,23.6122314631344,0],[-109.594642082054,23.6122355065391,0],[-109.594640537116,23.6122394922192,0],[-109.594638799678,23.6122433948214,0],[-109.594636808653,23.6122471750572,0],[-109.594634573195,23.6122508742952,0],[-109.594632176309,23.61225451704721,0],[-109.594629701002,23.6122581278258,0],[-109.594627230278,23.612261731144,0],[-109.594624847142,23.6122653515127,0],[-109.594622634602,23.6122690134454,0],[-109.594620675658,23.6122727414542,0],[-109.59461905332,23.6122765600509,0],[-109.594617454594,23.6122820049958,0],[-109.594616500362,23.6122875994967,0],[-109.594616031734,23.6122933085752,0],[-109.594615889818,23.6122990972545,0],[-109.594615915725,23.6123049305578,0],[-109.594615950565,23.6123107735067,0],[-109.594615835447,23.6123165911233,0],[-109.594615411481,23.612322348431,0],[-109.594614519777,23.6123280104522,0],[-109.594613485109,23.6123331634742,0],[-109.594612473395,23.6123384064413,0],[-109.594611411287,23.6123436839277,0],[-109.594610225432,23.6123489405106,0],[-109.594608842477,23.6123541207659,0],[-109.594607189074,23.6123591692672,0],[-109.59460519187,23.6123640305923,0],[-109.594602777514,23.6123686493166,0],[-109.594599872654,23.612372970015,0],[-109.594597256035,23.6123759769304,0],[-109.594594260297,23.6123787645593,0],[-109.594590977034,23.6123813892077,0],[-109.594587497839,23.61238390718451,0],[-109.594583914307,23.6123863747976,0],[-109.594580318027,23.6123888483523,0],[-109.594576800596,23.61239138415811,0],[-109.594573453607,23.6123940385223,0],[-109.594570368652,23.6123968677509,0],[-109.594566631638,23.6124008188813,0],[-109.594563090844,23.61240493227,0],[-109.594559716361,23.612409180633,0],[-109.59455647828,23.6124135366871,0],[-109.594553346696,23.6124179731475,0],[-109.594550291698,23.6124224627302,0],[-109.594547283382,23.612426978152,0],[-109.594544291836,23.612431492129,0],[-109.594541287156,23.6124359773771,0],[-109.594537152915,23.6124422383104,0],[-109.594533155678,23.6124485760502,0],[-109.594529272274,23.6124549772855,0],[-109.594525479533,23.6124614287045,0],[-109.594521754283,23.6124679169981,0],[-109.594518073354,23.61247442885451,0],[-109.594514413574,23.6124809509644,0],[-109.594510751771,23.61248747001621,0],[-109.594507064776,23.6124939726997,0],[-109.594503356038,23.6125005899507,0],[-109.594499735726,23.6125072516351,0],[-109.594496170528,23.6125139408199,0],[-109.59449262713,23.612520640574,0],[-109.594489072223,23.6125273339653,0],[-109.594485472493,23.6125340040619,0],[-109.594481794628,23.6125406339325,0],[-109.594478005316,23.6125472066434,0],[-109.594474071245,23.6125537052651,0],[-109.594470949101,23.6125587266409,0],[-109.594467812091,23.6125637533664,0],[-109.594464644086,23.6125687706367,0],[-109.594461428954,23.6125737636458,0],[-109.594458150568,23.6125787175861,0],[-109.594454792798,23.6125836176525,0],[-109.594451339512,23.6125884490391,0],[-109.594447774582,23.6125931969391,0],[-109.594444081878,23.6125978465465,0],[-109.594439485964,23.6126032124903,0],[-109.594434664506,23.6126084161212,0],[-109.594429662911,23.6126134901548,0],[-109.594424526586,23.6126184673092,0],[-109.594419300935,23.6126233803029,0],[-109.594414031365,23.6126282618513,0],[-109.594408763281,23.6126331446737,0],[-109.594403542089,23.6126380614875,0],[-109.594398413195,23.6126430450092,0],[-109.594395345813,23.6126460806602,0],[-109.594392272291,23.6126491112189,0],[-109.594389195968,23.6126521394657,0],[-109.594386120191,23.612655168176,0],[-109.594383048297,23.612658200132,0],[-109.594379983631,23.6126612381092,0],[-109.594376929533,23.6126642848869,0],[-109.594373889346,23.6126673432444,0],[-109.594370866411,23.6126704159601,0],[-109.594368146767,23.6126732067456,0],[-109.594365437339,23.6126760062508,0],[-109.59436273734,23.6126788137144,0],[-109.594360045984,23.61268162837621,0],[-109.594357362487,23.6126844494751,0],[-109.594354686063,23.6126872762497,0],[-109.594352015925,23.6126901079389,0],[-109.594349351288,23.6126929437815,0],[-109.594346691365,23.6126957830163,0],[-109.594341548808,23.6127010173199,0],[-109.594336163485,23.6127061282156,0],[-109.594330667804,23.6127111860251,0],[-109.594325194167,23.6127162610672,0],[-109.59431987498,23.61272142366351,0],[-109.594314842646,23.6127267441346,0],[-109.594310229571,23.6127322928004,0],[-109.594306168158,23.6127381399834,0],[-109.594302790815,23.6127443560025,0],[-109.59430131099,23.6127480294284,0],[-109.594300144381,23.612751860829,0],[-109.594299199481,23.6127558066533,0],[-109.594298384789,23.6127598233463,0],[-109.5942976088,23.6127638673562,0],[-109.594296780011,23.6127678951298,0],[-109.594295806918,23.6127718631132,0],[-109.594294598016,23.6127757277546,0],[-109.594293061804,23.6127794455008,0],[-109.594291143956,23.6127832666907,0],[-109.594289040804,23.612787073448,0],[-109.594286765097,23.6127908398817,0],[-109.594284329581,23.6127945401031,0],[-109.594281747009,23.6127981482221,0],[-109.594279030131,23.612801638349,0],[-109.594276191693,23.6128049845957,0],[-109.594273244447,23.6128081610724,0],[-109.594270201141,23.6128111418881,0],[-109.594264791864,23.6128153897635,0],[-109.594258756428,23.6128188659723,0],[-109.594252245525,23.6128217641442,0],[-109.594245409855,23.6128242779052,0],[-109.594238400109,23.6128266008849,0],[-109.594231366985,23.6128289267086,0],[-109.594224461177,23.6128314490069,0],[-109.594217833378,23.612834361406,0],[-109.594211634286,23.6128378575346,0],[-109.594208589651,23.6128398334572,0],[-109.59420552908,23.612841837028,0],[-109.594202477119,23.61284388000711,0],[-109.594199458316,23.612845974152,0],[-109.594196497213,23.6128481312219,0],[-109.594193618358,23.6128503629781,0],[-109.594190846295,23.612852681177,0],[-109.594188205571,23.6128550975798,0],[-109.594185720731,23.6128576239448,0],[-109.594183644072,23.6128601262958,0],[-109.594181794768,23.6128628227858,0],[-109.594180104592,23.6128656531361,0],[-109.594178505317,23.61286855706791,0],[-109.594176928722,23.6128714743035,0],[-109.594175306576,23.6128743445633,0],[-109.594173570658,23.6128771075695,0],[-109.594171652741,23.6128797030443,0],[-109.594169484599,23.6128820707079,0],[-109.594166656992,23.6128845112332,0],[-109.594163567423,23.6128867020188,0],[-109.594160270793,23.6128886962148,0],[-109.594156822006,23.612890546973,0],[-109.594153275965,23.6128923074455,0],[-109.594149687573,23.612894030783,0],[-109.594146111733,23.6128957701375,0],[-109.594142603348,23.6128975786609,0],[-109.594139217321,23.6128995095033,0],[-109.594130341946,23.6129052451932,0],[-109.594121752743,23.6129113630943,0],[-109.594113353644,23.6129177320975,0],[-109.594105048584,23.6129242210983,0],[-109.594096741497,23.6129306989886,0],[-109.594088336316,23.6129370346619,0],[-109.594079736976,23.6129430970118,0],[-109.59407084741,23.6129487549319,0],[-109.594061571553,23.612953877315,0],[-109.594057028432,23.6129561945158,0],[-109.594052450925,23.6129585331685,0],[-109.59404783418,23.6129608515136,0],[-109.594043173344,23.612963107791,0],[-109.594038463567,23.612965260242,0],[-109.594033699995,23.6129672671072,0],[-109.594028877777,23.6129690866273,0],[-109.59402399206,23.6129706770411,0],[-109.594019037993,23.6129719965917,0],[-109.594014840618,23.6129727838409,0],[-109.594010542623,23.6129732644822,0],[-109.594006174162,23.6129735274296,0],[-109.59400176539,23.6129736615997,0],[-109.593997346458,23.61297375590661,0],[-109.593992947521,23.6129738992678,0],[-109.593988598733,23.6129741805974,0],[-109.593984330247,23.6129746888111,0],[-109.593980172217,23.6129755128255,0],[-109.59397466195,23.6129771132293,0],[-109.593969285327,23.6129791083263,0],[-109.593964022196,23.6129814291747,0],[-109.593958852412,23.6129840068318,0],[-109.59395375582,23.6129867723574,0],[-109.593948712275,23.612989656808,0],[-109.593943701625,23.6129925912434,0],[-109.593938703722,23.61299550672,0],[-109.593933698416,23.6129983342968,0],[-109.593927990395,23.6130014818696,0],[-109.593922286057,23.613004658257,0],[-109.593916604829,23.6130078813661,0],[-109.593910966136,23.6130111691043,0],[-109.593905389401,23.6130145393787,0],[-109.59389989405,23.6130180100974,0],[-109.593894499511,23.6130215991669,0],[-109.593889225206,23.6130253244961,0],[-109.593884090559,23.6130292039923,0],[-109.593880772162,23.6130317632719,0],[-109.593877392511,23.6130343307808,0],[-109.593874003306,23.6130369271417,0],[-109.593870656244,23.6130395729788,0],[-109.593867403022,23.6130422889167,0],[-109.593864295339,23.6130450955779,0],[-109.593861384891,23.61304801358691,0],[-109.593858723374,23.6130510635662,0],[-109.593856362489,23.6130542661412,0],[-109.593854356855,23.6130576866865,0],[-109.593852706217,23.6130613025665,0],[-109.593851333104,23.613065072584,0],[-109.593850160047,23.6130689555408,0],[-109.593849109572,23.6130729102378,0],[-109.593848104209,23.6130768954778,0],[-109.593847066488,23.6130808700617,0],[-109.593845918935,23.6130847927912,0],[-109.593844584081,23.6130886224683,0],[-109.593843113603,23.6130926194183,0],[-109.593841710691,23.6130966938956,0],[-109.593840323854,23.613100801306,0],[-109.593838901604,23.6131048970537,0],[-109.593837392449,23.6131089365463,0],[-109.593835744902,23.6131128751871,0],[-109.593833907472,23.6131166683836,0],[-109.593831828669,23.6131202715392,0],[-109.593829457003,23.6131236400614,0],[-109.593827030064,23.6131263544342,0],[-109.594131768827,23.6131793312,0],[-109.593841853767,23.61372556398131,0],[-109.59369119887,23.6136494642396,0],[-109.593486557596,23.6135654491462,0],[-109.59331239157,23.6134906331471,0],[-109.593191524304,23.6134668852041,0],[-109.592987316203,23.6133585333987,0],[-109.592803954593,23.6132912754667,0],[-109.592649264846,23.6132152933868,0],[-109.592484558328,23.6131270163345,0],[-109.592318139814,23.6130394700682,0],[-109.592132158576,23.6129190421699,0],[-109.591902965209,23.6127835799639,0],[-109.591778917634,23.6126865463673,0],[-109.592075231322,23.6122241978466,0],[-109.592075231376,23.6122241978477,0],[-109.592075231683,23.6122241978538,0]]]},"id":42},{"type":"Feature","properties":{"Name":"MIA-R-DTCP-25","description":"null","timestamp":"null","begin":"null","end":"null","altitudeMode":"null","tessellate":1,"extrude":0,"visibility":-1,"drawOrder":"null","icon":"null"},"geometry":{"type":"Polygon","coordinates":[[[-109.594894760912,23.6066699815276,0],[-109.594993120116,23.6068238428821,0],[-109.595068971231,23.6069881688378,0],[-109.595121030403,23.6071601782077,0],[-109.595148416441,23.6073369597529,0],[-109.595150665736,23.60751552145401,0],[-109.595129782247,23.6076824905719,0],[-109.595086910177,23.6078458560106,0],[-109.595022692247,23.6080031683637,0],[-109.595109606126,23.6081142654131,0],[-109.595235388794,23.6080791632571,0],[-109.595321453648,23.6080549414888,0],[-109.595387096263,23.6080105342119,0],[-109.595462758747,23.607943216933,0],[-109.595515379413,23.60789769178,0],[-109.595596652847,23.6078134246253,0],[-109.595671727809,23.6077214611009,0],[-109.595697378304,23.6076586914304,0],[-109.595710705648,23.6075893008979,0],[-109.59572209911,23.6074982331484,0],[-109.595727957963,23.6074375057248,0],[-109.595743149465,23.607316082055,0],[-109.595741004363,23.6071913025606,0],[-109.595744632619,23.6070137922134,0],[-109.595724362236,23.6067985955581,0],[-109.595715285779,23.606672153859,0],[-109.595693028698,23.6064784145103,0],[-109.595699495904,23.6063579337084,0],[-109.595737115513,23.6062511082396,0],[-109.595804367485,23.6061349539559,0],[-109.595879043394,23.6059814579441,0],[-109.595930712745,23.605860364161,0],[-109.595957875821,23.6057566430334,0],[-109.595965743744,23.60567034183161,0],[-109.595937627762,23.6055373300631,0],[-109.595815950841,23.605355362698,0],[-109.595794627227,23.6053686673667,0],[-109.5956408797,23.6054672933742,0],[-109.595494186221,23.6055746563352,0],[-109.595355130568,23.6056903290025,0],[-109.595224266125,23.6058138510598,0],[-109.595114656445,23.6059289374765,0],[-109.595021360688,23.60605564904,0],[-109.594945815904,23.6061920340547,0],[-109.594889185742,23.6063359918224,0],[-109.594852342524,23.6064853049974,0],[-109.594853305671,23.6065490237744,0],[-109.594867625416,23.6066113675349,0],[-109.594894760912,23.6066699815276,0]]]},"id":43},{"type":"Feature","properties":{"Name":"MIA-R-DTCP-25","description":"null","timestamp":"null","begin":"null","end":"null","altitudeMode":"null","tessellate":1,"extrude":0,"visibility":-1,"drawOrder":"null","icon":"null"},"geometry":{"type":"Polygon","coordinates":[[[-109.595419472204,23.6088301149727,0],[-109.595442720273,23.6090003952335,0],[-109.59544886698,23.6091719242945,0],[-109.595437860109,23.6093432468738,0],[-109.595409792977,23.6095129094358,0],[-109.595364903649,23.6096794725236,0],[-109.595303572914,23.6098415229717,0],[-109.595244027861,23.6099735932418,0],[-109.59518102411,23.6101042938659,0],[-109.595114598719,23.61023354794751,0],[-109.595044790759,23.6103612794407,0],[-109.594975010464,23.6104817620681,0],[-109.594902220582,23.6106007231285,0],[-109.594826460154,23.6107180987995,0],[-109.594747769819,23.6108338261095,0],[-109.59464620181,23.6109620532609,0],[-109.594528907187,23.6110783271392,0],[-109.59461720238,23.6111443152295,0],[-109.594616427734,23.6111943061342,0],[-109.594665659501,23.61129281304621,0],[-109.594664822552,23.6113033088927,0],[-109.594664588085,23.6113119024547,0],[-109.594665053929,23.6113203563969,0],[-109.594666461732,23.6113286297974,0],[-109.594668915474,23.6113371608938,0],[-109.594672087525,23.6113455818187,0],[-109.594675872065,23.6113538931427,0],[-109.594680163273,23.6113620954365,0],[-109.594684855329,23.6113701892729,0],[-109.594689842413,23.6113781752225,0],[-109.594695018706,23.6113860538579,0],[-109.594700278387,23.61139382575,0],[-109.594705515636,23.6114014914712,0],[-109.594711009164,23.61140814662941,0],[-109.594717696282,23.6114143700756,0],[-109.594725058547,23.6114203332258,0],[-109.594737980742,23.6114304288198,0],[-109.594749645063,23.6114419699478,0],[-109.594755871781,23.6114571782079,0],[-109.594751909075,23.6114695614145,0],[-109.594748772146,23.6114762141167,0],[-109.594746685098,23.61148041489,0],[-109.594744605663,23.611484647046,0],[-109.594742674792,23.6114888845667,0],[-109.594741033434,23.6114931014323,0],[-109.59473982254,23.6114972716261,0],[-109.594738771661,23.6115062403158,0],[-109.594739382031,23.6115152975317,0],[-109.594741167689,23.6115244114544,0],[-109.594743642666,23.6115335502677,0],[-109.594748283646,23.6115493738768,0],[-109.594751289178,23.6115660396108,0],[-109.594748824279,23.6115818716015,0],[-109.594742545239,23.611596141826,0],[-109.59473713178,23.6116061503095,0],[-109.594726318619,23.6116236499961,0],[-109.594717639504,23.6116337727807,0],[-109.594703436454,23.6116481216136,0],[-109.594702542652,23.6116490385259,0],[-109.594698657539,23.6116533043973,0],[-109.59469509104,23.6116576889573,0],[-109.594691956303,23.6116622413697,0],[-109.594686761503,23.6116716979469,0],[-109.594682527295,23.6116815974418,0],[-109.594679175639,23.6116918545077,0],[-109.594676628494,23.6117023837969,0],[-109.594674807818,23.6117130999629,0],[-109.594673635572,23.6117239176569,0],[-109.594673033712,23.611734751534,0],[-109.594672924199,23.6117455162457,0],[-109.59467322899,23.6117561264442,0],[-109.594673703025,23.6117632488571,0],[-109.594674461479,23.6117704327348,0],[-109.594675491798,23.6117776510226,0],[-109.594676781423,23.6117848766678,0],[-109.594678317797,23.6117920826147,0],[-109.594680088364,23.6117992418105,0],[-109.594682080565,23.61180632719971,0],[-109.594684281846,23.6118133117296,0],[-109.594686679647,23.6118201683453,0],[-109.594690359812,23.6118278424006,0],[-109.594695336791,23.6118353063784,0],[-109.594701108607,23.6118426165546,0],[-109.594707173286,23.6118498292064,0],[-109.594716747605,23.6118615550208,0],[-109.594724321398,23.6118755369131,0],[-109.59472432014,23.6118903491979,0],[-109.594716763728,23.6119046207302,0],[-109.594709426763,23.6119150820989,0],[-109.594702621427,23.6119237603705,0],[-109.594698501355,23.6119289552858,0],[-109.594694560741,23.611934013182,0],[-109.594691342766,23.6119382674668,0],[-109.594681421523,23.6119514567012,0],[-109.594668295755,23.6119660014119,0],[-109.594656863549,23.6119736307749,0],[-109.594647046899,23.6119783027619,0],[-109.594643853856,23.6119798418506,0],[-109.594640706692,23.6119814406396,0],[-109.594637644407,23.6119831426634,0],[-109.594634705999,23.61198499145531,0],[-109.594631753888,23.6119868873915,0],[-109.59462641159,23.6119900832836,0],[-109.594623517644,23.6119918746747,0],[-109.594620799739,23.6119936985184,0],[-109.594618402243,23.6119955460497,0],[-109.594616469523,23.6119974085065,0],[-109.594614575883,23.6120011431376,0],[-109.594616056537,23.6120050493409,0],[-109.594617880823,23.6120070340145,0],[-109.594620203672,23.612009034698,0],[-109.594622857025,23.6120110476117,0],[-109.594631001836,23.6120168944898,0],[-109.594639513319,23.6120248379934,0],[-109.594645883875,23.6120304117117,0],[-109.594657496681,23.6120403233552,0],[-109.594668701513,23.6120505487852,0],[-109.594679206335,23.6120626403815,0],[-109.594686687548,23.6120761960791,0],[-109.59469327301,23.6120958710995,0],[-109.594696000706,23.6121168651552,0],[-109.594694173632,23.6121352942134,0],[-109.594688762599,23.6121550877328,0],[-109.594682546881,23.6121678402243,0],[-109.594675154459,23.6121776734902,0],[-109.594667722837,23.6121862282539,0],[-109.594663373551,23.6121912967732,0],[-109.5946592309,23.6121964653164,0],[-109.594655467754,23.612201810845,0],[-109.594652256989,23.6122074103196,0],[-109.594650476094,23.6122112676359,0],[-109.594648898564,23.6122152193521,0],[-109.594647467846,23.61221924011391,0],[-109.594646127388,23.6122233045671,0],[-109.594641087536,23.6122390510055,0],[-109.594636011981,23.6122486876483,0],[-109.594632176309,23.61225451704721,0],[-109.594627217452,23.6122617506287,0],[-109.594624847142,23.6122653515127,0],[-109.594622634602,23.6122690134454,0],[-109.594620675658,23.6122727414542,0],[-109.59461905332,23.6122765600509,0],[-109.594617454594,23.6122820049958,0],[-109.594616500362,23.6122875994967,0],[-109.594616031734,23.6122933085752,0],[-109.594615889818,23.6122990972545,0],[-109.594615915725,23.6123049305578,0],[-109.5946159974,23.6123186280486,0],[-109.594614519777,23.6123280104522,0],[-109.594613485109,23.6123331634742,0],[-109.594612037506,23.6123406653367,0],[-109.594612088966,23.6123406799526,0],[-109.594608058219,23.6123585471931,0],[-109.594599808324,23.6123743294522,0],[-109.594589874093,23.6123822709014,0],[-109.594580230316,23.6123889115856,0],[-109.594576800596,23.61239138415811,0],[-109.594573453607,23.6123940385223,0],[-109.594570368652,23.6123968677509,0],[-109.594566631638,23.6124008188813,0],[-109.594563090844,23.61240493227,0],[-109.594559716361,23.612409180633,0],[-109.59455647828,23.6124135366871,0],[-109.594553346696,23.6124179731475,0],[-109.594550291698,23.6124224627302,0],[-109.594547283382,23.612426978152,0],[-109.594544291836,23.612431492129,0],[-109.594541287156,23.6124359773771,0],[-109.594537152915,23.6124422383104,0],[-109.594533155678,23.6124485760502,0],[-109.594529272274,23.6124549772855,0],[-109.594525479533,23.6124614287045,0],[-109.594521754283,23.6124679169981,0],[-109.594518073354,23.61247442885451,0],[-109.594511113325,23.6124868323513,0],[-109.594507064776,23.6124939726997,0],[-109.594503356038,23.6125005899507,0],[-109.594499735726,23.6125072516351,0],[-109.594496170528,23.6125139408199,0],[-109.594484920893,23.6125352113027,0],[-109.594476647351,23.6125495620879,0],[-109.594464250853,23.6125694994993,0],[-109.594452536131,23.6125872015119,0],[-109.594441826155,23.6126006868033,0],[-109.594432601693,23.6126106424428,0],[-109.594422835168,23.6126201063109,0],[-109.594414031365,23.6126282618513,0],[-109.594408763281,23.6126331446737,0],[-109.594403542089,23.6126380614875,0],[-109.594398413195,23.6126430450092,0],[-109.594394386429,23.61264703011931,0],[-109.594389195968,23.6126521394657,0],[-109.594386120191,23.612655168176,0],[-109.594383048297,23.612658200132,0],[-109.594379983631,23.6126612381092,0],[-109.594376929533,23.6126642848869,0],[-109.594373889346,23.6126673432444,0],[-109.594370866411,23.6126704159601,0],[-109.594368146767,23.6126732067456,0],[-109.594365437339,23.6126760062508,0],[-109.59436273734,23.6126788137144,0],[-109.594360045984,23.61268162837621,0],[-109.594357362487,23.6126844494751,0],[-109.594354686063,23.6126872762497,0],[-109.594352015925,23.6126901079389,0],[-109.594349351288,23.6126929437815,0],[-109.594343702435,23.6126989734386,0],[-109.594336163485,23.6127061282156,0],[-109.594330667804,23.6127111860251,0],[-109.594325194167,23.6127162610672,0],[-109.59431987498,23.61272142366351,0],[-109.594314842646,23.6127267441346,0],[-109.594310229571,23.6127322928004,0],[-109.594306168158,23.6127381399834,0],[-109.594302790815,23.6127443560025,0],[-109.59430131099,23.6127480294284,0],[-109.594300144381,23.612751860829,0],[-109.594299199481,23.6127558066533,0],[-109.594298384789,23.6127598233463,0],[-109.594295583774,23.6127744206346,0],[-109.594288199343,23.6127891336467,0],[-109.594275328728,23.6128071152214,0],[-109.594262470428,23.6128172127743,0],[-109.594250060865,23.6128227365935,0],[-109.594231222138,23.6128289796133,0],[-109.594224461177,23.6128314490069,0],[-109.594217833378,23.612834361406,0],[-109.594211634286,23.6128378575346,0],[-109.594208589651,23.6128398334572,0],[-109.59420552908,23.612841837028,0],[-109.594202477119,23.61284388000711,0],[-109.594199458316,23.612845974152,0],[-109.594196497213,23.6128481312219,0],[-109.594193618358,23.6128503629781,0],[-109.594190846295,23.612852681177,0],[-109.594188205571,23.6128550975798,0],[-109.594185720731,23.6128576239448,0],[-109.594183644072,23.6128601262958,0],[-109.594181794768,23.6128628227858,0],[-109.594180104592,23.6128656531361,0],[-109.594178505317,23.61286855706791,0],[-109.594172703438,23.6128792925075,0],[-109.594163512127,23.6128872255861,0],[-109.594153275965,23.6128923074455,0],[-109.594149687573,23.612894030783,0],[-109.594146111733,23.6128957701375,0],[-109.594142603348,23.6128975786609,0],[-109.594139217321,23.6128995095033,0],[-109.594130341946,23.6129052451932,0],[-109.594121752743,23.6129113630943,0],[-109.594113353644,23.6129177320975,0],[-109.594097202268,23.6129303516679,0],[-109.594083314347,23.6129408201306,0],[-109.59407084741,23.6129487549319,0],[-109.594061571553,23.612953877315,0],[-109.594057028432,23.6129561945158,0],[-109.594040032705,23.6129648776476,0],[-109.59402086451,23.6129721101939,0],[-109.594008945456,23.612973443092,0],[-109.593992051943,23.6129739572041,0],[-109.593988598733,23.6129741805974,0],[-109.593984330247,23.6129746888111,0],[-109.593980172217,23.6129755128255,0],[-109.59397466195,23.6129771132293,0],[-109.593969285327,23.6129791083263,0],[-109.593964022196,23.6129814291747,0],[-109.593958852412,23.6129840068318,0],[-109.59395375582,23.6129867723574,0],[-109.593948712275,23.612989656808,0],[-109.593937066497,23.6129964770368,0],[-109.593927990395,23.6130014818696,0],[-109.593922286057,23.613004658257,0],[-109.593916604829,23.6130078813661,0],[-109.593910966136,23.6130111691043,0],[-109.593905389401,23.6130145393787,0],[-109.59389989405,23.6130180100974,0],[-109.593894499511,23.6130215991669,0],[-109.593889225206,23.6130253244961,0],[-109.593884090559,23.6130292039923,0],[-109.593880772162,23.6130317632719,0],[-109.593877392511,23.6130343307808,0],[-109.593874003306,23.6130369271417,0],[-109.593870656244,23.6130395729788,0],[-109.593867403022,23.6130422889167,0],[-109.593864295339,23.6130450955779,0],[-109.593861384891,23.61304801358691,0],[-109.593858723374,23.6130510635662,0],[-109.593856362489,23.6130542661412,0],[-109.593854356855,23.6130576866865,0],[-109.593852706217,23.6130613025665,0],[-109.593851333104,23.613065072584,0],[-109.593850160047,23.6130689555408,0],[-109.593849109572,23.6130729102378,0],[-109.593846371396,23.6130837643137,0],[-109.593843113603,23.6130926194183,0],[-109.593841710691,23.6130966938956,0],[-109.593827378233,23.6131264149613,0],[-109.594062541248,23.613167296511,0],[-109.594131768827,23.6131793312,0],[-109.594679376737,23.61330797744621,0],[-109.5948886115,23.6131392050287,0],[-109.595346300452,23.6124380737145,0],[-109.595814777392,23.6119350133116,0],[-109.595886429984,23.6118815575517,0],[-109.597155562355,23.6109479188697,0],[-109.597743145185,23.6106148260519,0],[-109.59813835218,23.610406355839,0],[-109.598326251702,23.6103016149865,0],[-109.598374453955,23.6102698594734,0],[-109.598633412664,23.6100992576445,0],[-109.598841120374,23.6099326034347,0],[-109.59891642547,23.6098537763882,0],[-109.59904435884,23.6093915609895,0],[-109.599311690555,23.6091994322884,0],[-109.599246134514,23.6091903442795,0],[-109.599217392937,23.6091829573399,0],[-109.599189353476,23.6091566083455,0],[-109.599086968631,23.6089343828529,0],[-109.599062238189,23.6088355830215,0],[-109.599054443779,23.6087482466022,0],[-109.599133756153,23.6085844441185,0],[-109.599148161658,23.6085015128588,0],[-109.599153671668,23.6083965484673,0],[-109.59915919046,23.6082848628621,0],[-109.599163992603,23.6082270412483,0],[-109.599186024632,23.6081566847789,0],[-109.599203658841,23.6080905525807,0],[-109.599242459672,23.6080207974563,0],[-109.599277887946,23.607957128065,0],[-109.599309342244,23.6079005617043,0],[-109.599305137927,23.6078339302427,0],[-109.599302633443,23.607751157709,0],[-109.599303545792,23.6076653015306,0],[-109.599304523443,23.6075732996056,0],[-109.599295183638,23.6074821754202,0],[-109.59926017625,23.6074153758133,0],[-109.599198645572,23.6073528420787,0],[-109.599126575752,23.6073168654076,0],[-109.599074833907,23.6072720119525,0],[-109.599052709613,23.6072337717384,0],[-109.59904916218,23.6071893013981,0],[-109.59904108588,23.6071158817646,0],[-109.599019261948,23.6070276120651,0],[-109.598995851641,23.6069724933979,0],[-109.598974085184,23.6069324471028,0],[-109.598957910484,23.6068829935533,0],[-109.598914000424,23.6067789440896,0],[-109.598894859036,23.6067336054827,0],[-109.598853938704,23.6065520701328,0],[-109.598817506458,23.6063752926958,0],[-109.598828828219,23.606195658284,0],[-109.598887223795,23.6060239560432,0],[-109.598835350075,23.606004776022,0],[-109.598657116535,23.6059382219621,0],[-109.598480580787,23.60586793050191,0],[-109.598305835107,23.6057939383854,0],[-109.598132970837,23.6057162842912,0],[-109.597962078333,23.6056350088117,0],[-109.597660210743,23.6054825819224,0],[-109.597500243519,23.6053922414695,0],[-109.597340205311,23.6053020080217,0],[-109.597180096204,23.6052118816265,0],[-109.597019916282,23.6051218623312,0],[-109.596859665629,23.6050319501831,0],[-109.59669934433,23.6049421452296,0],[-109.59653895247,23.6048524475178,0],[-109.596465042729,23.6048224749089,0],[-109.596385242344,23.6048110970384,0],[-109.596304959037,23.6048190849331,0],[-109.596229633255,23.6048458972868,0],[-109.596164369501,23.6048897171421,0],[-109.596113590428,23.6049475750155,0],[-109.596080737137,23.6050155501244,0],[-109.5960208355,23.6051461482127,0],[-109.595931094065,23.6052613176006,0],[-109.595815950841,23.605355362698,0],[-109.595937627762,23.6055373300631,0],[-109.595965743744,23.60567034183161,0],[-109.595957875821,23.6057566430334,0],[-109.595930712745,23.605860364161,0],[-109.595879043394,23.6059814579441,0],[-109.595804367485,23.6061349539559,0],[-109.595737115513,23.6062511082396,0],[-109.595699495904,23.6063579337084,0],[-109.595693028698,23.6064784145103,0],[-109.595715285779,23.606672153859,0],[-109.595724362236,23.6067985955581,0],[-109.595744632619,23.6070137922134,0],[-109.595741004363,23.6071913025606,0],[-109.595743149465,23.607316082055,0],[-109.595727957963,23.6074375057248,0],[-109.59572209911,23.6074982331484,0],[-109.595710705648,23.6075893008979,0],[-109.595697378304,23.6076586914304,0],[-109.595671727809,23.6077214611009,0],[-109.595596652847,23.6078134246253,0],[-109.595515379413,23.60789769178,0],[-109.595462758747,23.607943216933,0],[-109.595387096263,23.6080105342119,0],[-109.595321453648,23.6080549414888,0],[-109.595235388794,23.6080791632571,0],[-109.595109606126,23.6081142654131,0],[-109.595189133565,23.6082337297904,0],[-109.595258691515,23.6083583645939,0],[-109.595317886403,23.6084874646708,0],[-109.595366383287,23.6086202996025,0],[-109.595379059284,23.6086616377658,0],[-109.595419472204,23.6088301149727,0]]]},"id":44},{"type":"Feature","properties":{"Name":"MIA-R-DTCP-25","description":"null","timestamp":"null","begin":"null","end":"null","altitudeMode":"null","tessellate":1,"extrude":0,"visibility":-1,"drawOrder":"null","icon":"null"},"geometry":{"type":"Polygon","coordinates":[[[-109.594733172509,23.6074917488789,0],[-109.594732650481,23.6074772937479,0],[-109.594716615757,23.6073684854776,0],[-109.594674568096,23.6072657418406,0],[-109.594605692253,23.6071091528457,0],[-109.594567767007,23.6069438438915,0],[-109.594554372307,23.6068934133314,0],[-109.594528346268,23.6068473653962,0],[-109.594474573776,23.6067801158605,0],[-109.594354487544,23.606912190966,0],[-109.594218382183,23.6070303388679,0],[-109.594068145811,23.60713292053291,0],[-109.593905862596,23.6072185128712,0],[-109.593733783842,23.6072859284803,0],[-109.593554296756,23.6073342321189,0],[-109.593369891331,23.6073627536821,0],[-109.593183125795,23.6073710974986,0],[-109.592996591118,23.6073591478199,0],[-109.592801909182,23.6073422270674,0],[-109.592606426601,23.6073376401616,0],[-109.592411062474,23.6073454086659,0],[-109.592216735344,23.6073654960528,0],[-109.592024358878,23.6073978078745,0],[-109.59184939606,23.6074249309232,0],[-109.591672419674,23.6074365027748,0],[-109.591495053732,23.6074324172442,0],[-109.591318925818,23.6074127118249,0],[-109.591145652156,23.6073775673451,0],[-109.590976822771,23.6073273063076,0],[-109.590813986904,23.6072623899304,0],[-109.590632348751,23.6072017295263,0],[-109.590440795901,23.6071785408547,0],[-109.590248318714,23.607193912247,0],[-109.59008479964,23.6072296239914,0],[-109.589926520274,23.6072816540774,0],[-109.589932426497,23.6072946125076,0],[-109.589942303035,23.6073127991287,0],[-109.589950434856,23.6073276383584,0],[-109.589957034596,23.6073396114133,0],[-109.589962316357,23.6073492018398,0],[-109.589968480977,23.6073605419199,0],[-109.589973467585,23.6073705011775,0],[-109.589976989726,23.6073785240382,0],[-109.589979402098,23.6073850077269,0],[-109.589981251095,23.6073909890989,0],[-109.589982922194,23.6073973779759,0],[-109.58998429285,23.6074036072539,0],[-109.589985452682,23.607410058223,0],[-109.589986455038,23.6074170533712,0],[-109.589987320166,23.6074247796075,0],[-109.589987933911,23.6074324315464,0],[-109.589988295972,23.6074410448944,0],[-109.589987976989,23.6074488077136,0],[-109.589985166286,23.6074539019384,0],[-109.589981774468,23.6074593160791,0],[-109.5899780691,23.6074648564068,0],[-109.589975337429,23.6074688750275,0],[-109.589972340891,23.6074732506294,0],[-109.589969122838,23.6074779508914,0],[-109.589965736336,23.6074829288474,0],[-109.589962244424,23.6074881090796,0],[-109.589958683663,23.6074934513885,0],[-109.589955083727,23.6074989261631,0],[-109.589951473235,23.6075045060133,0],[-109.589947879686,23.6075101661807,0],[-109.589944329315,23.6075158852367,0],[-109.589940852012,23.6075216376683,0],[-109.589937491987,23.6075273711776,0],[-109.589934269145,23.6075330546695,0],[-109.589931180124,23.6075386898008,0],[-109.589928216903,23.60754428511,0],[-109.589925371135,23.6075498485719,0],[-109.589922633967,23.6075553879445,0],[-109.589919995903,23.6075609111528,0],[-109.589917435152,23.6075664516922,0],[-109.589914890223,23.6075721482238,0],[-109.589912322562,23.6075781603709,0],[-109.589909751218,23.6075845395186,0],[-109.5899072075,23.6075913029293,0],[-109.589904718814,23.6075984653721,0],[-109.589902305704,23.6076060447124,0],[-109.589899980909,23.607614066086,0],[-109.589897749884,23.6076225647655,0],[-109.589895615378,23.6076315751929,0],[-109.589893598534,23.6076410615565,0],[-109.58989172787,23.6076509744798,0],[-109.589890036675,23.60766125975101,0],[-109.589888562181,23.6076718612753,0],[-109.589887345366,23.6076827244768,0],[-109.589886431609,23.6076937992799,0],[-109.589885873161,23.6077050251514,0],[-109.589885722548,23.6077162799367,0],[-109.589885999176,23.6077274711366,0],[-109.589886711424,23.6077385739241,0],[-109.589887868526,23.6077495793508,0],[-109.589889480835,23.6077604777912,0],[-109.589891559842,23.6077712586921,0],[-109.589893965086,23.6077812730314,0],[-109.589926043636,23.6077867677812,0],[-109.58995580702,23.6077990872307,0],[-109.58998157189,23.60781753462051,0],[-109.590001881041,23.6078410666081,0],[-109.59001558583,23.6078683522776,0],[-109.59002191114,23.6078978484119,0],[-109.590020499221,23.6079278867742,0],[-109.590020081351,23.6079362542059,0],[-109.590021771236,23.6079444844713,0],[-109.590025477562,23.6079521328417,0],[-109.590031000054,23.6079587860321,0],[-109.590038040303,23.607964084532,0],[-109.590318850465,23.608129346585,0],[-109.590362600697,23.6081532053317,0],[-109.590411342939,23.6081665158619,0],[-109.590503693338,23.60818924624621,0],[-109.590589636477,23.6082278041746,0],[-109.590614631743,23.6082390996904,0],[-109.590641465431,23.6082459319204,0],[-109.590669208259,23.6082480642565,0],[-109.590708611626,23.6082517781221,0],[-109.590746138016,23.6082634573976,0],[-109.59077991591,23.6082825196141,0],[-109.590808260734,23.6083080141002,0],[-109.590859247435,23.608379884397,0],[-109.590892573652,23.6084600699329,0],[-109.590992044164,23.6084344956356,0],[-109.591094794551,23.608424964522,0],[-109.591229970715,23.6084199038765,0],[-109.59136467465,23.6084083354293,0],[-109.591498537634,23.6083902908453,0],[-109.591648068509,23.6083716209269,0],[-109.591814593298,23.6083623508609,0],[-109.591981396592,23.6083650167046,0],[-109.592147472412,23.6083796023824,0],[-109.592311819163,23.6084060199311,0],[-109.592473445676,23.6084441100299,0],[-109.592631377188,23.6084936429611,0],[-109.592754761347,23.6085344529197,0],[-109.592879996257,23.6085701564901,0],[-109.592953595713,23.6085885469717,0],[-109.592860160016,23.6083124496772,0],[-109.593363439459,23.6081678248481,0],[-109.593523462433,23.608140475362,0],[-109.593683584256,23.6081120343446,0],[-109.593830961777,23.6080477181912,0],[-109.59395629459,23.6079515856403,0],[-109.594051673489,23.607829703232,0],[-109.594093052435,23.6077360344664,0],[-109.594119163984,23.6076783050805,0],[-109.594159477445,23.6076279898333,0],[-109.594211661186,23.6075879988166,0],[-109.594272697042,23.6075606449958,0],[-109.594339054875,23.6075475104369,0],[-109.594406896743,23.607549354805,0],[-109.59451923457,23.6075513377751,0],[-109.594629585788,23.6075318546125,0],[-109.594733172509,23.6074917488789,0]]]},"id":45},{"type":"Feature","properties":{"Name":"MIA-R-DTCP-25","description":"null","timestamp":"null","begin":"null","end":"null","altitudeMode":"null","tessellate":1,"extrude":0,"visibility":-1,"drawOrder":"null","icon":"null"},"geometry":{"type":"Polygon","coordinates":[[[-109.589415036071,23.6077588179736,0],[-109.589393400859,23.6078183751523,0],[-109.589388569771,23.6078386909975,0],[-109.589388544646,23.6078594888743,0],[-109.58939332664,23.6078798145804,0],[-109.589402696357,23.6078987355763,0],[-109.589416223919,23.6079153837698,0],[-109.589432588675,23.6079089034422,0],[-109.589449980637,23.6079053607966,0],[-109.589490884255,23.6078956978323,0],[-109.589527817253,23.6078768349011,0],[-109.589566483907,23.60785654878441,0],[-109.589609178713,23.6078450062887,0],[-109.589728281817,23.6078262482205,0],[-109.58977527551,23.6078160774807,0],[-109.589792337187,23.6078108315635,0],[-109.589808080397,23.6078028161287,0],[-109.589834744018,23.6077898362514,0],[-109.58986384081,23.607782537686,0],[-109.589893965086,23.6077812730314,0],[-109.589891559842,23.6077712586921,0],[-109.589889480835,23.6077604777912,0],[-109.589887868526,23.6077495793508,0],[-109.589886711424,23.6077385739241,0],[-109.589885999176,23.6077274711366,0],[-109.589885722548,23.6077162799367,0],[-109.589885873161,23.6077050251514,0],[-109.589886431609,23.6076937992799,0],[-109.589887345366,23.6076827244768,0],[-109.589888562181,23.6076718612753,0],[-109.589890036675,23.60766125975101,0],[-109.58989172787,23.6076509744798,0],[-109.589893598534,23.6076410615565,0],[-109.589895615378,23.6076315751929,0],[-109.589897749884,23.6076225647655,0],[-109.589899980909,23.607614066086,0],[-109.589902305704,23.6076060447124,0],[-109.589904718814,23.6075984653721,0],[-109.5899072075,23.6075913029293,0],[-109.589909751218,23.6075845395186,0],[-109.589912322562,23.6075781603709,0],[-109.589914890223,23.6075721482238,0],[-109.589917435152,23.6075664516922,0],[-109.589919995903,23.6075609111528,0],[-109.589922633967,23.6075553879445,0],[-109.589925371135,23.6075498485719,0],[-109.589928216903,23.60754428511,0],[-109.589931180124,23.6075386898008,0],[-109.589934269145,23.6075330546695,0],[-109.589937491987,23.6075273711776,0],[-109.589940852012,23.6075216376683,0],[-109.589944329315,23.6075158852367,0],[-109.589947879686,23.6075101661807,0],[-109.589951473235,23.6075045060133,0],[-109.589955083727,23.6074989261631,0],[-109.589958683663,23.6074934513885,0],[-109.589962244424,23.6074881090796,0],[-109.589965736336,23.6074829288474,0],[-109.589969122838,23.6074779508914,0],[-109.589972340891,23.6074732506294,0],[-109.589975337429,23.6074688750275,0],[-109.5899780691,23.6074648564068,0],[-109.589980505362,23.6074612136669,0],[-109.589982613639,23.607457976564,0],[-109.589984362372,23.6074551851748,0],[-109.589985723116,23.6074528927179,0],[-109.589986679057,23.6074511601335,0],[-109.589987260229,23.6074499989857,0],[-109.58998755773,23.607449325525,0],[-109.589987679198,23.6074490041388,0],[-109.589987726319,23.60744885308471,0],[-109.589987774822,23.6074486565526,0],[-109.589987860182,23.6074481958926,0],[-109.589987978774,23.6074472814611,0],[-109.589988101854,23.6074457689765,0],[-109.589988191192,23.6074435948513,0],[-109.589988214066,23.6074408479413,0],[-109.589988154057,23.6074376687685,0],[-109.589988007279,23.6074341769582,0],[-109.589987776867,23.6074304735887,0],[-109.589987470019,23.6074266479181,0],[-109.589987096472,23.6074227818495,0],[-109.589986668686,23.6074189614029,0],[-109.589986201682,23.6074152852731,0],[-109.589985700305,23.6074117863111,0],[-109.58998516173,23.6074084399516,0],[-109.58998458093,23.607405209554,0],[-109.589983951524,23.6074020560174,0],[-109.589983265593,23.6073989386396,0],[-109.589982513681,23.6073958161668,0],[-109.589981692179,23.6073926754339,0],[-109.589980820185,23.6073895951354,0],[-109.589979892082,23.6073865927889,0],[-109.589978857704,23.60738354456881,0],[-109.589977650814,23.6073803008323,0],[-109.589976200487,23.6073767262805,0],[-109.589974435354,23.6073727055978,0],[-109.589972287202,23.6073681437162,0],[-109.589969680736,23.6073629380796,0],[-109.589966453917,23.607356813057,0],[-109.589962316357,23.6073492018398,0],[-109.589957034596,23.6073396114133,0],[-109.589950434856,23.6073276383584,0],[-109.589942303035,23.6073127991287,0],[-109.589932426497,23.6072946125076,0],[-109.589926520274,23.6072816540774,0],[-109.589860427547,23.6073097076323,0],[-109.589856217932,23.6073007933868,0],[-109.589816320281,23.6073189837722,0],[-109.58980415337,23.6073378406879,0],[-109.589787414513,23.607353440771,0],[-109.589767089934,23.60736486489151,0],[-109.589744377121,23.6073714399596,0],[-109.589720614274,23.6073727785835,0],[-109.589697201461,23.607368801894,0],[-109.589525392767,23.6074550063679,0],[-109.589415036071,23.6077588179736,0]]]},"id":46},{"type":"Feature","properties":{"Name":"Poligono C4778E","description":null,"timestamp":null,"begin":null,"end":null,"altitudeMode":null,"tessellate":1,"extrude":0,"visibility":-1,"drawOrder":null,"icon":null},"geometry":{"type":"Polygon","coordinates":[[[-109.586640268427,23.6056676057945,0],[-109.586670683034,23.6056671901025,0],[-109.586662616098,23.6052593447966,0],[-109.586633708123,23.6052598303425,0],[-109.586640268427,23.6056676057945,0]]]}},{"type":"Feature","properties":{"Name":"MIA-R-DTCP-25","description":"null","timestamp":"null","begin":"null","end":"null","altitudeMode":"null","tessellate":1,"extrude":0,"visibility":-1,"drawOrder":"null","icon":"null"},"geometry":{"type":"Polygon","coordinates":[[[-109.604637252114,23.6087363132351,0],[-109.603525919799,23.6102055611624,0],[-109.603375852486,23.6111965365448,0],[-109.600065360425,23.6156225342977,0],[-109.601495977061,23.6162136628912,0],[-109.601806746703,23.616342024569,0],[-109.602106926132,23.6164660544675,0],[-109.602295079668,23.6160552379682,0],[-109.602562538355,23.6161351702234,0],[-109.602768926912,23.6157925909107,0],[-109.602701611903,23.6154205228737,0],[-109.602601691787,23.6153185963034,0],[-109.60263893233,23.615220196356,0],[-109.602557153998,23.6150058561968,0],[-109.60342105654,23.6150057481325,0],[-109.604504411449,23.6138928681705,0],[-109.606316391607,23.6095777783469,0],[-109.604637252114,23.6087363132351,0]]]},"id":48},{"type":"Feature","properties":{"Name":"MIA-R-DTCP-25","description":"null","timestamp":"null","begin":"null","end":"null","altitudeMode":"null","tessellate":1,"extrude":0,"visibility":-1,"drawOrder":"null","icon":"null"},"geometry":{"type":"Polygon","coordinates":[[[-109.605650634694,23.6180744096411,0],[-109.606188055602,23.6167352609104,0],[-109.606132893663,23.6145686046259,0],[-109.606928690713,23.6134845083291,0],[-109.607453441835,23.61223731108471,0],[-109.607850117493,23.6111693948851,0],[-109.608213532086,23.6100444983949,0],[-109.606802170578,23.6098181115067,0],[-109.606404622236,23.6096192092176,0],[-109.604594145392,23.6139398983099,0],[-109.603532276363,23.615042981296,0],[-109.603532111442,23.6150441716688,0],[-109.603875274063,23.6154552799986,0],[-109.603592045486,23.6162411467289,0],[-109.603520258611,23.6167789223012,0],[-109.603721101469,23.6168661407112,0],[-109.603598976567,23.6170995312878,0],[-109.605650634694,23.6180744096411,0]]]},"id":49},{"type":"Feature","properties":{"Name":"MIA-R-DTCP-25","description":"null","timestamp":"null","begin":"null","end":"null","altitudeMode":"null","tessellate":1,"extrude":0,"visibility":-1,"drawOrder":"null","icon":"null"},"geometry":{"type":"Polygon","coordinates":[[[-109.589380102131,23.607947558873,0],[-109.589393132518,23.6079317029829,0],[-109.589409719894,23.6079189769691,0],[-109.589429003006,23.6079100415926,0],[-109.589449980637,23.6079053607966,0],[-109.589490884255,23.6078956978323,0],[-109.589527817253,23.6078768349011,0],[-109.589566483907,23.60785654878441,0],[-109.589609178713,23.6078450062887,0],[-109.589728281817,23.6078262482205,0],[-109.58977527551,23.6078160774807,0],[-109.589792337187,23.6078108315635,0],[-109.589808080397,23.6078028161287,0],[-109.589839703898,23.6077881336289,0],[-109.589874352111,23.6077813985609,0],[-109.589909716909,23.6077830595887,0],[-109.589943442431,23.6077930060613,0],[-109.589973282014,23.6078105753844,0],[-109.58999724786,23.6078345971591,0],[-109.590013743456,23.6078634711485,0],[-109.590021669922,23.6078952738791,0],[-109.590020499221,23.6079278867742,0],[-109.590020081351,23.6079362542059,0],[-109.590021771236,23.6079444844713,0],[-109.590025477562,23.6079521328417,0],[-109.590031000054,23.6079587860321,0],[-109.590038040303,23.607964084532,0],[-109.590318850465,23.608129346585,0],[-109.590362600697,23.6081532053317,0],[-109.590411342939,23.6081665158619,0],[-109.590503693338,23.60818924624621,0],[-109.590589636477,23.6082278041746,0],[-109.590614631743,23.6082390996904,0],[-109.590641465431,23.6082459319204,0],[-109.590669208259,23.6082480642565,0],[-109.590708611626,23.6082517781221,0],[-109.590746138016,23.6082634573976,0],[-109.59077991591,23.6082825196141,0],[-109.590808260734,23.6083080141002,0],[-109.590859247435,23.608379884397,0],[-109.590892573652,23.6084600699329,0],[-109.590992044164,23.6084344956356,0],[-109.591094794551,23.608424964522,0],[-109.591229970715,23.6084199038765,0],[-109.59136467465,23.6084083354293,0],[-109.591498537634,23.6083902908453,0],[-109.591648068509,23.6083716209269,0],[-109.591814593298,23.6083623508609,0],[-109.591981396592,23.6083650167046,0],[-109.592147472412,23.6083796023824,0],[-109.592311819163,23.6084060199311,0],[-109.592473445676,23.6084441100299,0],[-109.592631377188,23.6084936429611,0],[-109.592754761347,23.6085344529197,0],[-109.592879996257,23.6085701564901,0],[-109.592953595713,23.6085885469717,0],[-109.592860160016,23.6083124496772,0],[-109.593363439459,23.6081678248481,0],[-109.593523462433,23.608140475362,0],[-109.593683584256,23.6081120343446,0],[-109.593830961777,23.6080477181912,0],[-109.59395629459,23.6079515856403,0],[-109.594051673489,23.607829703232,0],[-109.594093052435,23.6077360344664,0],[-109.594119163984,23.6076783050805,0],[-109.594159477445,23.6076279898333,0],[-109.594211661186,23.6075879988166,0],[-109.594272697042,23.6075606449958,0],[-109.594339054875,23.6075475104369,0],[-109.594406896743,23.607549354805,0],[-109.59451923457,23.6075513377751,0],[-109.594629585788,23.6075318546125,0],[-109.594733172509,23.6074917488789,0],[-109.594742275142,23.6076537874179,0],[-109.594719842262,23.6078147207095,0],[-109.594666594365,23.6079693791086,0],[-109.594641963856,23.6080108590898,0],[-109.594552135291,23.6081309958685,0],[-109.594448360829,23.6082411784085,0],[-109.594331928726,23.6083400388713,0],[-109.594191857615,23.6084319959516,0],[-109.594041524383,23.6085089735017,0],[-109.59388280734,23.6085700097361,0],[-109.593717689553,23.6086143420456,0],[-109.593548234072,23.6086414165265,0],[-109.593376558145,23.6086508949017,0],[-109.593372299783,23.6087998458177,0],[-109.593368455454,23.6089488062929,0],[-109.593372026996,23.6090981028907,0],[-109.593386165558,23.6092468663418,0],[-109.59340083185,23.6093406686634,0],[-109.593419884914,23.6094337990734,0],[-109.593428261125,23.6095114610349,0],[-109.593418229069,23.6095889561817,0],[-109.593412034278,23.6096376454963,0],[-109.593417616462,23.6096863976809,0],[-109.593434702066,23.6097328235378,0],[-109.593462453789,23.609774647873,0],[-109.593499511607,23.6098098209974,0],[-109.593571548688,23.6098513784263,0],[-109.593677630097,23.6098948687267,0],[-109.593810182694,23.609944155896,0],[-109.593937234438,23.6100045034131,0],[-109.594057701261,23.6100753963689,0],[-109.594089610055,23.6101009029326,0],[-109.594115383112,23.6101317429416,0],[-109.594134298388,23.6101674541481,0],[-109.594144960197,23.6102059583267,0],[-109.594146925322,23.61024565487,0],[-109.594140112066,23.6102848936029,0],[-109.594102451955,23.610379479638,0],[-109.594046860349,23.6104662360606,0],[-109.593975168176,23.6105423054673,0],[-109.593896428703,23.6106197502554,0],[-109.593827051523,23.610704456659,0],[-109.593819653982,23.6107123954888,0],[-109.593810471962,23.6107185520558,0],[-109.593799998592,23.6107225957159,0],[-109.593788796355,23.6107243093006,0],[-109.593777466877,23.6107236007803,0],[-109.593766618617,23.6107205082068,0],[-109.593548966475,23.6106318644157,0],[-109.593400145529,23.6105638663913,0],[-109.593258412908,23.6104840385097,0],[-109.593124873254,23.610393002948,0],[-109.593000567351,23.6102914692337,0],[-109.592886464006,23.6101802287144,0],[-109.592761500794,23.6102797392561,0],[-109.592761412031,23.6102798145469,0],[-109.592660807266,23.6103651495218,0],[-109.592581039638,23.6104230720254,0],[-109.592489007694,23.610462643867,0],[-109.592389592281,23.6104817663821,0],[-109.592345097841,23.6104906310705,0],[-109.592304267448,23.6105091795265,0],[-109.592269541589,23.6105363030848,0],[-109.592242995877,23.6105703805345,0],[-109.592226216992,23.6106093750203,0],[-109.592220207841,23.6106509557875,0],[-109.592215264188,23.6107509103216,0],[-109.592206841476,23.6111044494947,0],[-109.59207523139,23.6122241972707,0],[-109.592075231376,23.6122241978477,0],[-109.591778917634,23.6126865463673,0],[-109.591578951667,23.6125301267148,0],[-109.591377410511,23.6123877110839,0],[-109.591177975053,23.6122514591823,0],[-109.590984627491,23.6121283808283,0],[-109.590790085941,23.6119988744145,0],[-109.590603299544,23.6118881424904,0],[-109.590398670953,23.6117516334703,0],[-109.59019020935,23.6116138730772,0],[-109.589976104188,23.6114646511219,0],[-109.589813161149,23.6113552106977,0],[-109.589682073654,23.6112474856451,0],[-109.589639266021,23.6112123071377,0],[-109.589457438321,23.6110650300545,0],[-109.589262971698,23.6109439113056,0],[-109.589057525502,23.610824169859,0],[-109.589021623893,23.6108067569165,0],[-109.588816221657,23.6107071328011,0],[-109.588565122928,23.6106114711583,0],[-109.588636537694,23.6105102059644,0],[-109.588290188852,23.6103141926475,0],[-109.588210613514,23.6104136562377,0],[-109.588000327235,23.6102844726321,0],[-109.587806504588,23.610164263236,0],[-109.587687489799,23.6100934208006,0],[-109.587690723568,23.6099617181351,0],[-109.587630350132,23.6099491501726,0],[-109.587329135534,23.6097922138006,0],[-109.587293130598,23.60983285459781,0],[-109.58712272297,23.6097358983,0],[-109.58703922546,23.60991875774601,0],[-109.58690618458,23.6098354112493,0],[-109.586790809481,23.6097865763894,0],[-109.586741803655,23.6097541781835,0],[-109.586490848544,23.6095908073325,0],[-109.586354686983,23.6095302146062,0],[-109.586115729332,23.6093953369417,0],[-109.585888524461,23.6092783677806,0],[-109.585739796238,23.6091819610782,0],[-109.585665228963,23.6091423726919,0],[-109.586049273818,23.608492167488,0],[-109.586449661489,23.60868933767,0],[-109.586467199662,23.6086683263004,0],[-109.586542956352,23.6085849728293,0],[-109.587048082962,23.6079798077527,0],[-109.587012389156,23.6077715867453,0],[-109.586613480281,23.6074975813936,0],[-109.58663690721,23.6074686203101,0],[-109.586986350206,23.6070366261897,0],[-109.587180118192,23.606752433572,0],[-109.587218714981,23.6067697501618,0],[-109.587260439878,23.6067790511418,0],[-109.587303358204,23.6067799052488,0],[-109.587409809901,23.606781191223,0],[-109.58751353592,23.6068032847022,0],[-109.587557567594,23.6068123464463,0],[-109.587602682099,23.6068119650617,0],[-109.587646525953,23.6068021604436,0],[-109.587686811959,23.6067834440676,0],[-109.587721438526,23.6067567923079,0],[-109.587856530079,23.60662593948051,0],[-109.587903532542,23.6065325239093,0],[-109.587931137357,23.60647294408861,0],[-109.587951842463,23.6064921768554,0],[-109.587970974296,23.6064746870279,0],[-109.588450644271,23.6069202453625,0],[-109.588532460917,23.6069812565575,0],[-109.588515508208,23.6070005611799,0],[-109.588538361832,23.607017603257,0],[-109.588555314539,23.6069982986321,0],[-109.588963422956,23.6073026260959,0],[-109.589160191016,23.6073633083222,0],[-109.589147750606,23.6073975626912,0],[-109.589333613484,23.6074548815448,0],[-109.589438064033,23.6075247380794,0],[-109.589368610867,23.6077159283376,0],[-109.589343055306,23.6077080452298,0],[-109.589333722897,23.6077337353666,0],[-109.589363910358,23.6077430472737,0],[-109.589344059175,23.6077976821206,0],[-109.589336611201,23.6078291330185,0],[-109.58933666756,23.6078613240198,0],[-109.589344225626,23.6078927526082,0],[-109.589358932632,23.6079219518519,0],[-109.589380102131,23.607947558873,0]]]},"id":50},{"type":"Feature","properties":{"Name":"MIA-R-DTCP-25","description":"null","timestamp":"null","begin":"null","end":"null","altitudeMode":"null","tessellate":1,"extrude":0,"visibility":-1,"drawOrder":"null","icon":"null"},"geometry":{"type":"Polygon","coordinates":[[[-109.594528180948,23.6068472193637,0],[-109.594554206987,23.606893267299,0],[-109.594567601687,23.60694369785911,0],[-109.594605526937,23.607109006824,0],[-109.594674402787,23.607265595828,0],[-109.594716450466,23.607368339523,0],[-109.59473248518,23.6074771478555,0],[-109.594733007428,23.6074916043932,0],[-109.594742109785,23.6076536423857,0],[-109.594719676847,23.607814575107,0],[-109.594666429108,23.607969232966,0],[-109.594641798529,23.6080107130668,0],[-109.594551970179,23.6081308495946,0],[-109.59444819599,23.6082410319306,0],[-109.59433176421,23.6083398922448,0],[-109.59419169302,23.6084318494946,0],[-109.59404135968,23.6085088271895,0],[-109.593882642505,23.6085698635404,0],[-109.593717524567,23.6086141959352,0],[-109.593548068922,23.6086412704678,0],[-109.593376392825,23.6086507488599,0],[-109.593375058686,23.6086958846084,0],[-109.593369763354,23.6088944945559,0],[-109.593369640164,23.6088944918129,0],[-109.593368290134,23.6089486602592,0],[-109.593540033112,23.6089448712602,0],[-109.593710589405,23.608925916714,0],[-109.593878385548,23.6088919714829,0],[-109.594041873538,23.6088433487257,0],[-109.594199545124,23.6087804970085,0],[-109.594349945716,23.608703996166,0],[-109.594491687812,23.6086145519518,0],[-109.594534757211,23.6085835212763,0],[-109.594582010386,23.608547062316,0],[-109.594538897135,23.6085803910992,0],[-109.59458199055,23.6085488524503,0],[-109.594626744459,23.6085117856043,0],[-109.594730267214,23.6084145338629,0],[-109.594824583514,23.6083096314617,0],[-109.594909030129,23.6081978160958,0],[-109.594983013238,23.608079874072,0],[-109.595022507084,23.6080048124758,0],[-109.595086725015,23.607847500123,0],[-109.595129597086,23.6076841346843,0],[-109.595150480576,23.6075171655665,0],[-109.59514823128,23.6073386038989,0],[-109.595120845251,23.6071618223864,0],[-109.595068786096,23.6069898130466,0],[-109.594992935006,23.606825487117,0],[-109.594894575835,23.6066716257829,0],[-109.594867440275,23.6066130116945,0],[-109.594853120511,23.6065506678244,0],[-109.594852157392,23.6064869489363,0],[-109.594889000646,23.6063376357165,0],[-109.594945630856,23.6061936779105,0],[-109.595021175699,23.60605729286611,0],[-109.595114471524,23.6059305812832,0],[-109.595224081281,23.6058154948593,0],[-109.595354945663,23.6056919728947,0],[-109.595494001245,23.6055763003114,0],[-109.595640694642,23.6054689374246,0],[-109.595794442079,23.605370311481,0],[-109.595815765693,23.6053570068122,0],[-109.595930908919,23.6052629617151,0],[-109.596020650355,23.6051477923274,0],[-109.596080551993,23.6050171942393,0],[-109.596113405284,23.6049492191305,0],[-109.596164184358,23.6048913612571,0],[-109.596229448113,23.604847541402,0],[-109.596304773896,23.6048207290484,0],[-109.596385057204,23.6048127411539,0],[-109.596464857591,23.6048241190245,0],[-109.596538767332,23.6048540916336,0],[-109.596699159194,23.6049437893456,0],[-109.596859480495,23.6050335942994,0],[-109.597019731149,23.6051235064477,0],[-109.597179911073,23.6052135257432,0],[-109.597340020182,23.60530365213871,0],[-109.597500058392,23.6053938855868,0],[-109.597660025618,23.6054842260399,0],[-109.597961893211,23.6056366529298,0],[-109.598132785717,23.6057179284095,0],[-109.598305649989,23.605795582504,0],[-109.598480395671,23.6058695746207,0],[-109.598656931421,23.6059398660811,0],[-109.598835164963,23.6060064201413,0],[-109.598887038684,23.6060256001628,0],[-109.599006378764,23.6060731653571,0],[-109.599011812674,23.6060643354812,0],[-109.599035496927,23.6060258495408,0],[-109.599064611351,23.6059785397594,0],[-109.599125395426,23.605879767919,0],[-109.599040477236,23.6058374078707,0],[-109.598111680363,23.605352507574,0],[-109.597979940943,23.605520888857,0],[-109.597762153114,23.6054130796353,0],[-109.597897687935,23.6052389959919,0],[-109.595302142615,23.6038838947448,0],[-109.594919918334,23.604267774169,0],[-109.595052629325,23.6042820860721,0],[-109.595183898914,23.6043050633827,0],[-109.595369788594,23.604333934373,0],[-109.595552771107,23.6043756980817,0],[-109.595674048012,23.6044221185846,0],[-109.595778660834,23.6044952721789,0],[-109.595859820035,23.6045904111061,0],[-109.595912258212,23.6047013607186,0],[-109.59593257197,23.60482092021571,0],[-109.595919442824,23.6049413299813,0],[-109.59587372279,23.6050547751947,0],[-109.595798379118,23.6051538930297,0],[-109.595698301717,23.6052322505227,0],[-109.595542554674,23.6053318586171,0],[-109.595393601151,23.6054399308052,0],[-109.595251982071,23.6055560746335,0],[-109.595118211728,23.6056798683365,0],[-109.595010381181,23.6057914927373,0],[-109.594898317952,23.6059314155113,0],[-109.594805824632,23.6060829997255,0],[-109.594734311845,23.6062439336627,0],[-109.594684870268,23.6064117630114,0],[-109.594612857606,23.6065066134756,0],[-109.594540499657,23.6066012405636,0],[-109.594465620648,23.606531608635,0],[-109.594336324913,23.6064288361241,0],[-109.594193793871,23.6063421925773,0],[-109.594040381534,23.6062731089626,0],[-109.593878621609,23.6062227262328,0],[-109.59371118566,23.606191876483,0],[-109.593534616205,23.6061558726987,0],[-109.593367520279,23.6060921473677,0],[-109.593214980409,23.6060026388235,0],[-109.593081636345,23.6058900696404,0],[-109.592938837402,23.6059731926115,0],[-109.593061667537,23.6060876627047,0],[-109.593201063831,23.606184691316,0],[-109.593354136465,23.6062622669229,0],[-109.593517712076,23.6063187812831,0],[-109.593688399543,23.6063530627777,0],[-109.593872730664,23.6063901782624,0],[-109.594048020464,23.6064545102995,0],[-109.594209571315,23.6065443348529,0],[-109.594353053757,23.6066572447049,0],[-109.594232520159,23.606794102984,0],[-109.594093009343,23.6069146835045,0],[-109.593937084418,23.6070167709112,0],[-109.593767610081,23.6070984896084,0],[-109.593587699982,23.6071583382223,0],[-109.593400659518,23.6071952171861,0],[-109.593209925098,23.6072084489438,0],[-109.593019001004,23.6071977903989,0],[-109.592846816476,23.60718190962,0],[-109.592673928699,23.6071751180821,0],[-109.592500902229,23.6071774379609,0],[-109.592328302074,23.6071888616791,0],[-109.592156691852,23.60720935193161,0],[-109.591986631946,23.6072388418068,0],[-109.591801732529,23.6072661079401,0],[-109.591614686279,23.6072741943372,0],[-109.591427828775,23.60726300003,0],[-109.591243493238,23.6072326648015,0],[-109.591063981394,23.6071835674401,0],[-109.590891534729,23.6071163210086,0],[-109.590730256158,23.6070578202208,0],[-109.590560833698,23.6070241249241,0],[-109.590387727973,23.6070161222565,0],[-109.590215496569,23.6070340229102,0],[-109.590119364786,23.607052664524,0],[-109.590024557132,23.607076375353,0],[-109.589994852113,23.6069943578109,0],[-109.589891021554,23.6068873614465,0],[-109.589824020972,23.6068183178847,0],[-109.589681137278,23.6067730133989,0],[-109.589553708277,23.6067056677837,0],[-109.589463963209,23.6066582378436,0],[-109.589418804447,23.6066654515144,0],[-109.589286748646,23.6065956602959,0],[-109.589224448685,23.6065544651573,0],[-109.589010368703,23.6064431099812,0],[-109.58897299532,23.6064285924665,0],[-109.58887250986,23.6063107138201,0],[-109.588639026795,23.6061913584742,0],[-109.588409294594,23.6061892696325,0],[-109.588312858405,23.6063568524579,0],[-109.588107301206,23.6064543400129,0],[-109.588048722016,23.6065078916839,0],[-109.587971443657,23.6064366547088,0],[-109.587952084395,23.6064539423433,0],[-109.587921083811,23.6064251461984,0],[-109.587876506236,23.6065213585316,0],[-109.58783172896,23.6066103515968,0],[-109.587699973272,23.606737973205,0],[-109.587670500248,23.6067606583267,0],[-109.587636210094,23.6067765891043,0],[-109.587598891615,23.6067849344802,0],[-109.5875604916,23.6067852591029,0],[-109.587523013255,23.606777546038,0],[-109.587414251569,23.6067542707378,0],[-109.587302610209,23.6067526027636,0],[-109.587261786899,23.6067517542998,0],[-109.587222361399,23.6067419577411,0],[-109.587186609419,23.6067237785635,0],[-109.58715659463,23.6066982661028,0],[-109.587134049534,23.6066668929844,0],[-109.587120275467,23.6066314701202,0],[-109.587116067487,23.606594042179,0],[-109.587102902283,23.6064716056225,0],[-109.587059554246,23.6063552344095,0],[-109.587017268979,23.6062869907758,0],[-109.586960531912,23.60622832233131,0],[-109.586891814809,23.6061817849619,0],[-109.586814111335,23.6061494060612,0],[-109.586703300078,23.6061250627974,0],[-109.586665663799,23.6061096234102,0],[-109.586632814911,23.6060867123001,0],[-109.58660646943,23.6060575263393,0],[-109.586580602671,23.6060256589793,0],[-109.586563882519,23.6059889669758,0],[-109.586557304752,23.6059496355661,0],[-109.58656126111,23.6059100071787,0],[-109.586575515957,23.6058724419269,0],[-109.586599220323,23.6058391770497,0],[-109.586633962881,23.6057861081013,0],[-109.586657621123,23.6057280907547,0],[-109.586669401685,23.6056670706183,0],[-109.586639912703,23.6056674736591,0],[-109.586629015344,23.6057220291025,0],[-109.586607785227,23.60577393670381,0],[-109.586576896224,23.6058215488168,0],[-109.586549414138,23.6058599665084,0],[-109.586532750354,23.6059033424371,0],[-109.586527880562,23.6059491369064,0],[-109.586535089903,23.6059946686097,0],[-109.586553956276,23.6060372716227,0],[-109.586583375048,23.6060744514963,0],[-109.586614128568,23.6061077133895,0],[-109.586652207402,23.6061337553882,0],[-109.586695663351,23.6061512451214,0],[-109.58680533113,23.6061753101065,0],[-109.586877414086,23.6062054398192,0],[-109.586941138591,23.6062487033094,0],[-109.586993727828,23.6063032153634,0],[-109.587032890194,23.606366600606,0],[-109.587074582893,23.6064789148399,0],[-109.587086653638,23.6065970962831,0],[-109.587092292841,23.6066401193783,0],[-109.587108711607,23.6066807281995,0],[-109.587134996322,23.6067166630683,0],[-109.58716968438,23.6067459243862,0],[-109.587210845564,23.6067668839039,0],[-109.587256189458,23.6067783753257,0],[-109.587303192893,23.60677975920901,0],[-109.58740964459,23.6067810451833,0],[-109.587513370609,23.6068031386626,0],[-109.587557402283,23.6068122004068,0],[-109.587602516788,23.6068118190223,0],[-109.587646360641,23.6068020144042,0],[-109.587686646648,23.6067832980283,0],[-109.587721273214,23.6067566462685,0],[-109.587856364767,23.6066257934413,0],[-109.587903367231,23.6065323778701,0],[-109.587930972046,23.6064727980494,0],[-109.587951677151,23.6064920308163,0],[-109.587970808984,23.6064745409888,0],[-109.588048254859,23.6065464796106,0],[-109.588124786823,23.6064765159597,0],[-109.588334511256,23.6063770520371,0],[-109.58842688874,23.6062165222422,0],[-109.588631283382,23.6062183806971,0],[-109.5888530577,23.6063317505982,0],[-109.588954571645,23.6064508357661,0],[-109.588997390353,23.6064674684943,0],[-109.5892086065,23.606577334035,0],[-109.589270824552,23.6066184750152,0],[-109.589413377207,23.6066938137997,0],[-109.58945853598,23.6066866001309,0],[-109.589539082111,23.6067291684658,0],[-109.589668932486,23.6067977937697,0],[-109.589807212219,23.6068416384734,0],[-109.589869106603,23.6069054201484,0],[-109.589968888083,23.6070082439995,0],[-109.589996486832,23.6070844460317,0],[-109.589883433997,23.6071220376439,0],[-109.589773534655,23.6071668724497,0],[-109.589760206561,23.60714526543491,0],[-109.589596737365,23.60724767047291,0],[-109.589383873701,23.6073750591065,0],[-109.58933344817,23.607454735507,0],[-109.589437898719,23.6075245920418,0],[-109.589368445552,23.6077157822999,0],[-109.589342889992,23.6077078991921,0],[-109.589333557583,23.6077335893288,0],[-109.589363745044,23.6077429012359,0],[-109.589343893785,23.6077975362912,0],[-109.589336445812,23.6078289871796,0],[-109.589336502167,23.6078611781714,0],[-109.589344060226,23.6078926067516,0],[-109.58935876722,23.6079218059898,0],[-109.589379936705,23.607947413009,0],[-109.589389818808,23.6079347496143,0],[-109.589401988993,23.6079239091473,0],[-109.589416058639,23.6079152377665,0],[-109.589402531063,23.6078985895699,0],[-109.589393161334,23.6078796685672,0],[-109.589388379333,23.6078593428517,0],[-109.589388404455,23.60783854496451,0],[-109.589393235546,23.6078182291091,0],[-109.589414870756,23.6077586719359,0],[-109.589525227452,23.6074548603303,0],[-109.589697036147,23.6073686558566,0],[-109.589720450605,23.6073726469614,0],[-109.589744218452,23.6073713164122,0],[-109.589766936423,23.607364742765,0],[-109.589787263238,23.6073533141311,0],[-109.589803998791,23.6073377052626,0],[-109.58981615501,23.6073188377142,0],[-109.589856052618,23.6073006473496,0],[-109.589860262232,23.6073095615951,0],[-109.589926354959,23.6072815080403,0],[-109.590084633687,23.60722947813951,0],[-109.590248152087,23.6071937664489,0],[-109.590440629695,23.6071783948,0],[-109.590632183003,23.6072015833926,0],[-109.590813821588,23.6072622438941,0],[-109.590976657455,23.6073271602715,0],[-109.591145486839,23.6073774213091,0],[-109.591318760502,23.6074125657892,0],[-109.591494888415,23.6074322712086,0],[-109.591672254358,23.6074363567394,0],[-109.591849230743,23.607424784888,0],[-109.592024193561,23.6073976618395,0],[-109.592216570025,23.607365350018,0],[-109.592410897154,23.6073452626314,0],[-109.592606261281,23.6073374941271,0],[-109.592801743861,23.607342081033,0],[-109.592996425796,23.6073590017853,0],[-109.593182960472,23.6073709514639,0],[-109.593369726009,23.6073626076473,0],[-109.593554131434,23.607334086084,0],[-109.593733618519,23.6072857824452,0],[-109.593905697273,23.6072183668357,0],[-109.594067980489,23.6071327744971,0],[-109.594218216861,23.6070301928317,0],[-109.594354322221,23.6069120449294,0],[-109.594474408452,23.6067799698236,0],[-109.594528180948,23.6068472193637,0]]]},"id":51},{"type":"Feature","properties":{"Name":"MIA-R-DTCP-25","description":"null","timestamp":"null","begin":"null","end":"null","altitudeMode":"null","tessellate":1,"extrude":0,"visibility":-1,"drawOrder":"null","icon":"null"},"geometry":{"type":"Polygon","coordinates":[[[-109.588973218826,23.606428801182,0],[-109.58901059221,23.6064433186966,0],[-109.589224672192,23.6065546738725,0],[-109.589286972153,23.606595869011,0],[-109.589419027954,23.6066656602293,0],[-109.589464186716,23.6066584465584,0],[-109.589553931785,23.6067058764984,0],[-109.589681360786,23.6067732221135,0],[-109.58982424448,23.606818526599,0],[-109.589891245062,23.6068875701608,0],[-109.589995075622,23.6069945665251,0],[-109.590024754685,23.6070765124015,0],[-109.590119546381,23.60705280695,0],[-109.590215661695,23.6070341689785,0],[-109.590387893142,23.6070162682952,0],[-109.590560998917,23.6070242709474,0],[-109.590730421425,23.60705796624301,0],[-109.590891700042,23.6071164670436,0],[-109.591064146707,23.6071837134754,0],[-109.591243658553,23.6072328108369,0],[-109.59142799409,23.6072631460654,0],[-109.591614851595,23.6072743403726,0],[-109.591801897845,23.6072662539754,0],[-109.591986797263,23.6072389878418,0],[-109.592156857169,23.6072094979665,0],[-109.592328467392,23.6071890077138,0],[-109.592501067546,23.6071775839954,0],[-109.592674094017,23.6071752641165,0],[-109.592846981794,23.6071820556542,0],[-109.593019166323,23.6071979364329,0],[-109.593210090414,23.6072085949776,0],[-109.593400824832,23.6071953632202,0],[-109.593587865295,23.6071584842573,0],[-109.593767775392,23.6070986356447,0],[-109.593937249729,23.6070169169491,0],[-109.594093174653,23.6069148295445,0],[-109.594232685469,23.6067942490263,0],[-109.594353219067,23.6066573907498,0],[-109.594209736043,23.6065444805073,0],[-109.594048184489,23.6064546557489,0],[-109.593872893915,23.6063903237163,0],[-109.593688562006,23.6063532084585,0],[-109.593517892351,23.6063189314006,0],[-109.593354332742,23.6062624260837,0],[-109.593201273253,23.6061848636919,0],[-109.593061886305,23.6060878518544,0],[-109.592939060914,23.6059734013216,0],[-109.592848368796,23.6060260963399,0],[-109.59277007204,23.6060501157082,0],[-109.592531970321,23.6061005682886,0],[-109.592280838281,23.6061537811721,0],[-109.592028233267,23.60620805680101,0],[-109.591894050938,23.6062284820751,0],[-109.591795698478,23.6062311615402,0],[-109.591697642131,23.6062236405115,0],[-109.591453261242,23.6062075758005,0],[-109.591208879942,23.6061915106753,0],[-109.590964498723,23.606175445168,0],[-109.590837278055,23.6061412394962,0],[-109.590735818997,23.6061139602317,0],[-109.590710057459,23.6061070337231,0],[-109.590635026975,23.6060845743529,0],[-109.590475867377,23.6060369319165,0],[-109.590241677562,23.6059668297677,0],[-109.590007488014,23.6058967272768,0],[-109.589773298732,23.6058266244439,0],[-109.589539109718,23.6057565212688,0],[-109.589438837252,23.6057265051364,0],[-109.589298955063,23.6057095493931,0],[-109.58905605678,23.6056801063022,0],[-109.588813158627,23.6056506628362,0],[-109.588718202815,23.6056391524398,0],[-109.588569431417,23.6056411793992,0],[-109.588324467651,23.6056445166356,0],[-109.588079503895,23.6056478534847,0],[-109.587834540147,23.6056511899466,0],[-109.58758957641,23.6056545260212,0],[-109.587344612681,23.6056578617085,0],[-109.587007134396,23.6056624564253,0],[-109.586669708533,23.6056670665996,0],[-109.586658060974,23.6057278291994,0],[-109.586634635641,23.6057856333093,0],[-109.58660021113,23.6058385576343,0],[-109.586576177953,23.6058718381364,0],[-109.586561653679,23.6059095068594,0],[-109.586557511172,23.6059493000475,0],[-109.586563999392,23.6059888262702,0],[-109.586580728428,23.6060257101385,0],[-109.586606692931,23.606057735058,0],[-109.586632881679,23.6060867829106,0],[-109.586665514093,23.6061096285101,0],[-109.586702903249,23.6061250908569,0],[-109.586813678977,23.6061494149784,0],[-109.586891436131,23.6061816697582,0],[-109.586960234504,23.6062280949701,0],[-109.587017077349,23.6062866684132,0],[-109.587059488667,23.6063548387272,0],[-109.587103475134,23.6064731144262,0],[-109.587116277249,23.6065975850874,0],[-109.587121037694,23.6066337548229,0],[-109.587134738398,23.6066679322611,0],[-109.587156637909,23.6066982677817,0],[-109.587185551072,23.6067231196808,0],[-109.58721991316,23.606741143017,0],[-109.587257864559,23.6067513623984,0],[-109.587297351404,23.6067532247693,0],[-109.587411712012,23.6067541171931,0],[-109.587523178567,23.6067776920776,0],[-109.587560656911,23.6067854051424,0],[-109.587599056927,23.6067850805197,0],[-109.587636375405,23.6067767351438,0],[-109.58767066556,23.6067608043661,0],[-109.587700138583,23.6067381192444,0],[-109.587831894271,23.6066104976361,0],[-109.587876671547,23.6065215045708,0],[-109.587921249122,23.6064252922376,0],[-109.587952249706,23.6064540883824,0],[-109.58797160399,23.6064368051931,0],[-109.588048945521,23.6065081004006,0],[-109.58810752471,23.6064545487296,0],[-109.58831308191,23.6063570611743,0],[-109.588409518099,23.6061894783488,0],[-109.5886392503,23.6061915671902,0],[-109.588872733366,23.6063109225357,0],[-109.588973218826,23.606428801182,0]]]},"id":52}]}